Date (GMT+1);Non-Renewable;Renewable;Day Ahead Auction (DK1);Day Ahead Auction (DK2)
2025-01-01T00:00+01:00;222.89;6481.09;2.16;2.54
2025-01-01T01:00+01:00;216.24;5931.21;1.6;1.93
2025-01-01T02:00+01:00;213.16;5280.81;1.63;1.93
2025-01-01T03:00+01:00;213.11;5189.57;1.09;1.43
2025-01-01T04:00+01:00;211.72;5435.5;0.47;1.04
2025-01-01T05:00+01:00;208.92;5283.63;0;2.28
2025-01-01T06:00+01:00;214.97;5464.59;0.76;1.15
2025-01-01T07:00+01:00;222.215;5409.955;0.79;1.35
2025-01-01T08:00+01:00;221.41;5869.62;1.89;2.26
2025-01-01T09:00+01:00;220.71;5844.18;2.12;2.54
2025-01-01T10:00+01:00;220.285;5630.995;3.54;3.54
2025-01-01T11:00+01:00;218.59;5089.52;3.7;3.7
2025-01-01T12:00+01:00;217.14;4993.07;3.75;3.75
2025-01-01T13:00+01:00;241.41;5351.51;3.81;3.81
2025-01-01T14:00+01:00;252.43;5521.54;5.37;5.37
2025-01-01T15:00+01:00;266.15;5777.9;12.28;12.28
2025-01-01T16:00+01:00;345.965;5765.065;19.72;19.4
2025-01-01T17:00+01:00;385.225;5515.235;22.18;21.63
2025-01-01T18:00+01:00;349.61;5214.81;17.44;17.03
2025-01-01T19:00+01:00;266.885;4963.555;10.2;10.13
2025-01-01T20:00+01:00;265.225;4338.995;8;8
2025-01-01T21:00+01:00;258.86;3995.78;6.73;6.73
2025-01-01T22:00+01:00;253.32;3963.84;10.05;9.84
2025-01-01T23:00+01:00;255.925;4053.255;7.01;7.01
2025-01-02T00:00+01:00;259.655;3786.745;2.83;2.84
2025-01-02T01:00+01:00;260.015;3863.045;2.7;2.7
2025-01-02T02:00+01:00;259.15;4314.56;3.57;3.57
2025-01-02T03:00+01:00;262.31;4489.52;7.02;6.89
2025-01-02T04:00+01:00;326.09;3944.83;12.75;12.75
2025-01-02T05:00+01:00;394.945;3941.155;30.07;22.65
2025-01-02T06:00+01:00;509.11;4103.18;67.13;50.96
2025-01-02T07:00+01:00;793.685;3938.145;98.83;98.83
2025-01-02T08:00+01:00;835.895;3492.875;121.53;121.53
2025-01-02T09:00+01:00;838.39;3352.54;127.23;127.23
2025-01-02T10:00+01:00;837.36;3669.59;124.53;124.53
2025-01-02T11:00+01:00;807.585;4172.445;111.58;111.58
2025-01-02T12:00+01:00;765.4;4483.7;100.4;100.4
2025-01-02T13:00+01:00;730.515;4574.625;105.1;105.49
2025-01-02T14:00+01:00;725.255;4608.755;111.21;111.79
2025-01-02T15:00+01:00;755.63;4426.73;126.18;126.79
2025-01-02T16:00+01:00;762.975;4460.475;135.26;135.27
2025-01-02T17:00+01:00;775.17;4761.16;149.73;149.78
2025-01-02T18:00+01:00;764.52;4958.56;145.27;145.92
2025-01-02T19:00+01:00;776.235;4847.015;107.37;107.37
2025-01-02T20:00+01:00;851.15;4509.87;102.6;102.61
2025-01-02T21:00+01:00;736.835;4226.735;77.94;77.94
2025-01-02T22:00+01:00;724.875;3845.905;65.66;61.5
2025-01-02T23:00+01:00;709.83;3458.89;49.77;48.89
2025-01-03T00:00+01:00;661.37;3610.4;42.69;42.69
2025-01-03T01:00+01:00;542.055;4164.935;38.13;38.13
2025-01-03T02:00+01:00;499;4875.94;35.21;35.21
2025-01-03T03:00+01:00;459.77;5697.1;33.43;33.43
2025-01-03T04:00+01:00;452.41;6258.39;28.73;30.08
2025-01-03T05:00+01:00;452.935;6332.785;31.28;30.85
2025-01-03T06:00+01:00;510.19;6381.53;38.44;38.44
2025-01-03T07:00+01:00;604.565;6387.365;52.12;52.09
2025-01-03T08:00+01:00;587.22;6345.61;80.28;80.51
2025-01-03T09:00+01:00;511.41;6263.67;75.01;79.42
2025-01-03T10:00+01:00;507.81;6151.95;75.43;75.69
2025-01-03T11:00+01:00;475.13;6602.74;62.36;67.54
2025-01-03T12:00+01:00;420.65;6971.02;53.89;54.32
2025-01-03T13:00+01:00;420.125;6979.545;52.39;52.8
2025-01-03T14:00+01:00;479;6678.67;53.65;53.75
2025-01-03T15:00+01:00;573.425;6269.515;72.38;72.89
2025-01-03T16:00+01:00;734.98;5904.58;100.31;100.47
2025-01-03T17:00+01:00;816.245;5620.925;105.43;105.79
2025-01-03T18:00+01:00;906.145;5231.775;108.09;108.51
2025-01-03T19:00+01:00;894.375;4768.325;100.36;100.69
2025-01-03T20:00+01:00;745.18;4455.27;81.78;82.76
2025-01-03T21:00+01:00;695.92;4232.04;80.49;80.72
2025-01-03T22:00+01:00;614.335;3901.755;67.12;67.13
2025-01-03T23:00+01:00;612.695;3305.365;74.95;67.76
2025-01-04T00:00+01:00;590.04;2848.05;90.43;60.59
2025-01-04T01:00+01:00;672.505;2516.605;90.29;81.97
2025-01-04T02:00+01:00;638.04;2223.94;90.2;90.2
2025-01-04T03:00+01:00;749.785;2042.065;91.52;91.53
2025-01-04T04:00+01:00;811.38;1922.79;95.95;95.95
2025-01-04T05:00+01:00;821.015;1896.485;102.11;102.11
2025-01-04T06:00+01:00;870.635;2174.365;110.66;110.66
2025-01-04T07:00+01:00;976.345;2347.945;119.96;119.96
2025-01-04T08:00+01:00;1049.52;2555.44;128.39;128.39
2025-01-04T09:00+01:00;1066.585;2764.885;130.75;130.75
2025-01-04T10:00+01:00;1079.41;2950.14;130.34;130.35
2025-01-04T11:00+01:00;1071.825;3308.405;128.29;128.29
2025-01-04T12:00+01:00;1060.355;3259.975;130.03;130.03
2025-01-04T13:00+01:00;1040.9;3339.17;129.85;129.85
2025-01-04T14:00+01:00;1070.915;3221.485;136.4;136.4
2025-01-04T15:00+01:00;1089.495;3203.905;138.72;138.73
2025-01-04T16:00+01:00;1137.425;3049.725;142;142.01
2025-01-04T17:00+01:00;1139.4;2856.88;151.24;151.24
2025-01-04T18:00+01:00;1143.525;2631.515;143.85;143.86
2025-01-04T19:00+01:00;1147.21;2481.33;137.96;137.97
2025-01-04T20:00+01:00;1125.745;2318.245;129.49;129.5
2025-01-04T21:00+01:00;1029.595;2437.475;122.83;122.85
2025-01-04T22:00+01:00;979.825;2362.485;118.29;118.29
2025-01-04T23:00+01:00;974.995;2314.955;109.49;109.5
2025-01-05T00:00+01:00;950.325;2259.555;113.84;113.85
2025-01-05T01:00+01:00;953.885;2089.365;100.33;100.33
2025-01-05T02:00+01:00;915.265;1910.965;93.61;93.61
2025-01-05T03:00+01:00;923.04;1869.39;93.87;93.88
2025-01-05T04:00+01:00;1022.73;1853;89.38;89.39
2025-01-05T05:00+01:00;1064.96;1901.84;83.55;83.55
2025-01-05T06:00+01:00;940.99;1955.83;83.92;83.93
2025-01-05T07:00+01:00;938.075;2137.445;82.53;81.52
2025-01-05T08:00+01:00;907;2451.35;84.05;85.07
2025-01-05T09:00+01:00;849.09;2805.14;88.1;89.16
2025-01-05T10:00+01:00;784.62;2819.53;82.95;83.93
2025-01-05T11:00+01:00;856.675;2815.955;88.82;89.6
2025-01-05T12:00+01:00;844.455;2910.385;81.66;82.34
2025-01-05T13:00+01:00;788.6;2959.33;77.53;78.4
2025-01-05T14:00+01:00;711.77;2930.47;68;68
2025-01-05T15:00+01:00;662.275;3358.155;50.64;51.82
2025-01-05T16:00+01:00;695.755;4097.075;49.91;51.03
2025-01-05T17:00+01:00;742.125;4763.755;63.39;66.38
2025-01-05T18:00+01:00;688.82;5232.77;61.83;63.84
2025-01-05T19:00+01:00;669.115;5697.025;50.65;51.28
2025-01-05T20:00+01:00;618.56;5965.49;36.85;36.85
2025-01-05T21:00+01:00;585.535;6212.015;36.72;36.86
2025-01-05T22:00+01:00;574.86;6461.79;34.68;34.61
2025-01-05T23:00+01:00;537.8;6502.36;28.14;28.14
2025-01-06T00:00+01:00;437.96;6337.65;27.52;27.52
2025-01-06T01:00+01:00;363.045;6102.905;19.26;23.76
2025-01-06T02:00+01:00;297.63;5852.27;11.35;19.62
2025-01-06T03:00+01:00;293.7;5576.44;9.2;16.76
2025-01-06T04:00+01:00;288.165;5286.805;10;15.56
2025-01-06T05:00+01:00;292.315;5349.195;14.81;14.88
2025-01-06T06:00+01:00;338.855;5572.835;23.82;25.01
2025-01-06T07:00+01:00;488.205;5492.715;31.72;30.53
2025-01-06T08:00+01:00;543.2;5628.07;39.58;40.58
2025-01-06T09:00+01:00;531.215;5895.335;36.08;36.2
2025-01-06T10:00+01:00;533.23;6108.27;34.69;34.69
2025-01-06T11:00+01:00;523.995;6077.535;32.83;32.83
2025-01-06T12:00+01:00;519.7;6091.64;31.28;31.28
2025-01-06T13:00+01:00;517.9;6196.01;28.6;28.6
2025-01-06T14:00+01:00;516.745;6376.355;25.61;25.6
2025-01-06T15:00+01:00;519.44;6539.36;26.32;26.32
2025-01-06T16:00+01:00;496.735;6522.795;26.87;26.87
2025-01-06T17:00+01:00;540.14;6544.99;31.66;31.67
2025-01-06T18:00+01:00;562.31;6518.24;31.58;31.59
2025-01-06T19:00+01:00;547.6;6616.41;28.01;27.93
2025-01-06T20:00+01:00;452.075;6729.615;24.86;23.08
2025-01-06T21:00+01:00;398.15;6686.36;13.82;13.65
2025-01-06T22:00+01:00;378.135;6599.855;20.42;15.49
2025-01-06T23:00+01:00;334.55;6365.94;10.11;8.27
2025-01-07T00:00+01:00;266.64;6037.22;13.6;10.61
2025-01-07T01:00+01:00;289.525;5873.915;8.71;8.71
2025-01-07T02:00+01:00;295.845;5706.675;8.9;5.3
2025-01-07T03:00+01:00;292.515;5558.115;5.01;5.01
2025-01-07T04:00+01:00;301.83;5434.03;5.13;5.13
2025-01-07T05:00+01:00;354.545;5401.935;5.8;5.8
2025-01-07T06:00+01:00;501.96;5441.45;44.81;28.08
2025-01-07T07:00+01:00;575.06;5786.73;38.03;36.01
2025-01-07T08:00+01:00;606.09;6031.04;37.2;37.23
2025-01-07T09:00+01:00;633.455;5967.365;35.01;35.01
2025-01-07T10:00+01:00;717.15;6262.09;34.27;34.27
2025-01-07T11:00+01:00;718.04;6503.35;34.65;34.65
2025-01-07T12:00+01:00;709.185;6752.745;33.33;33.33
2025-01-07T13:00+01:00;721.12;6750.87;33.27;33.27
2025-01-07T14:00+01:00;725.825;6590.795;33.28;33.28
2025-01-07T15:00+01:00;714.085;6421.585;33.25;33.25
2025-01-07T16:00+01:00;739.255;6402.975;35.05;35.04
2025-01-07T17:00+01:00;651.365;6430.955;38.45;44.26
2025-01-07T18:00+01:00;595.27;6416.73;35.01;35.01
2025-01-07T19:00+01:00;582.115;6474.465;33.18;33.53
2025-01-07T20:00+01:00;545.955;6455.195;25.2;23.25
2025-01-07T21:00+01:00;449.705;6402.265;20.02;22.43
2025-01-07T22:00+01:00;368.535;6344.555;22.6;23.22
2025-01-07T23:00+01:00;328.845;6070.285;37.18;12.42
2025-01-08T00:00+01:00;346.405;6467.645;20.5;13.18
2025-01-08T01:00+01:00;363.335;6530.705;23.34;13.66
2025-01-08T02:00+01:00;363.79;6439.23;23.93;23.26
2025-01-08T03:00+01:00;360.205;6341.455;23.07;17.88
2025-01-08T04:00+01:00;380.04;6232.05;26.38;21.49
2025-01-08T05:00+01:00;441.435;6210.555;28.46;23.9
2025-01-08T06:00+01:00;515.245;6155.905;30.99;26.37
2025-01-08T07:00+01:00;661.36;6063.25;46.5;45.43
2025-01-08T08:00+01:00;709.265;5982.765;58.98;61.72
2025-01-08T09:00+01:00;725.245;5902.965;67.11;67.11
2025-01-08T10:00+01:00;783.36;5734.75;71.35;69.87
2025-01-08T11:00+01:00;802.27;5673.46;74.06;70.81
2025-01-08T12:00+01:00;624.1;5729.5;72.66;69.13
2025-01-08T13:00+01:00;597.735;5816.725;77.98;74.06
2025-01-08T14:00+01:00;679.435;5692.835;85;80.76
2025-01-08T15:00+01:00;852.625;5519.175;105.4;104.99
2025-01-08T16:00+01:00;988.23;5467.79;125.52;132.17
2025-01-08T17:00+01:00;1161.855;5394.885;152.78;153.42
2025-01-08T18:00+01:00;1047.035;5269.165;149.23;146.85
2025-01-08T19:00+01:00;1030.72;5040.62;145.26;143.8
2025-01-08T20:00+01:00;982.98;4796.03;118.3;110.91
2025-01-08T21:00+01:00;873.42;4506.76;100.68;95.01
2025-01-08T22:00+01:00;784.75;4101.69;91.91;75.72
2025-01-08T23:00+01:00;781.595;3647.355;91.41;51.3
2025-01-09T00:00+01:00;796.33;3241.66;101.44;70.19
2025-01-09T01:00+01:00;805.595;2994.505;100;100
2025-01-09T02:00+01:00;801.51;2730.39;98.77;98.77
2025-01-09T03:00+01:00;798.745;2313.955;95.22;95.21
2025-01-09T04:00+01:00;806.735;1982.165;98.28;98.28
2025-01-09T05:00+01:00;869.995;1589.545;102.65;102.65
2025-01-09T06:00+01:00;1051.25;1508.27;133.54;133.54
2025-01-09T07:00+01:00;1216.995;1330.025;148.8;148.81
2025-01-09T08:00+01:00;1188.865;1195.245;164.88;164.88
2025-01-09T09:00+01:00;1225.635;1331.355;156.15;156.15
2025-01-09T10:00+01:00;1247.365;1378.305;147.64;147.65
2025-01-09T11:00+01:00;1216.81;1488.79;140.21;140.21
2025-01-09T12:00+01:00;1210.94;1594.56;128.18;128.19
2025-01-09T13:00+01:00;1216.215;1565.685;121.15;121.15
2025-01-09T14:00+01:00;1227.27;1300.42;123.95;123.96
2025-01-09T15:00+01:00;1189.31;1030.26;127.86;129.35
2025-01-09T16:00+01:00;1249.11;942.95;127.36;130.85
2025-01-09T17:00+01:00;1174.035;947.835;132.17;133.99
2025-01-09T18:00+01:00;1162.445;988.325;136.08;137.79
2025-01-09T19:00+01:00;1167.635;1052.625;129.44;125.44
2025-01-09T20:00+01:00;1102.44;1159.18;119.23;119.23
2025-01-09T21:00+01:00;956.075;1216.815;104.99;104.99
2025-01-09T22:00+01:00;915.65;1164.43;101.1;101.1
2025-01-09T23:00+01:00;853.385;1196.715;88.19;88.19
2025-01-10T00:00+01:00;797.515;1264.655;84.79;84.79
2025-01-10T01:00+01:00;704.055;1182.275;80.23;80.23
2025-01-10T02:00+01:00;728.905;1193.215;71.29;71.29
2025-01-10T03:00+01:00;790.27;1341.75;69.05;69.05
2025-01-10T04:00+01:00;675.22;1332.45;69.89;69.89
2025-01-10T05:00+01:00;708.09;1496.5;83.9;83.9
2025-01-10T06:00+01:00;876.155;1640.515;99.09;99.09
2025-01-10T07:00+01:00;1130.805;1673.545;123.92;123.92
2025-01-10T08:00+01:00;1172.39;1724.19;139.47;139.47
2025-01-10T09:00+01:00;1177.27;1815.02;136.92;136.92
2025-01-10T10:00+01:00;1144.315;2192.435;123.57;123.57
2025-01-10T11:00+01:00;1072.21;2711.86;113.59;113.59
2025-01-10T12:00+01:00;892.03;3265.77;107.43;107.76
2025-01-10T13:00+01:00;874.035;3528.755;105.01;104.69
2025-01-10T14:00+01:00;892.57;3864.11;110.01;110.02
2025-01-10T15:00+01:00;931.78;4051.75;128.69;128.69
2025-01-10T16:00+01:00;1023.95;4142.3;134.87;134.87
2025-01-10T17:00+01:00;1030.52;4322.04;142.56;142.56
2025-01-10T18:00+01:00;981.805;4480.445;144.12;144.11
2025-01-10T19:00+01:00;986.225;4186.915;141.05;141.05
2025-01-10T20:00+01:00;1144.335;4322.055;128.81;134.82
2025-01-10T21:00+01:00;834.205;4499.785;109.7;94.42
2025-01-10T22:00+01:00;899.28;4505.46;116.33;75.18
2025-01-10T23:00+01:00;939.66;4354.19;109.88;54
2025-01-11T00:00+01:00;821.79;4314.3;99.31;61.05
2025-01-11T01:00+01:00;666.29;4230.14;101.64;48.21
2025-01-11T02:00+01:00;637.765;4216.425;94.42;44.3
2025-01-11T03:00+01:00;635.79;4186.01;89.45;39.37
2025-01-11T04:00+01:00;663.195;4099.495;76.26;36.45
2025-01-11T05:00+01:00;700.585;4057.785;67.1;29.65
2025-01-11T06:00+01:00;744.495;4258.125;77.14;41.04
2025-01-11T07:00+01:00;762.345;4441.965;94.68;53.62
2025-01-11T08:00+01:00;753.705;4686.705;107.65;67.47
2025-01-11T09:00+01:00;687.07;4976.79;103.14;64.36
2025-01-11T10:00+01:00;675.015;5412.925;101.13;58.18
2025-01-11T11:00+01:00;657.14;5809.16;91.06;55.75
2025-01-11T12:00+01:00;644.135;6114.845;91.06;56.08
2025-01-11T13:00+01:00;632.375;6034.865;91.03;45.22
2025-01-11T14:00+01:00;632.39;5727.54;89.3;49.62
2025-01-11T15:00+01:00;697.4;5025.88;102.56;69.38
2025-01-11T16:00+01:00;875.71;4656.25;112.12;88.13
2025-01-11T17:00+01:00;928.355;4745.585;119.8;119.8
2025-01-11T18:00+01:00;942.085;4394.945;122.34;122.34
2025-01-11T19:00+01:00;1110.355;4229.945;114.85;100.12
2025-01-11T20:00+01:00;986.235;3969.155;108.1;82.71
2025-01-11T21:00+01:00;870.985;3822.235;104.8;73
2025-01-11T22:00+01:00;724.96;3597.62;103.07;69.28
2025-01-11T23:00+01:00;661.345;3626.005;105.69;67
2025-01-12T00:00+01:00;592.96;3568.48;83.58;41.02
2025-01-12T01:00+01:00;592.45;3430.38;83.79;40.39
2025-01-12T02:00+01:00;595.47;3356.27;86.75;42.92
2025-01-12T03:00+01:00;595.415;3225.065;84.2;39.37
2025-01-12T04:00+01:00;603.245;3123.555;85;38.41
2025-01-12T05:00+01:00;661.015;2993.635;83.75;48.09
2025-01-12T06:00+01:00;732.545;2878.445;85.9;65.77
2025-01-12T07:00+01:00;834.735;2732.425;101.75;101.75
2025-01-12T08:00+01:00;979.855;2508.795;114.67;114.67
2025-01-12T09:00+01:00;1034.395;2527.945;120.07;120.07
2025-01-12T10:00+01:00;1011.465;2824.125;117.77;117.77
2025-01-12T11:00+01:00;951.765;3035.895;105.61;105.61
2025-01-12T12:00+01:00;920.56;2915.25;102.99;102.99
2025-01-12T13:00+01:00;885.395;2721.005;99.61;99.61
2025-01-12T14:00+01:00;915.555;2312.895;104.74;104.74
2025-01-12T15:00+01:00;974.34;1650.25;118.7;118.7
2025-01-12T16:00+01:00;1082.23;1314.68;132.92;132.92
2025-01-12T17:00+01:00;1179.645;1195.475;141;141
2025-01-12T18:00+01:00;1135.03;1103.9;146.66;146.66
2025-01-12T19:00+01:00;1172.495;1035.795;143.66;143.66
2025-01-12T20:00+01:00;1210.835;948.025;134.86;134.86
2025-01-12T21:00+01:00;1068.195;937.065;127.49;127.49
2025-01-12T22:00+01:00;1102.28;1030.26;121.2;121.2
2025-01-12T23:00+01:00;980.32;1231.3;114.9;114.9
2025-01-13T00:00+01:00;811.215;1584.575;112.39;112.39
2025-01-13T01:00+01:00;705.305;2130.795;105.07;105.07
2025-01-13T02:00+01:00;702.145;2639.295;104.46;104.46
2025-01-13T03:00+01:00;691.305;2877.255;100.37;100.37
2025-01-13T04:00+01:00;717.72;3132.36;90.51;96.53
2025-01-13T05:00+01:00;731.255;3454.275;59.66;91.85
2025-01-13T06:00+01:00;769.06;3512.22;85.14;129.7
2025-01-13T07:00+01:00;946.41;3692.87;122;181.92
2025-01-13T08:00+01:00;1009.625;3882.575;152.85;223.09
2025-01-13T09:00+01:00;1009.45;4220.5;115.15;174.1
2025-01-13T10:00+01:00;879.21;4599.75;92.01;125.6
2025-01-13T11:00+01:00;838.295;5201.205;67.44;99.08
2025-01-13T12:00+01:00;820.96;5362.08;57.19;83.96
2025-01-13T13:00+01:00;793.555;5601.545;56.22;82.57
2025-01-13T14:00+01:00;733.24;5842.96;62.57;86.72
2025-01-13T15:00+01:00;647.62;6148.17;56.71;100.89
2025-01-13T16:00+01:00;613.335;6343.995;64.67;107.27
2025-01-13T17:00+01:00;597.56;6512.18;67.1;111.77
2025-01-13T18:00+01:00;675.71;6568.77;50.15;99.38
2025-01-13T19:00+01:00;604.27;6498.25;40.39;71.08
2025-01-13T20:00+01:00;603.645;6471.405;24.72;29.43
2025-01-13T21:00+01:00;533.895;6457.985;22.88;16.73
2025-01-13T22:00+01:00;616.51;6430.45;21.09;3.7
2025-01-13T23:00+01:00;519.125;6156.095;17.77;3.68
2025-01-14T00:00+01:00;471.885;6260.565;36.91;12.17
2025-01-14T01:00+01:00;464.895;6154.185;40;9.28
2025-01-14T02:00+01:00;475.9;5950.48;41.6;5
2025-01-14T03:00+01:00;483.68;5787.33;42.25;3.69
2025-01-14T04:00+01:00;475.29;5735.71;40.22;3.69
2025-01-14T05:00+01:00;462.39;5593.34;46.21;3.7
2025-01-14T06:00+01:00;479.52;5646.38;50.4;23
2025-01-14T07:00+01:00;457.54;5858.8;60.29;55
2025-01-14T08:00+01:00;432.195;5961.015;68.51;95.82
2025-01-14T09:00+01:00;464.115;5707.435;63.02;103.24
2025-01-14T10:00+01:00;478.485;5725.675;55.11;79.23
2025-01-14T11:00+01:00;487.74;5704.85;56.13;75.63
2025-01-14T12:00+01:00;496.31;5783.99;48.23;62.37
2025-01-14T13:00+01:00;502.545;5922.275;52.19;55
2025-01-14T14:00+01:00;501.26;5684.19;60.4;47
2025-01-14T15:00+01:00;525.685;5542.995;56.99;42.6
2025-01-14T16:00+01:00;539.315;5397.655;69.46;103.29
2025-01-14T17:00+01:00;549.195;5337.275;73.89;125.91
2025-01-14T18:00+01:00;544.5;5557.54;69.86;117.18
2025-01-14T19:00+01:00;515.98;5510.32;62.03;93.64
2025-01-14T20:00+01:00;488.445;5403.985;58.94;42.52
2025-01-14T21:00+01:00;465.53;5170.32;59.42;30.09
2025-01-14T22:00+01:00;457.625;4953.785;58.84;25.67
2025-01-14T23:00+01:00;477.09;4404.16;68.84;27.16
2025-01-15T00:00+01:00;503.8;4040.22;62.03;78.05
2025-01-15T01:00+01:00;508.225;3661.345;63.3;79.99
2025-01-15T02:00+01:00;514.7;3355.36;64.83;72.76
2025-01-15T03:00+01:00;502.855;3166.785;77.54;58.32
2025-01-15T04:00+01:00;533.85;3042.96;105.35;64.99
2025-01-15T05:00+01:00;642.65;2750.86;114.92;114.93
2025-01-15T06:00+01:00;858.34;2382.07;133.49;134.04
2025-01-15T07:00+01:00;946.665;2342.285;191.79;191.79
2025-01-15T08:00+01:00;1085.81;2088.07;307.24;307.25
2025-01-15T09:00+01:00;1174.025;1569.585;315.02;315.03
2025-01-15T10:00+01:00;1300.35;1623.95;311.03;311.03
2025-01-15T11:00+01:00;1245.84;1673.02;304.8;304.81
2025-01-15T12:00+01:00;1105.545;1917.545;311.02;311.03
2025-01-15T13:00+01:00;1117.935;2062.095;309.34;309.35
2025-01-15T14:00+01:00;1117.87;2263.04;285.83;285.83
2025-01-15T15:00+01:00;1132.61;2588.08;262.48;287.79
2025-01-15T16:00+01:00;1179.7;2875.52;260.47;333.52
2025-01-15T17:00+01:00;1210.475;3058.655;295.25;377.99
2025-01-15T18:00+01:00;1128.695;3206.945;270.02;324.74
2025-01-15T19:00+01:00;1142.255;3064.665;223.25;270.09
2025-01-15T20:00+01:00;1068.39;2891.23;171.24;175.03
2025-01-15T21:00+01:00;919.42;3087.05;129.3;140.63
2025-01-15T22:00+01:00;807.735;3096.055;133.49;138.42
2025-01-15T23:00+01:00;729.46;3261.55;88.55;111.28
2025-01-16T00:00+01:00;662.635;3516.135;124.82;125.74
2025-01-16T01:00+01:00;668.435;3359.775;110.78;115.09
2025-01-16T02:00+01:00;710.01;3541.53;96.07;104.57
2025-01-16T03:00+01:00;620.965;3727.975;58.61;83.79
2025-01-16T04:00+01:00;699.415;3677.795;58.25;82.93
2025-01-16T05:00+01:00;705.775;3483.735;67.1;93.39
2025-01-16T06:00+01:00;822.085;3360.915;102.66;117.58
2025-01-16T07:00+01:00;853.515;3766.365;125.79;149.8
2025-01-16T08:00+01:00;838.255;4018.605;150.1;177.3
2025-01-16T09:00+01:00;992.065;4039.425;141.92;160.24
2025-01-16T10:00+01:00;834.72;3951.2;119;137.3
2025-01-16T11:00+01:00;920.785;4147.435;74.01;111.06
2025-01-16T12:00+01:00;906.95;4214.21;70.54;104.16
2025-01-16T13:00+01:00;722.015;4353.205;67.97;101.75
2025-01-16T14:00+01:00;747.72;4266.94;70.47;106.38
2025-01-16T15:00+01:00;844.97;3911.44;86.85;125.72
2025-01-16T16:00+01:00;889.415;4030.915;135.08;151.56
2025-01-16T17:00+01:00;969.8;4021.39;161;172.6
2025-01-16T18:00+01:00;983.055;4358.095;159.53;173.32
2025-01-16T19:00+01:00;857.65;4399.81;88.52;139.87
2025-01-16T20:00+01:00;778.785;4530.815;76.59;122.17
2025-01-16T21:00+01:00;731.615;4667.745;69.55;109.2
2025-01-16T22:00+01:00;682.66;4718.62;68.85;104.69
2025-01-16T23:00+01:00;664.57;4800.78;63.49;96.71
2025-01-17T00:00+01:00;599.355;4549.245;55.59;80.53
2025-01-17T01:00+01:00;605.425;4384.325;57.74;87.08
2025-01-17T02:00+01:00;556.21;4136.73;60.49;86.24
2025-01-17T03:00+01:00;546.96;4102.94;60.47;85.98
2025-01-17T04:00+01:00;586.32;4003.18;64.06;87.64
2025-01-17T05:00+01:00;595.175;3912.045;69.94;93.55
2025-01-17T06:00+01:00;776.36;4008.37;94.87;119.34
2025-01-17T07:00+01:00;795.655;4085.595;108.52;144.34
2025-01-17T08:00+01:00;831.175;4122.465;105.95;166.47
2025-01-17T09:00+01:00;1076.465;4388.985;96.6;146.91
2025-01-17T10:00+01:00;760.72;4674.25;77.67;129.77
2025-01-17T11:00+01:00;682.4;4721.58;69.43;115.67
2025-01-17T12:00+01:00;801.02;4712.41;64.82;104.78
2025-01-17T13:00+01:00;620.42;4706.59;63.76;102.85
2025-01-17T14:00+01:00;610.855;4731.115;67.79;109.62
2025-01-17T15:00+01:00;908.395;4438.425;74.52;124.76
2025-01-17T16:00+01:00;784.535;4351.655;92.01;141.28
2025-01-17T17:00+01:00;814.565;4161.605;167.5;174.7
2025-01-17T18:00+01:00;778.795;3815.245;174.99;178.1
2025-01-17T19:00+01:00;956.69;3667.84;167.71;171.28
2025-01-17T20:00+01:00;847.74;3749.66;146.45;151.42
2025-01-17T21:00+01:00;731.53;3843.44;136.87;141.43
2025-01-17T22:00+01:00;731.2;3696.43;119.17;130.85
2025-01-17T23:00+01:00;712.215;3679.865;103.48;113.55
2025-01-18T00:00+01:00;675.165;3385.085;124.95;125.17
2025-01-18T01:00+01:00;671.785;3057.085;121.05;121.05
2025-01-18T02:00+01:00;662.69;2889.71;120.98;120.98
2025-01-18T03:00+01:00;607.775;2544.585;118.85;118.85
2025-01-18T04:00+01:00;616.245;2581.125;116.3;116.4
2025-01-18T05:00+01:00;668.84;2534.9;119.77;119.77
2025-01-18T06:00+01:00;688.89;2590.23;119.52;119.67
2025-01-18T07:00+01:00;812.31;2518.18;105.09;120.24
2025-01-18T08:00+01:00;918.185;2309.195;138.59;142.38
2025-01-18T09:00+01:00;931.175;1987.435;144.1;144.1
2025-01-18T10:00+01:00;946.285;1778.495;131.21;131.21
2025-01-18T11:00+01:00;873.02;1736.48;121.56;121.56
2025-01-18T12:00+01:00;814.72;1724.26;118.87;118.87
2025-01-18T13:00+01:00;804.845;1741.875;115.01;115.01
2025-01-18T14:00+01:00;927.85;1694.19;119.32;119.32
2025-01-18T15:00+01:00;879.825;1609.835;133.32;133.32
2025-01-18T16:00+01:00;952.535;1641.985;149.71;149.71
2025-01-18T17:00+01:00;1011.995;1647.555;164.59;164.59
2025-01-18T18:00+01:00;1049.575;1620.755;167.57;167.57
2025-01-18T19:00+01:00;1091.525;1637.265;167.85;167.85
2025-01-18T20:00+01:00;1141.47;1501.95;156.12;156.12
2025-01-18T21:00+01:00;1081.17;1373.34;143.42;143.42
2025-01-18T22:00+01:00;1080.855;1282.245;136.4;136.4
2025-01-18T23:00+01:00;1002.54;1181.12;129.36;129.36
2025-01-19T00:00+01:00;939.375;1189.405;129.73;129.73
2025-01-19T01:00+01:00;937.595;1155.535;124.2;124.2
2025-01-19T02:00+01:00;929.76;1129.24;123.05;123.05
2025-01-19T03:00+01:00;974.365;1063.355;121.24;121.24
2025-01-19T04:00+01:00;992.585;1057.405;120.18;120.18
2025-01-19T05:00+01:00;1090.79;1074.33;120;120
2025-01-19T06:00+01:00;1100.37;1005.14;121.57;121.57
2025-01-19T07:00+01:00;1164.36;1050.02;123.33;123.33
2025-01-19T08:00+01:00;1193.54;1063.54;123.6;123.59
2025-01-19T09:00+01:00;1184.115;1188.535;125.16;125.16
2025-01-19T10:00+01:00;1153.235;1392.175;125.19;125.19
2025-01-19T11:00+01:00;1151.59;1601.82;121.56;121.56
2025-01-19T12:00+01:00;1160.67;1864.67;112.25;112.25
2025-01-19T13:00+01:00;1163.88;1946.53;107.51;107.51
2025-01-19T14:00+01:00;1211.05;1767.91;116.81;116.81
2025-01-19T15:00+01:00;1206.325;1430.055;126.29;126.29
2025-01-19T16:00+01:00;1288.69;1325.56;140.15;140.15
2025-01-19T17:00+01:00;1429.21;1383.64;149.67;149.68
2025-01-19T18:00+01:00;1460.845;1451.045;159.04;159.04
2025-01-19T19:00+01:00;1425.905;1538.655;156.6;156.6
2025-01-19T20:00+01:00;1355.085;1613.795;149.06;149.06
2025-01-19T21:00+01:00;1283.335;1586.035;139.26;139.26
2025-01-19T22:00+01:00;1196.795;1543.625;130.99;130.99
2025-01-19T23:00+01:00;1126.81;1547.11;122.94;122.94
2025-01-20T00:00+01:00;1063.54;1596.93;122.27;122.27
2025-01-20T01:00+01:00;1056.29;1724.7;119.44;119.44
2025-01-20T02:00+01:00;1057.505;1765.675;116.56;116.56
2025-01-20T03:00+01:00;1046.14;1779.71;114.41;114.41
2025-01-20T04:00+01:00;1047.12;1788.74;115.45;115.45
2025-01-20T05:00+01:00;1066.76;1827.35;127.54;127.54
2025-01-20T06:00+01:00;1236.115;1952.025;161.71;161.71
2025-01-20T07:00+01:00;1488.95;2126.94;276.48;276.47
2025-01-20T08:00+01:00;1548.915;2227.585;431.99;431.96
2025-01-20T09:00+01:00;1577.845;2229.005;291.7;291.67
2025-01-20T10:00+01:00;1559.53;2354.16;236.29;236.28
2025-01-20T11:00+01:00;1523.435;2252.255;187.48;187.47
2025-01-20T12:00+01:00;1478.765;2082.605;176;175.99
2025-01-20T13:00+01:00;1548.655;2006.215;171.39;171.38
2025-01-20T14:00+01:00;1549.48;1984.01;192.73;191.84
2025-01-20T15:00+01:00;1589.73;1891.06;277.17;277.17
2025-01-20T16:00+01:00;1649.37;1889.5;402.12;402.12
2025-01-20T17:00+01:00;1654.805;1884.945;583.4;583.4
2025-01-20T18:00+01:00;1660.385;1820.435;473.28;473.28
2025-01-20T19:00+01:00;1643.535;1780.965;295.57;295.57
2025-01-20T20:00+01:00;1523.725;1805.125;220;220
2025-01-20T21:00+01:00;1395.11;1861.67;170;170
2025-01-20T22:00+01:00;1262.475;1681.015;152.51;152.5
2025-01-20T23:00+01:00;1180.175;1715.235;137.98;137.98
2025-01-21T00:00+01:00;1159.305;1823.765;127.52;127.52
2025-01-21T01:00+01:00;1138.96;1951.84;121.65;121.65
2025-01-21T02:00+01:00;1174.95;1973.43;116.67;116.67
2025-01-21T03:00+01:00;1170.94;1977.79;113.86;113.85
2025-01-21T04:00+01:00;1140.805;2094.135;111.49;112.32
2025-01-21T05:00+01:00;1164.63;2322.27;106.6;112.81
2025-01-21T06:00+01:00;1258.225;2457.635;106.97;142.2
2025-01-21T07:00+01:00;1432.585;2859.665;165.35;190.06
2025-01-21T08:00+01:00;1509.935;3153.425;209.5;248.32
2025-01-21T09:00+01:00;1474.33;3510.93;210.33;211.68
2025-01-21T10:00+01:00;1463.77;3595.59;198.05;198.05
2025-01-21T11:00+01:00;1378.135;3605.255;161.5;161.5
2025-01-21T12:00+01:00;1243.23;3738.8;147.44;147.44
2025-01-21T13:00+01:00;1239.625;3687.815;142.83;142.83
2025-01-21T14:00+01:00;1274.61;3543.16;150.05;150.05
2025-01-21T15:00+01:00;1415.545;3476.655;173.43;173.42
2025-01-21T16:00+01:00;1586.08;3521.63;202.39;212.13
2025-01-21T17:00+01:00;1610.8;3549.33;282.52;301.15
2025-01-21T18:00+01:00;1545.465;3652.145;243.96;251.93
2025-01-21T19:00+01:00;1535.235;3657.115;199.94;202.68
2025-01-21T20:00+01:00;1478.92;3331.49;174.84;174.84
2025-01-21T21:00+01:00;1406.705;3081.085;155.19;155.18
2025-01-21T22:00+01:00;1293.88;2895.07;138.6;138.6
2025-01-21T23:00+01:00;1346.68;2833.15;109.7;125.29
2025-01-22T00:00+01:00;1042.38;2686.34;106.89;128
2025-01-22T01:00+01:00;1115.235;2581.345;101.53;125.06
2025-01-22T02:00+01:00;1188.135;2512.425;105.02;122.22
2025-01-22T03:00+01:00;963.975;2295.735;103.86;121.65
2025-01-22T04:00+01:00;934.685;2130.495;93.75;123.16
2025-01-22T05:00+01:00;1040.34;1875.08;107.45;128.32
2025-01-22T06:00+01:00;1324.5;1893.31;129.03;156.92
2025-01-22T07:00+01:00;1434.465;2120.715;195.47;208.23
2025-01-22T08:00+01:00;1454.855;2094.205;238.6;238.57
2025-01-22T09:00+01:00;1450.225;2156.145;199.41;199.4
2025-01-22T10:00+01:00;1387.745;1891.945;179.06;179.06
2025-01-22T11:00+01:00;1307.835;1935.845;172.94;172.94
2025-01-22T12:00+01:00;1320.615;1885.835;165;165
2025-01-22T13:00+01:00;1345.29;1976.45;170;170
2025-01-22T14:00+01:00;1380.745;1964.785;179.92;179.92
2025-01-22T15:00+01:00;1422.76;1873.28;195.67;195.67
2025-01-22T16:00+01:00;1424.86;2039.68;199.04;199.04
2025-01-22T17:00+01:00;1426.84;2421.7;208.99;208.99
2025-01-22T18:00+01:00;1394.835;2787.865;180.43;180.43
2025-01-22T19:00+01:00;1363.89;3092.93;167.08;167.08
2025-01-22T20:00+01:00;1281.13;3136.06;134.49;134.49
2025-01-22T21:00+01:00;1181.57;3289.9;127.78;127.78
2025-01-22T22:00+01:00;1164.63;3235.4;128.09;128.09
2025-01-22T23:00+01:00;1139.34;2927.06;113.13;78.66
2025-01-23T00:00+01:00;1026.715;2730.805;112.8;59.81
2025-01-23T01:00+01:00;889.69;2580.32;108.88;55.84
2025-01-23T02:00+01:00;772.34;2385.32;105.58;51.01
2025-01-23T03:00+01:00;732.875;2281.035;100.01;46.84
2025-01-23T04:00+01:00;767.16;2021.91;97.59;41.82
2025-01-23T05:00+01:00;946.025;1798.475;100.01;38.15
2025-01-23T06:00+01:00;1079.955;1739.355;106.41;90.66
2025-01-23T07:00+01:00;1260.115;1889.845;136.6;136.6
2025-01-23T08:00+01:00;1297.775;2369.645;159.03;159.03
2025-01-23T09:00+01:00;1296.995;2518.365;155.42;148.24
2025-01-23T10:00+01:00;1248.66;2707.04;130.94;117.87
2025-01-23T11:00+01:00;1132.805;3076.425;116.1;109.44
2025-01-23T12:00+01:00;972.295;3801.625;94.75;92.63
2025-01-23T13:00+01:00;870.29;4429.17;83.46;85.37
2025-01-23T14:00+01:00;839.23;4889.53;72.35;73.23
2025-01-23T15:00+01:00;820.86;5196.58;67.6;64.11
2025-01-23T16:00+01:00;763.665;5242.515;83.69;87.62
2025-01-23T17:00+01:00;854.59;4911.44;91.19;100.99
2025-01-23T18:00+01:00;851.29;4574.72;85.09;99.89
2025-01-23T19:00+01:00;999.955;4297.415;77.88;87.49
2025-01-23T20:00+01:00;845.765;4067.505;65.17;71.06
2025-01-23T21:00+01:00;794.525;3890.895;57.42;66.21
2025-01-23T22:00+01:00;856.545;3996.575;55.95;65.95
2025-01-23T23:00+01:00;844.175;4050.505;44.56;53.11
2025-01-24T00:00+01:00;689.415;4223.345;37.28;37.28
2025-01-24T01:00+01:00;644.325;4462.945;40;39.99
2025-01-24T02:00+01:00;537.36;4737.64;41.54;41.53
2025-01-24T03:00+01:00;520.73;4821.31;37.74;37.74
2025-01-24T04:00+01:00;517.705;4676.505;36.11;36.11
2025-01-24T05:00+01:00;519.36;4845.71;36.88;36.88
2025-01-24T06:00+01:00;568.555;5194.685;40.71;40.71
2025-01-24T07:00+01:00;910.535;5584.255;70.28;70.28
2025-01-24T08:00+01:00;989.53;5679.4;80.06;80.06
2025-01-24T09:00+01:00;945.355;5889.175;59.53;59.53
2025-01-24T10:00+01:00;799.195;6195.255;47.06;47.06
2025-01-24T11:00+01:00;586.06;6349.31;41.83;41.83
2025-01-24T12:00+01:00;532.34;6420.12;37.15;37.15
2025-01-24T13:00+01:00;521.955;6651.075;25.12;58.24
2025-01-24T14:00+01:00;541.97;6857.03;23.18;51.36
2025-01-24T15:00+01:00;538.755;6906.605;23.39;48.45
2025-01-24T16:00+01:00;579.18;6561.47;20;65.44
2025-01-24T17:00+01:00;524.305;6927.295;26.9;41.59
2025-01-24T18:00+01:00;529.33;6908.63;28.66;30.94
2025-01-24T19:00+01:00;527.025;6822.445;20.62;41.59
2025-01-24T20:00+01:00;452.385;6733.335;21.1;37.94
2025-01-24T21:00+01:00;371.21;6688.13;20;29.88
2025-01-24T22:00+01:00;367.57;6332.82;13.1;19.05
2025-01-24T23:00+01:00;370.355;6353.075;10.12;17
2025-01-25T00:00+01:00;381.535;6530.545;16.92;16.92
2025-01-25T01:00+01:00;440.02;6418.82;21.22;21.9
2025-01-25T02:00+01:00;539.325;6178.835;19.89;38.74
2025-01-25T03:00+01:00;542.145;6015.235;27.26;27.26
2025-01-25T04:00+01:00;552.155;5844.605;24.59;24.59
2025-01-25T05:00+01:00;559.055;5790.185;21.21;21.21
2025-01-25T06:00+01:00;572.03;5564.85;29.8;29.8
2025-01-25T07:00+01:00;692.66;5173.8;47.14;47.14
2025-01-25T08:00+01:00;683.35;4996.15;59.9;73.59
2025-01-25T09:00+01:00;627.305;4836.105;66.64;87.31
2025-01-25T10:00+01:00;619.385;4686.835;79.17;86.32
2025-01-25T11:00+01:00;562.47;4145.37;72.27;88.15
2025-01-25T12:00+01:00;579.905;3970.735;81.82;82.55
2025-01-25T13:00+01:00;588.52;3981.06;81.98;81.98
2025-01-25T14:00+01:00;625.46;4177.53;85.09;89
2025-01-25T15:00+01:00;801.05;4465.79;103.54;111.07
2025-01-25T16:00+01:00;1102.685;4343.745;124.11;132.97
2025-01-25T17:00+01:00;1208.36;4635.83;138.6;145.85
2025-01-25T18:00+01:00;1208.94;4928.21;147.1;151
2025-01-25T19:00+01:00;1176.685;4836.845;144.35;144.35
2025-01-25T20:00+01:00;1158.175;4690.885;130.75;130.75
2025-01-25T21:00+01:00;1055.59;4544.78;126.75;126.75
2025-01-25T22:00+01:00;1084.82;4215.09;124.5;124.5
2025-01-25T23:00+01:00;1103.665;3479.325;114.99;114.99
2025-01-26T00:00+01:00;1083.27;2875.78;126.21;126.21
2025-01-26T01:00+01:00;1017.095;2410.795;115.79;115.79
2025-01-26T02:00+01:00;963.985;1968.475;111.3;111.3
2025-01-26T03:00+01:00;898.955;1509.615;106.85;106.84
2025-01-26T04:00+01:00;917.125;1218.955;105.43;105.43
2025-01-26T05:00+01:00;889.815;1104.115;103.06;103.06
2025-01-26T06:00+01:00;912.87;1097.33;99.43;99.43
2025-01-26T07:00+01:00;1121.205;1227.935;105.82;111.67
2025-01-26T08:00+01:00;1132.23;1608.24;108.36;124.17
2025-01-26T09:00+01:00;1097.92;1609.18;118.51;121.97
2025-01-26T10:00+01:00;938.865;1471.315;105.51;105.51
2025-01-26T11:00+01:00;838.22;1469.03;102.57;102.58
2025-01-26T12:00+01:00;818.33;1507.96;96.73;96.73
2025-01-26T13:00+01:00;804.76;1612.56;90.02;90.02
2025-01-26T14:00+01:00;834.745;1773.965;92.52;92.52
2025-01-26T15:00+01:00;1055.86;1730.28;111.63;111.64
2025-01-26T16:00+01:00;1246.23;1773.83;125.92;125.92
2025-01-26T17:00+01:00;1318.09;1713.66;132.77;132.77
2025-01-26T18:00+01:00;1418.255;1611.775;109.65;118.94
2025-01-26T19:00+01:00;1201.175;1495.055;82.51;90.32
2025-01-26T20:00+01:00;929.73;1911.5;69.51;78.93
2025-01-26T21:00+01:00;674.34;2345.65;59.34;68.27
2025-01-26T22:00+01:00;734.55;2587.23;43.28;43.29
2025-01-26T23:00+01:00;687.125;2834.635;23.89;27.68
2025-01-27T00:00+01:00;558.595;3032.205;39.12;39.13
2025-01-27T01:00+01:00;501.845;3563.675;35.26;34.57
2025-01-27T02:00+01:00;473.235;3979.075;26.38;27.06
2025-01-27T03:00+01:00;400.575;4616.665;14.07;14.07
2025-01-27T04:00+01:00;421.72;5086.3;10.1;10.1
2025-01-27T05:00+01:00;526.985;5413.855;21.52;21.7
2025-01-27T06:00+01:00;558.525;5652.125;33.4;34.3
2025-01-27T07:00+01:00;731.08;5981.38;51.35;56.64
2025-01-27T08:00+01:00;682.865;6065.035;60.49;64.28
2025-01-27T09:00+01:00;598.275;5784.425;38.56;52.41
2025-01-27T10:00+01:00;523.75;5764.14;40.76;43.57
2025-01-27T11:00+01:00;502.655;5843.455;36.94;38.63
2025-01-27T12:00+01:00;471.48;5967.92;34.19;35.67
2025-01-27T13:00+01:00;458.695;5969.745;35.92;36.84
2025-01-27T14:00+01:00;529.74;5848.3;39.97;42.41
2025-01-27T15:00+01:00;770.345;5463.055;47.17;61.59
2025-01-27T16:00+01:00;803.755;4964.635;50;70.39
2025-01-27T17:00+01:00;885.735;4664.055;54.06;82.99
2025-01-27T18:00+01:00;948.55;4387.86;54.31;83.37
2025-01-27T19:00+01:00;900.425;4353.235;50.31;73.91
2025-01-27T20:00+01:00;853.26;4417.95;45.28;66.47
2025-01-27T21:00+01:00;717.285;4208.475;40.46;60
2025-01-27T22:00+01:00;642.9;3777.39;38.53;57.01
2025-01-27T23:00+01:00;576.205;3998.385;37.63;49.92
2025-01-28T00:00+01:00;486.98;3962.03;38.89;50.85
2025-01-28T01:00+01:00;463.06;3916.27;38.03;47.21
2025-01-28T02:00+01:00;461.525;3859.225;35.7;39.48
2025-01-28T03:00+01:00;472.19;3959.73;38.05;45
2025-01-28T04:00+01:00;486.295;4012.345;40.86;49.78
2025-01-28T05:00+01:00;503.845;3814.005;42.62;50.17
2025-01-28T06:00+01:00;604.27;3588.32;57.45;82.03
2025-01-28T07:00+01:00;866.01;3919.44;105.87;125.46
2025-01-28T08:00+01:00;1102.2;4010.43;118.86;147.5
2025-01-28T09:00+01:00;1108.105;3622.685;115;135.31
2025-01-28T10:00+01:00;1088.425;3342.395;112.87;120.54
2025-01-28T11:00+01:00;911.24;3154.45;108.83;116.34
2025-01-28T12:00+01:00;902.165;3093.055;107.09;114.76
2025-01-28T13:00+01:00;951.15;2738.22;108.99;117.39
2025-01-28T14:00+01:00;1093.855;2380.815;112.71;121.33
2025-01-28T15:00+01:00;1116.995;2318.955;125.17;139.91
2025-01-28T16:00+01:00;1117.845;2308.885;130.28;147
2025-01-28T17:00+01:00;1164.37;2394.36;139.72;149.6
2025-01-28T18:00+01:00;1175.055;2476.125;120.5;134.94
2025-01-28T19:00+01:00;1235.365;2236.825;110.14;128.9
2025-01-28T20:00+01:00;951.88;1940.24;85.4;94.76
2025-01-28T21:00+01:00;914.255;1864.715;72.09;87.27
2025-01-28T22:00+01:00;613.26;1945.52;62.02;79.81
2025-01-28T23:00+01:00;568.25;1869.99;50.84;64.43
2025-01-29T00:00+01:00;563.68;1761.25;87.72;87.72
2025-01-29T01:00+01:00;572.805;1843.755;83.39;83.39
2025-01-29T02:00+01:00;586.77;1898.69;78.16;78.16
2025-01-29T03:00+01:00;589.425;1868.745;75.64;75.64
2025-01-29T04:00+01:00;595.74;1855.75;75.81;77.85
2025-01-29T05:00+01:00;668.505;1973.855;80.47;84.64
2025-01-29T06:00+01:00;809.195;1876.745;92.86;93.15
2025-01-29T07:00+01:00;1083.41;1761;141.42;141.42
2025-01-29T08:00+01:00;1159.34;1609.2;142.54;142.54
2025-01-29T09:00+01:00;1134.855;1612.375;130.45;130.46
2025-01-29T10:00+01:00;942.225;1688.195;105.05;105.06
2025-01-29T11:00+01:00;861.625;1705.985;89.25;89.25
2025-01-29T12:00+01:00;831.275;1610.305;85;85
2025-01-29T13:00+01:00;818.79;1491.4;85.53;85.53
2025-01-29T14:00+01:00;818.625;1353.225;87.67;87.67
2025-01-29T15:00+01:00;886.94;1348.4;102.75;102.75
2025-01-29T16:00+01:00;1127.75;1740.8;132.3;132.66
2025-01-29T17:00+01:00;1193.495;2201.275;149.57;149.57
2025-01-29T18:00+01:00;1208.24;2544.15;150.09;150.1
2025-01-29T19:00+01:00;1159.475;2681.455;138.64;143.52
2025-01-29T20:00+01:00;1020.12;2951.89;109.16;123.76
2025-01-29T21:00+01:00;831.53;2933.78;102.92;113.63
2025-01-29T22:00+01:00;907.91;2999.85;107.11;110.25
2025-01-29T23:00+01:00;752.47;3011.79;99.33;43.44
2025-01-30T00:00+01:00;673.745;2975.535;85.15;52.59
2025-01-30T01:00+01:00;685.295;3126.275;83.89;53.38
2025-01-30T02:00+01:00;657.18;3236.81;80;57.18
2025-01-30T03:00+01:00;618.865;3456.785;76.19;46.59
2025-01-30T04:00+01:00;591.01;3718.22;76.32;44.51
2025-01-30T05:00+01:00;673.225;3813.755;94.52;54.97
2025-01-30T06:00+01:00;952.62;3976.64;112.51;68.68
2025-01-30T07:00+01:00;1149.08;4111.35;130.09;141.65
2025-01-30T08:00+01:00;1230.825;4401.605;143.92;152.8
2025-01-30T09:00+01:00;1177.41;4499.08;138.27;145.37
2025-01-30T10:00+01:00;1047.705;4886.055;125.01;130.26
2025-01-30T11:00+01:00;895.335;4965.105;107.39;115.88
2025-01-30T12:00+01:00;940.52;4936.52;107.69;111.95
2025-01-30T13:00+01:00;1150.84;4820.37;109.57;113.31
2025-01-30T14:00+01:00;1054.075;4680.845;123.39;129.42
2025-01-30T15:00+01:00;1058.355;4298.765;140.74;153.22
2025-01-30T16:00+01:00;1171.07;3710.39;146.03;155.99
2025-01-30T17:00+01:00;1241.32;3600.93;172.86;184.97
2025-01-30T18:00+01:00;1233.505;3419.685;166.46;176.86
2025-01-30T19:00+01:00;1253.045;3355.345;152.09;161.29
2025-01-30T20:00+01:00;1197.525;3281.475;140.71;150.21
2025-01-30T21:00+01:00;1099.35;3116.32;126.07;134.17
2025-01-30T22:00+01:00;1207.765;3270.915;119.23;126.46
2025-01-30T23:00+01:00;1045.245;3088.845;109.85;120.2
2025-01-31T00:00+01:00;904.89;2943.67;107.88;114.94
2025-01-31T01:00+01:00;711.305;2704.715;94.94;105.13
2025-01-31T02:00+01:00;822.32;2553.99;94.9;102.57
2025-01-31T03:00+01:00;794.86;2475.14;93.7;102.88
2025-01-31T04:00+01:00;812.66;2487.02;81.43;98.38
2025-01-31T05:00+01:00;762.195;2449.645;74.38;98.08
2025-01-31T06:00+01:00;912.73;2490.63;104.02;117.73
2025-01-31T07:00+01:00;1177.88;2556.29;153.98;154.96
2025-01-31T08:00+01:00;1289.2;2563.29;163.7;163.7
2025-01-31T09:00+01:00;1310.79;2577.34;154.82;154.83
2025-01-31T10:00+01:00;1291.115;2759.745;130.1;130.1
2025-01-31T11:00+01:00;1248.675;3049.105;126.2;126.2
2025-01-31T12:00+01:00;1193.72;3197.02;120.06;120.06
2025-01-31T13:00+01:00;1160.1;2962.39;121.19;121.19
2025-01-31T14:00+01:00;1216.965;2581.935;119.76;119.77
2025-01-31T15:00+01:00;1336.25;2411.9;149.87;149.87
2025-01-31T16:00+01:00;1399.975;2161.275;168.26;168.26
2025-01-31T17:00+01:00;1362.065;1986.955;185.26;185.27
2025-01-31T18:00+01:00;1435.47;2100.66;184.48;184.49
2025-01-31T19:00+01:00;1417.915;2202.965;178.99;179
2025-01-31T20:00+01:00;1413.405;2092.855;162.66;162.66
2025-01-31T21:00+01:00;1271.21;2182.82;152.7;152.7
2025-01-31T22:00+01:00;1199.545;1840.235;144.31;144.31
2025-01-31T23:00+01:00;1161.26;1827.99;131.41;131.41
2025-02-01T00:00+01:00;1150.805;1691.935;136.93;136.93
2025-02-01T01:00+01:00;1138.655;1575.785;128.91;129.11
2025-02-01T02:00+01:00;1136.61;1514.92;124.24;124.24
2025-02-01T03:00+01:00;1099.36;1438.87;119.12;119.12
2025-02-01T04:00+01:00;1087.695;1339.065;110.46;113.48
2025-02-01T05:00+01:00;1117.915;1256.695;99.41;106.75
2025-02-01T06:00+01:00;1160.81;1135.68;116.4;120.28
2025-02-01T07:00+01:00;1258.07;1082.53;125.46;132.72
2025-02-01T08:00+01:00;1294.805;1110.775;147.65;149.78
2025-02-01T09:00+01:00;1300.24;1263.76;142.44;142.44
2025-02-01T10:00+01:00;1253.49;1443.55;128.4;128.4
2025-02-01T11:00+01:00;1143.26;1630.44;120.08;120.09
2025-02-01T12:00+01:00;949.625;1598.645;110.29;110.29
2025-02-01T13:00+01:00;989.205;1505.315;103.4;103.4
2025-02-01T14:00+01:00;1158.655;1418.325;113.7;113.7
2025-02-01T15:00+01:00;1217.285;1169.925;128.1;129.49
2025-02-01T16:00+01:00;1313.08;914.06;152.11;154.43
2025-02-01T17:00+01:00;1337.405;844.905;166.35;168.27
2025-02-01T18:00+01:00;1313.315;836.585;167.51;167.51
2025-02-01T19:00+01:00;1324.97;899.27;162.98;162.99
2025-02-01T20:00+01:00;1324.095;964.685;155.95;156.6
2025-02-01T21:00+01:00;1225.4;1040.52;145.24;145.25
2025-02-01T22:00+01:00;1227.995;1095.475;141.73;141.74
2025-02-01T23:00+01:00;1147.155;1053.605;131.74;131.74
2025-02-02T00:00+01:00;1128.905;1040.565;133.26;133.26
2025-02-02T01:00+01:00;1136.055;1038.095;126.91;126.91
2025-02-02T02:00+01:00;1098.52;1045.9;122.99;122.99
2025-02-02T03:00+01:00;1095.635;1001.725;120.66;120.67
2025-02-02T04:00+01:00;1099.935;999.535;122.34;122.34
2025-02-02T05:00+01:00;1089.41;1024.64;123.41;123.42
2025-02-02T06:00+01:00;1094.55;1116.02;128.09;128.09
2025-02-02T07:00+01:00;1198.93;1174.48;135.9;135.9
2025-02-02T08:00+01:00;1227.8;1216.71;137.3;137.3
2025-02-02T09:00+01:00;1170.76;1339.47;137.7;137.7
2025-02-02T10:00+01:00;1153.8;1502.55;130.04;130.04
2025-02-02T11:00+01:00;1132.735;1643.185;129.33;129.33
2025-02-02T12:00+01:00;1094.23;1689.23;122.24;122.24
2025-02-02T13:00+01:00;1080.325;1695.225;111.88;111.88
2025-02-02T14:00+01:00;1069.485;1579.565;116.42;116.42
2025-02-02T15:00+01:00;1106.845;1477.075;127.97;127.97
2025-02-02T16:00+01:00;1253.545;1406.145;151.21;151.21
2025-02-02T17:00+01:00;1317.105;1470.485;164.03;164.03
2025-02-02T18:00+01:00;1428.11;1545.97;172.49;172.49
2025-02-02T19:00+01:00;1396.7;1506.99;173.95;173.95
2025-02-02T20:00+01:00;1309.045;1503.235;165.06;165.49
2025-02-02T21:00+01:00;1232.815;1575.165;145.93;155.77
2025-02-02T22:00+01:00;1272.195;1514.535;123.15;148.43
2025-02-02T23:00+01:00;1288.95;1607.76;121.7;133.23
2025-02-03T00:00+01:00;1153.7;1642.22;125.3;129.53
2025-02-03T01:00+01:00;1226.53;1689.41;126.63;126.63
2025-02-03T02:00+01:00;1147.67;1739.61;124.72;124.71
2025-02-03T03:00+01:00;1147.445;1691.565;120.04;120.03
2025-02-03T04:00+01:00;1111.405;1426.915;110.91;123.23
2025-02-03T05:00+01:00;1238.185;1423.085;116.9;127.76
2025-02-03T06:00+01:00;1257.175;1522.095;159.18;159.17
2025-02-03T07:00+01:00;1366.505;1731.645;207.88;207.88
2025-02-03T08:00+01:00;1452.395;1703.445;243.23;243.23
2025-02-03T09:00+01:00;1375.115;1980.905;178.04;178.03
2025-02-03T10:00+01:00;1319.815;2215.115;149.95;149.95
2025-02-03T11:00+01:00;1308.23;2288.1;126.05;126.05
2025-02-03T12:00+01:00;1332.44;2283.06;117.27;117.26
2025-02-03T13:00+01:00;1383.44;2146.65;115.29;115.29
2025-02-03T14:00+01:00;1398.28;1983.28;124.18;124.19
2025-02-03T15:00+01:00;1292.32;1786.07;144.74;145.87
2025-02-03T16:00+01:00;1310.83;1682.23;170.71;170.71
2025-02-03T17:00+01:00;1419.385;1831.325;216;216
2025-02-03T18:00+01:00;1441.96;1977.23;200.73;200.73
2025-02-03T19:00+01:00;1449.965;2185.875;200.79;201.1
2025-02-03T20:00+01:00;1381.84;2326.17;167.15;167.74
2025-02-03T21:00+01:00;1273.64;2438.75;143.58;153.01
2025-02-03T22:00+01:00;1240.195;2534.975;122.16;144.23
2025-02-03T23:00+01:00;1115.91;2420.69;93.51;135.81
2025-02-04T00:00+01:00;1116.91;2263.51;118.67;132.4
2025-02-04T01:00+01:00;1050.89;2390.13;120.57;125.54
2025-02-04T02:00+01:00;909.12;2552.74;110.31;123.18
2025-02-04T03:00+01:00;897;2694.57;97.5;123.99
2025-02-04T04:00+01:00;924.92;2892.75;77.69;123.25
2025-02-04T05:00+01:00;983.915;2997.925;80.53;127.63
2025-02-04T06:00+01:00;1132.21;3264.22;106.58;155.45
2025-02-04T07:00+01:00;1277.315;3521.185;155.2;192.27
2025-02-04T08:00+01:00;1357.29;3669.87;197.32;212.04
2025-02-04T09:00+01:00;1306.275;3888.125;150.6;163.35
2025-02-04T10:00+01:00;1307.41;3990.62;134.72;136.53
2025-02-04T11:00+01:00;1138.67;4268.09;112.92;126.57
2025-02-04T12:00+01:00;1068.99;4475.87;97.34;116.89
2025-02-04T13:00+01:00;1043.365;4507.445;86.06;113.17
2025-02-04T14:00+01:00;1199.29;4384.57;78.27;120.09
2025-02-04T15:00+01:00;1141.105;4285.655;80.76;127.47
2025-02-04T16:00+01:00;1133.56;4316.9;95.41;164.82
2025-02-04T17:00+01:00;1149.335;4417.015;99.91;168.99
2025-02-04T18:00+01:00;1167.355;4703.095;98.97;175
2025-02-04T19:00+01:00;1090.905;4890.755;86.07;162.04
2025-02-04T20:00+01:00;1103.98;5092.03;75.48;145.01
2025-02-04T21:00+01:00;921.74;5303;67.93;123.29
2025-02-04T22:00+01:00;894.26;5525.03;65.05;105.41
2025-02-04T23:00+01:00;846.565;5769.965;52.79;75.72
2025-02-05T00:00+01:00;690.67;5559.98;59.46;78.39
2025-02-05T01:00+01:00;650.89;5663.23;58.42;79.85
2025-02-05T02:00+01:00;584.865;5760.485;58.78;81.52
2025-02-05T03:00+01:00;565.445;5636.545;58.49;80.57
2025-02-05T04:00+01:00;598.68;5423.22;61.54;88.9
2025-02-05T05:00+01:00;755.11;5263.49;75.93;96.52
2025-02-05T06:00+01:00;774.04;5396.39;87.06;109.83
2025-02-05T07:00+01:00;959.29;5388.12;98.77;126.38
2025-02-05T08:00+01:00;1018.765;5078.385;107.52;139.99
2025-02-05T09:00+01:00;1149.03;5196.75;100.39;132.62
2025-02-05T10:00+01:00;1076.43;5494.97;88;112.12
2025-02-05T11:00+01:00;742.545;5531.875;68.68;90.05
2025-02-05T12:00+01:00;782.655;5617.615;68.11;91.01
2025-02-05T13:00+01:00;718.835;5437.585;68.32;92.07
2025-02-05T14:00+01:00;755.59;5139.43;82.68;103.69
2025-02-05T15:00+01:00;911.205;4360.375;93.9;120.63
2025-02-05T16:00+01:00;1142.375;3762.075;108.62;135.24
2025-02-05T17:00+01:00;1260.15;2868.31;130.44;177.19
2025-02-05T18:00+01:00;1258.475;2679.425;138.5;189.9
2025-02-05T19:00+01:00;1271.04;2585.59;137.66;157.29
2025-02-05T20:00+01:00;1267.29;2462.9;122.43;140.95
2025-02-05T21:00+01:00;1299.23;2395.77;115.79;130.85
2025-02-05T22:00+01:00;1174.91;2298.37;106.69;120.69
2025-02-05T23:00+01:00;1113.82;2409.23;91.28;112.3
2025-02-06T00:00+01:00;1042.64;2652.86;109.44;130.5
2025-02-06T01:00+01:00;1051.57;2469.86;116.69;129.4
2025-02-06T02:00+01:00;1064.4;2440.07;120.56;122.55
2025-02-06T03:00+01:00;1072.095;2405.195;122.64;123.51
2025-02-06T04:00+01:00;1130.95;2281.04;115.27;118.48
2025-02-06T05:00+01:00;1096.765;2311.345;122.26;126.81
2025-02-06T06:00+01:00;1184.235;2538.415;119.84;156.12
2025-02-06T07:00+01:00;1366.57;2384.32;173.76;177.41
2025-02-06T08:00+01:00;1445.84;2277.43;212.99;219.42
2025-02-06T09:00+01:00;1417.57;2456.2;177.61;179
2025-02-06T10:00+01:00;1349.86;2798.07;158.26;159.04
2025-02-06T11:00+01:00;1324.56;3062.87;135.3;146.06
2025-02-06T12:00+01:00;1352.615;3081.285;118.36;136.78
2025-02-06T13:00+01:00;1253.7;2910.01;117.84;129.02
2025-02-06T14:00+01:00;1310.595;2595.055;110.96;121.97
2025-02-06T15:00+01:00;1205.17;2205.51;130.04;150.8
2025-02-06T16:00+01:00;1243.735;1871.855;139.99;164.9
2025-02-06T17:00+01:00;1258.815;2025.515;170.17;171.6
2025-02-06T18:00+01:00;1267.335;2380.955;170.48;170.49
2025-02-06T19:00+01:00;1270.945;2581.755;162.65;162.95
2025-02-06T20:00+01:00;1218.055;2707.145;140.78;141.33
2025-02-06T21:00+01:00;1181.9;2691.97;131.1;131.26
2025-02-06T22:00+01:00;1160.36;2694.87;121.93;129.51
2025-02-06T23:00+01:00;1125.795;2627.365;115.03;118.79
2025-02-07T00:00+01:00;1036.12;2729.29;113.41;121.28
2025-02-07T01:00+01:00;1039.865;2638.015;108.55;110.66
2025-02-07T02:00+01:00;911.765;2716.515;108.82;108.83
2025-02-07T03:00+01:00;840.27;2639.1;105;105
2025-02-07T04:00+01:00;843.71;2573.36;87.73;94.22
2025-02-07T05:00+01:00;864.105;2595.025;89.86;95.06
2025-02-07T06:00+01:00;1089.395;2773.855;110.43;111.66
2025-02-07T07:00+01:00;1277.31;3015.54;141.41;141.94
2025-02-07T08:00+01:00;1225.775;3347.415;163.89;164.41
2025-02-07T09:00+01:00;1203.725;3543.215;149.95;150.17
2025-02-07T10:00+01:00;1146.2;4013.23;129.15;132.09
2025-02-07T11:00+01:00;865.33;4196;99.99;109.34
2025-02-07T12:00+01:00;762.24;4390.48;89.11;94.39
2025-02-07T13:00+01:00;776.025;4864.715;89.19;89.46
2025-02-07T14:00+01:00;767.925;5046.475;88.88;89.25
2025-02-07T15:00+01:00;851.615;4902.495;86.43;94.9
2025-02-07T16:00+01:00;972.915;4490.435;97.79;113.68
2025-02-07T17:00+01:00;1169.485;4378.025;107.28;126.64
2025-02-07T18:00+01:00;1130.51;4571.96;108.71;133.91
2025-02-07T19:00+01:00;865.61;4665.68;91.68;114.61
2025-02-07T20:00+01:00;871.785;4618.575;74.96;96.09
2025-02-07T21:00+01:00;769.11;4521.81;68.84;83.15
2025-02-07T22:00+01:00;746.05;4511.5;63.4;74.09
2025-02-07T23:00+01:00;760.485;4553.915;63.54;61.7
2025-02-08T00:00+01:00;691.67;4461.9;56.76;67.1
2025-02-08T01:00+01:00;695.175;4550.025;56.31;63.43
2025-02-08T02:00+01:00;687.95;4678.12;58.93;53.8
2025-02-08T03:00+01:00;671.895;4720.365;58.04;48.97
2025-02-08T04:00+01:00;646.84;4813.2;58.98;48.55
2025-02-08T05:00+01:00;605.965;4594.685;58.94;48.16
2025-02-08T06:00+01:00;589.3;4550.66;61.01;48.68
2025-02-08T07:00+01:00;587.305;4558.125;62.95;69.79
2025-02-08T08:00+01:00;615.5;4334.17;69.59;95.11
2025-02-08T09:00+01:00;744.595;4396.295;66.07;82.24
2025-02-08T10:00+01:00;617.765;4462.335;62.4;72.56
2025-02-08T11:00+01:00;569.24;4530.77;57.93;64.61
2025-02-08T12:00+01:00;581.09;4536.79;58.2;64.07
2025-02-08T13:00+01:00;548.965;4382.275;61.73;72.82
2025-02-08T14:00+01:00;635.035;4424.765;71.64;81.21
2025-02-08T15:00+01:00;852.95;4269.58;87.36;103.35
2025-02-08T16:00+01:00;969.835;4081.435;89.8;117.2
2025-02-08T17:00+01:00;1205.585;4000.085;112.25;135.78
2025-02-08T18:00+01:00;1218.07;3822.36;113.1;160.49
2025-02-08T19:00+01:00;1201.13;3466.67;107.98;156.97
2025-02-08T20:00+01:00;1185.285;3027.635;107.12;145.06
2025-02-08T21:00+01:00;1233.19;2697.33;113.07;149
2025-02-08T22:00+01:00;1284.77;2426.23;127.84;144
2025-02-08T23:00+01:00;1270.675;2178.595;112.64;136.31
2025-02-09T00:00+01:00;1343.505;2098.625;135;135
2025-02-09T01:00+01:00;1339.34;2020.93;130.04;134.51
2025-02-09T02:00+01:00;1310.575;1956.695;114.63;130.18
2025-02-09T03:00+01:00;1258.54;1997.67;119.3;119.3
2025-02-09T04:00+01:00;1220.26;2204.3;116.01;116.79
2025-02-09T05:00+01:00;1200.475;2386.455;113.13;117
2025-02-09T06:00+01:00;1233.265;2666.645;115.26;117
2025-02-09T07:00+01:00;1267.31;2795.41;119.58;133.43
2025-02-09T08:00+01:00;1321.14;2814.32;121.94;136.77
2025-02-09T09:00+01:00;1320.77;2864.83;120.09;123.98
2025-02-09T10:00+01:00;1115.665;3001.235;111;114.8
2025-02-09T11:00+01:00;927.475;3131.735;103.92;105.66
2025-02-09T12:00+01:00;907.975;3486.015;90.43;95.56
2025-02-09T13:00+01:00;909.15;3851.45;86.95;92.26
2025-02-09T14:00+01:00;941.94;4137.01;91.88;103.04
2025-02-09T15:00+01:00;1109.825;4312.515;104.95;113.23
2025-02-09T16:00+01:00;1233.325;4402.845;116.91;129.88
2025-02-09T17:00+01:00;1289.01;4662.56;130;146.25
2025-02-09T18:00+01:00;1250.825;4960.195;119.91;141.72
2025-02-09T19:00+01:00;1074.195;5020.705;105.5;118.73
2025-02-09T20:00+01:00;830.92;5118.92;90.85;108.18
2025-02-09T21:00+01:00;648.905;5035.125;86.37;83.7
2025-02-09T22:00+01:00;652.885;4998.735;81.38;70.85
2025-02-09T23:00+01:00;611.345;4970.355;71.95;62.41
2025-02-10T00:00+01:00;601.58;4825.4;69.07;60.72
2025-02-10T01:00+01:00;596.67;5011.49;65.1;62.75
2025-02-10T02:00+01:00;629.7;5058.41;62.92;58.02
2025-02-10T03:00+01:00;615.34;5025.2;63.78;57.47
2025-02-10T04:00+01:00;621.42;5047.37;63.6;58.31
2025-02-10T05:00+01:00;687.085;5091.495;67.11;60.65
2025-02-10T06:00+01:00;881.635;5040.485;85.85;70.73
2025-02-10T07:00+01:00;1116.76;5111.63;115.42;112.35
2025-02-10T08:00+01:00;1197.71;5096.59;130.73;128.26
2025-02-10T09:00+01:00;1159.995;5264.595;121.11;118.66
2025-02-10T10:00+01:00;1050.665;5455.545;102.16;103.5
2025-02-10T11:00+01:00;909.64;5572.89;83.25;78.84
2025-02-10T12:00+01:00;692.81;5599.08;76.47;69.29
2025-02-10T13:00+01:00;877.455;5586.465;75.8;76.12
2025-02-10T14:00+01:00;789.93;5674.82;79.05;73.15
2025-02-10T15:00+01:00;741.21;5791.97;78.39;76.27
2025-02-10T16:00+01:00;916.545;5814.705;84.55;81.1
2025-02-10T17:00+01:00;911.84;5927.66;87.62;90.08
2025-02-10T18:00+01:00;926.935;6028.985;90.58;84.17
2025-02-10T19:00+01:00;870.245;6167.945;78.12;73.07
2025-02-10T20:00+01:00;678.345;6173.155;69.53;66.18
2025-02-10T21:00+01:00;664.1;6089.75;67.3;63.87
2025-02-10T22:00+01:00;635.905;5910.785;65.11;60.57
2025-02-10T23:00+01:00;653.055;5906.785;63.93;59.53
2025-02-11T00:00+01:00;684.025;6063.805;54.09;58.84
2025-02-11T01:00+01:00;753.405;6106.565;55.92;54.19
2025-02-11T02:00+01:00;657.12;6100.73;55.72;52.26
2025-02-11T03:00+01:00;627.055;6032.905;56.19;52.18
2025-02-11T04:00+01:00;632.615;5996.055;56.24;52.28
2025-02-11T05:00+01:00;736.65;6033.83;59.92;54.9
2025-02-11T06:00+01:00;910.09;6030.47;69.8;65.14
2025-02-11T07:00+01:00;879.29;5936.3;81.69;89.64
2025-02-11T08:00+01:00;886.955;6067.755;99.41;92.77
2025-02-11T09:00+01:00;899.355;6435.035;86.03;89.68
2025-02-11T10:00+01:00;767.02;6918.87;73.04;85.3
2025-02-11T11:00+01:00;735.715;7278.475;71.16;69.9
2025-02-11T12:00+01:00;752.01;7479.04;70.69;66.62
2025-02-11T13:00+01:00;802.42;7474.61;72.52;65.41
2025-02-11T14:00+01:00;876.1;7199.17;74.51;64.5
2025-02-11T15:00+01:00;926.565;6544.795;77.89;67.06
2025-02-11T16:00+01:00;1241.39;6005.77;81.7;89.55
2025-02-11T17:00+01:00;1103.575;5749.735;93.89;130.19
2025-02-11T18:00+01:00;1335.66;5698.23;105.91;114.3
2025-02-11T19:00+01:00;1039.895;5650.825;89.99;92.1
2025-02-11T20:00+01:00;893.155;5766.545;80.98;89.61
2025-02-11T21:00+01:00;828.065;5697.875;79.72;74.3
2025-02-11T22:00+01:00;728.585;5561.785;80.55;74.11
2025-02-11T23:00+01:00;753.57;5382.99;76.8;65.89
2025-02-12T00:00+01:00;699.395;5453.515;79.74;75.31
2025-02-12T01:00+01:00;590.995;5333.115;78.66;105.2
2025-02-12T02:00+01:00;588.805;5340.935;78.05;69
2025-02-12T03:00+01:00;576.49;5367.09;77.7;68.52
2025-02-12T04:00+01:00;677.535;5339.435;79.43;68.51
2025-02-12T05:00+01:00;738.935;5311.155;81.11;70.16
2025-02-12T06:00+01:00;1037.84;5196.97;108.05;102.65
2025-02-12T07:00+01:00;1364.25;5012.31;149.08;159.01
2025-02-12T08:00+01:00;1470.96;4998.38;164.36;178.05
2025-02-12T09:00+01:00;1522.22;5256.6;158.07;169.96
2025-02-12T10:00+01:00;1453.875;5443.415;131.03;143.62
2025-02-12T11:00+01:00;1383.09;5523.58;113.77;125.32
2025-02-12T12:00+01:00;1308.87;5569.65;111.25;123.49
2025-02-12T13:00+01:00;1298.625;5319.425;117.31;112.55
2025-02-12T14:00+01:00;1345.97;5073.27;129.19;125.18
2025-02-12T15:00+01:00;1402.665;4635.625;137.62;133.24
2025-02-12T16:00+01:00;1488.56;4149.83;168;168.79
2025-02-12T17:00+01:00;1539.945;3791.445;183.01;183.01
2025-02-12T18:00+01:00;1537.53;3539.77;193.81;195.32
2025-02-12T19:00+01:00;1552.215;3173.255;191.24;191.88
2025-02-12T20:00+01:00;1526.315;2812.645;169.91;172.3
2025-02-12T21:00+01:00;1477.145;2632.355;152.11;154.21
2025-02-12T22:00+01:00;1357.3;2484.85;146;148.34
2025-02-12T23:00+01:00;1266.175;2292.425;117.5;129.58
2025-02-13T00:00+01:00;1270.35;2171.11;140.33;140.34
2025-02-13T01:00+01:00;1254.32;2075.2;137.75;137.75
2025-02-13T02:00+01:00;1213.28;2172.05;140.79;140.79
2025-02-13T03:00+01:00;1204.535;2409.765;136.59;136.59
2025-02-13T04:00+01:00;1197.46;2587.91;120.01;127.37
2025-02-13T05:00+01:00;1239.425;2688.205;119.42;129.93
2025-02-13T06:00+01:00;1379.05;2778.84;141.71;153
2025-02-13T07:00+01:00;1557.08;2840.36;189.79;190.33
2025-02-13T08:00+01:00;1588.21;2838.18;219.68;222.38
2025-02-13T09:00+01:00;1584.71;2965.43;214.69;218.06
2025-02-13T10:00+01:00;1546.17;3099.53;198.6;201.91
2025-02-13T11:00+01:00;1595.905;3207.955;178.98;182.57
2025-02-13T12:00+01:00;1478.135;3290.285;166.98;167.83
2025-02-13T13:00+01:00;1570.39;3284.26;142.12;159.54
2025-02-13T14:00+01:00;1434.035;3339.255;140.28;156.67
2025-02-13T15:00+01:00;1429.915;3412.025;143.45;159.97
2025-02-13T16:00+01:00;1488.775;3427.445;152.1;170.63
2025-02-13T17:00+01:00;1583.83;3485.85;198.03;201.86
2025-02-13T18:00+01:00;1563.055;3520.435;195.65;200.19
2025-02-13T19:00+01:00;1556.12;3337.42;179.1;188.28
2025-02-13T20:00+01:00;1486.575;3009.145;157.04;167.63
2025-02-13T21:00+01:00;1485.82;2597.69;145.89;152.77
2025-02-13T22:00+01:00;1320.02;2392.85;136.8;143.01
2025-02-13T23:00+01:00;1257.315;2174.845;125.2;130.55
2025-02-14T00:00+01:00;1236.865;2255.165;137.57;137.57
2025-02-14T01:00+01:00;1247.175;2139.565;132.8;132.8
2025-02-14T02:00+01:00;1230.16;1918.52;128.5;128.5
2025-02-14T03:00+01:00;1215.02;1793.78;127.65;127.65
2025-02-14T04:00+01:00;1232.625;1749.295;127.27;127.27
2025-02-14T05:00+01:00;1295.03;1742.63;139.59;139.62
2025-02-14T06:00+01:00;1394.33;1690.94;160.9;160.9
2025-02-14T07:00+01:00;1524.605;1511.055;227.08;229.09
2025-02-14T08:00+01:00;1570.16;1412.96;265.64;265.65
2025-02-14T09:00+01:00;1572.86;1556.91;215.11;215.11
2025-02-14T10:00+01:00;1532.96;1812.81;181.03;181.03
2025-02-14T11:00+01:00;1503.055;1972.395;163.01;163.01
2025-02-14T12:00+01:00;1439.705;2002.605;149.86;149.86
2025-02-14T13:00+01:00;1404.26;1776.05;148.61;148.6
2025-02-14T14:00+01:00;1487.145;1621.585;155.8;155.79
2025-02-14T15:00+01:00;1640.235;1304.665;175.05;175.05
2025-02-14T16:00+01:00;1530.785;1064.115;200;200.01
2025-02-14T17:00+01:00;1559.175;963.015;298.91;298.93
2025-02-14T18:00+01:00;1574.84;986.81;293.06;293.08
2025-02-14T19:00+01:00;1585.285;927.075;225.7;225.72
2025-02-14T20:00+01:00;1561.105;950.025;183.55;183.56
2025-02-14T21:00+01:00;1560.65;960.45;163.79;163.8
2025-02-14T22:00+01:00;1397.85;996.52;153;153.01
2025-02-14T23:00+01:00;1309.04;1116.62;140.03;140.04
2025-02-15T00:00+01:00;1257.1;1236.42;135.29;135.3
2025-02-15T01:00+01:00;1261.37;1347.66;130.34;130.35
2025-02-15T02:00+01:00;1251.285;1417.015;120;120.01
2025-02-15T03:00+01:00;1300.43;1473.56;118.24;118.26
2025-02-15T04:00+01:00;1363.465;1562.885;118.45;118.46
2025-02-15T05:00+01:00;1280.045;1617.195;120.3;120.31
2025-02-15T06:00+01:00;1353.58;1694.59;129.54;133.76
2025-02-15T07:00+01:00;1424.845;1810.345;145.07;148.6
2025-02-15T08:00+01:00;1454.59;2017.17;150.67;150.68
2025-02-15T09:00+01:00;1449.39;2352.04;137.01;137.02
2025-02-15T10:00+01:00;1401.855;2713.805;124.59;124.6
2025-02-15T11:00+01:00;1311.575;2882.205;118.36;118.37
2025-02-15T12:00+01:00;1258.615;2680.255;112.39;112.4
2025-02-15T13:00+01:00;1456.565;2628.285;110.01;110.02
2025-02-15T14:00+01:00;1291.365;2833.365;116.15;116.16
2025-02-15T15:00+01:00;1345.93;2786.35;128.83;128.84
2025-02-15T16:00+01:00;1373.575;2732.565;140;140.02
2025-02-15T17:00+01:00;1406.585;3129.715;158.66;164.57
2025-02-15T18:00+01:00;1467.14;3457.77;170.53;174.71
2025-02-15T19:00+01:00;1420.445;3943.395;163.91;163.92
2025-02-15T20:00+01:00;1302.375;4467.325;147.29;147.29
2025-02-15T21:00+01:00;1261.925;4698.595;128.06;128.06
2025-02-15T22:00+01:00;1262.65;4696.3;131.63;113.31
2025-02-15T23:00+01:00;1153.855;4587.345;124.54;108.29
2025-02-16T00:00+01:00;1149.705;4442.165;134.11;134.12
2025-02-16T01:00+01:00;1165.87;4209.57;128.9;128.9
2025-02-16T02:00+01:00;1169.155;3996.085;123.57;123.58
2025-02-16T03:00+01:00;1154.78;3728.86;119.9;119.9
2025-02-16T04:00+01:00;1162.745;3304.075;119.57;119.57
2025-02-16T05:00+01:00;1161.19;2782.1;120.18;120.18
2025-02-16T06:00+01:00;1169.48;2521.03;119.92;119.93
2025-02-16T07:00+01:00;1171.525;2382.805;127.51;127.49
2025-02-16T08:00+01:00;1193.38;2483.82;129.6;129.58
2025-02-16T09:00+01:00;1278.8;2797.11;130.49;130.48
2025-02-16T10:00+01:00;1232.69;3208.79;127.7;127.69
2025-02-16T11:00+01:00;1193.23;3479.84;124.03;124.02
2025-02-16T12:00+01:00;1213.235;3481.925;124.67;124.66
2025-02-16T13:00+01:00;1208.265;3258.445;118.77;118.75
2025-02-16T14:00+01:00;1193.595;2816.965;121.02;121
2025-02-16T15:00+01:00;1246.975;2146.925;129.55;129.53
2025-02-16T16:00+01:00;1367.88;1431.82;137.68;137.68
2025-02-16T17:00+01:00;1411.605;1057.455;153.98;153.97
2025-02-16T18:00+01:00;1460.68;1078.91;169.98;169.96
2025-02-16T19:00+01:00;1471.98;1083.14;160.29;160.26
2025-02-16T20:00+01:00;1451.795;1074.535;153.72;153.7
2025-02-16T21:00+01:00;1394.165;1121.155;139.34;139.32
2025-02-16T22:00+01:00;1351.38;1196.54;137.62;137.6
2025-02-16T23:00+01:00;1243.805;1281.565;131.51;131.49
2025-02-17T00:00+01:00;1195.735;1358.145;128.05;128.05
2025-02-17T01:00+01:00;1223.03;1493.42;121.06;121.05
2025-02-17T02:00+01:00;1289.75;1652.09;120.34;120.32
2025-02-17T03:00+01:00;1238.745;1784.195;125.52;125.5
2025-02-17T04:00+01:00;1249.4;1918.04;128.94;128.93
2025-02-17T05:00+01:00;1276.7;2002.98;131.54;131.55
2025-02-17T06:00+01:00;1424.195;2088.885;150.67;152.14
2025-02-17T07:00+01:00;1471.8;2062.99;204.74;204.75
2025-02-17T08:00+01:00;1481.405;2316.395;209.79;212.4
2025-02-17T09:00+01:00;1461.195;2934.635;171.3;171.3
2025-02-17T10:00+01:00;1446.575;3507.305;139.67;139.67
2025-02-17T11:00+01:00;1256.525;4064.525;117.19;117.19
2025-02-17T12:00+01:00;1201.355;4382.375;109.47;109.47
2025-02-17T13:00+01:00;1195.655;4314.735;106.78;106.78
2025-02-17T14:00+01:00;1214.47;3977.99;111.89;111.89
2025-02-17T15:00+01:00;1320.58;3365.6;127.32;132.3
2025-02-17T16:00+01:00;1460.695;2452.275;155.43;159.61
2025-02-17T17:00+01:00;1494.37;1999.62;221.61;222.42
2025-02-17T18:00+01:00;1504.665;1914.525;271;271.11
2025-02-17T19:00+01:00;1493.985;1897.865;215.36;215.4
2025-02-17T20:00+01:00;1446.935;1831.975;177.86;177.88
2025-02-17T21:00+01:00;1371.8;1699.72;155.19;155.2
2025-02-17T22:00+01:00;1289.965;1679.925;139.39;139.4
2025-02-17T23:00+01:00;1214.97;1755.04;129.57;129.56
2025-02-18T00:00+01:00;1236.055;1807.465;132.95;132.96
2025-02-18T01:00+01:00;1199.62;1839.85;125;125
2025-02-18T02:00+01:00;1180.295;1776.835;123.56;123.57
2025-02-18T03:00+01:00;1139.495;1757.285;117.11;117.11
2025-02-18T04:00+01:00;1222.36;1672.47;115.66;115.67
2025-02-18T05:00+01:00;1228.43;1583.22;121.52;121.52
2025-02-18T06:00+01:00;1376.93;1431.82;140.39;140.4
2025-02-18T07:00+01:00;1474.1;1314.48;190.34;193.99
2025-02-18T08:00+01:00;1419.28;1505.01;193.8;194.85
2025-02-18T09:00+01:00;1380.13;2164.95;143.53;142.49
2025-02-18T10:00+01:00;1230.125;2707.435;124.24;124.24
2025-02-18T11:00+01:00;1084.15;3020.86;109.71;109.71
2025-02-18T12:00+01:00;847.405;3107.375;96.41;96.41
2025-02-18T13:00+01:00;827.09;2984.8;88.53;88.53
2025-02-18T14:00+01:00;900.42;2702.19;98.35;98.35
2025-02-18T15:00+01:00;1108.985;2193.955;110;110
2025-02-18T16:00+01:00;1205.865;1492.815;128.16;128.16
2025-02-18T17:00+01:00;1357.875;1142.875;176.82;177.61
2025-02-18T18:00+01:00;1395.5;1198.31;174.32;174.33
2025-02-18T19:00+01:00;1302.555;1228.315;155.91;155.91
2025-02-18T20:00+01:00;1316.145;1279.515;142.42;142.42
2025-02-18T21:00+01:00;1225.265;1268.195;129.41;129.42
2025-02-18T22:00+01:00;1223.935;1297.245;121.9;121.9
2025-02-18T23:00+01:00;1214.52;1315.42;114.45;114.45
2025-02-19T00:00+01:00;1089.165;1416.105;104.54;104.54
2025-02-19T01:00+01:00;1037.34;1456.53;99.29;99.29
2025-02-19T02:00+01:00;1093.565;1543.255;99.6;99.6
2025-02-19T03:00+01:00;1054.89;1563.48;97.29;97.3
2025-02-19T04:00+01:00;911.83;1630.18;94.5;94.5
2025-02-19T05:00+01:00;1125.925;1787.175;97.48;97.49
2025-02-19T06:00+01:00;1542.79;1991.72;115;113.73
2025-02-19T07:00+01:00;1660.84;2160.91;149.5;154.23
2025-02-19T08:00+01:00;1424.695;2419.865;166.37;171.66
2025-02-19T09:00+01:00;1399.68;3016.15;128.76;128.76
2025-02-19T10:00+01:00;1143.01;3621.43;107.91;107.9
2025-02-19T11:00+01:00;881.785;4117.865;89.28;89.29
2025-02-19T12:00+01:00;887.42;4403.69;81.52;81.54
2025-02-19T13:00+01:00;929.965;4347.485;82.74;82.76
2025-02-19T14:00+01:00;910.47;3922.62;85.2;85.2
2025-02-19T15:00+01:00;989.93;3690.31;90.63;89.02
2025-02-19T16:00+01:00;1142.165;3052.095;110.03;111.66
2025-02-19T17:00+01:00;1245.825;3156.115;131.28;131.29
2025-02-19T18:00+01:00;1346.3;3604.83;142.98;145.74
2025-02-19T19:00+01:00;1324.285;3909.605;136.32;141.69
2025-02-19T20:00+01:00;1189.64;4036.05;113.53;120.91
2025-02-19T21:00+01:00;1127.915;4095.195;98.68;113.76
2025-02-19T22:00+01:00;1124.795;4197.615;87.75;107.13
2025-02-19T23:00+01:00;1048.67;4477.3;81.16;82.31
2025-02-20T00:00+01:00;768.205;4633.035;70.9;79.92
2025-02-20T01:00+01:00;754.42;4843.09;69.73;82.11
2025-02-20T02:00+01:00;740.565;4788.525;68.88;78.31
2025-02-20T03:00+01:00;745.78;4830.87;67.08;67.94
2025-02-20T04:00+01:00;745.46;4863.28;65.38;66.13
2025-02-20T05:00+01:00;818.4;4961.36;64.5;65.12
2025-02-20T06:00+01:00;1014.455;5233.395;75.77;75.78
2025-02-20T07:00+01:00;1054.42;5112.15;102.85;107.86
2025-02-20T08:00+01:00;1081.275;5495.375;105.82;121.31
2025-02-20T09:00+01:00;874.675;5979.135;65.11;92.73
2025-02-20T10:00+01:00;671.75;6741.05;61.22;83.67
2025-02-20T11:00+01:00;619.585;7032.125;60.32;74.7
2025-02-20T12:00+01:00;598.385;7205.675;57.83;63.8
2025-02-20T13:00+01:00;508.21;6679.96;58.47;62.85
2025-02-20T14:00+01:00;517.67;6065.54;65.13;63.99
2025-02-20T15:00+01:00;573.34;5839.64;65.71;68.19
2025-02-20T16:00+01:00;682.43;5754.95;67.74;68.42
2025-02-20T17:00+01:00;667.52;5923.91;71.2;72.3
2025-02-20T18:00+01:00;583.91;6169.6;66.42;67.1
2025-02-20T19:00+01:00;559.285;6316.485;60.34;60.66
2025-02-20T20:00+01:00;567.69;6320.3;56.83;57.1
2025-02-20T21:00+01:00;528.475;6277.025;50.03;50.03
2025-02-20T22:00+01:00;480.205;6157.805;44.81;44.81
2025-02-20T23:00+01:00;470.965;5741.335;43.87;23.43
2025-02-21T00:00+01:00;602.73;5550.18;38.99;38.99
2025-02-21T01:00+01:00;559.69;5141.36;41.15;41.15
2025-02-21T02:00+01:00;505.185;4626.475;46.56;46.56
2025-02-21T03:00+01:00;508.05;3900.95;44.41;44.41
2025-02-21T04:00+01:00;514.6;3263.9;47.8;47.41
2025-02-21T05:00+01:00;624.725;3151.025;54.22;54.62
2025-02-21T06:00+01:00;848.67;3149.52;67.1;67.1
2025-02-21T07:00+01:00;1135.7;3028.66;111.73;131.7
2025-02-21T08:00+01:00;1450.275;3139.855;135.02;145.21
2025-02-21T09:00+01:00;1149.255;3254.595;112.2;120.99
2025-02-21T10:00+01:00;906.82;3422.15;92.01;98.69
2025-02-21T11:00+01:00;674.44;3609.16;77.93;83.41
2025-02-21T12:00+01:00;538.585;3603.075;69;78.01
2025-02-21T13:00+01:00;516.7;3616.7;69;76.41
2025-02-21T14:00+01:00;526.785;3736.465;69.47;79.53
2025-02-21T15:00+01:00;590.865;3985.775;75.49;82.95
2025-02-21T16:00+01:00;617.62;4224.15;73.19;92.54
2025-02-21T17:00+01:00;618.06;4880.88;84.27;89.27
2025-02-21T18:00+01:00;603.6;5351.45;73.57;101.98
2025-02-21T19:00+01:00;532.42;5593.55;61.45;61.91
2025-02-21T20:00+01:00;537.48;5743.69;55.56;55.88
2025-02-21T21:00+01:00;513.24;5714.45;52.04;52.16
2025-02-21T22:00+01:00;496.51;5538.71;49.43;49.49
2025-02-21T23:00+01:00;511.38;5380.92;48.6;48.6
2025-02-22T00:00+01:00;483.925;5269.455;40.25;40.25
2025-02-22T01:00+01:00;482.68;5089.21;41.83;41.83
2025-02-22T02:00+01:00;471.79;4845.24;42.03;42.03
2025-02-22T03:00+01:00;486.94;4694.11;41.34;41.34
2025-02-22T04:00+01:00;477.41;4490.07;39.79;39.79
2025-02-22T05:00+01:00;490.845;4218.245;40.95;40.95
2025-02-22T06:00+01:00;491.465;3998.025;47.4;47.4
2025-02-22T07:00+01:00;566.855;4131.885;52.12;52.12
2025-02-22T08:00+01:00;586.935;4449.435;52.79;52.79
2025-02-22T09:00+01:00;552.755;4693.805;60.39;60.39
2025-02-22T10:00+01:00;523.73;4892.06;53.21;51.87
2025-02-22T11:00+01:00;502.12;4950.09;47.13;41.98
2025-02-22T12:00+01:00;530.58;4831.42;40.4;40.4
2025-02-22T13:00+01:00;518.205;4691.815;52.69;52.69
2025-02-22T14:00+01:00;525.3;4523.66;61.67;61.67
2025-02-22T15:00+01:00;650.48;4508.15;66.11;66.11
2025-02-22T16:00+01:00;745.455;4474.685;90.38;90.38
2025-02-22T17:00+01:00;911.155;4323.265;108.08;108.08
2025-02-22T18:00+01:00;1082.805;4066.505;106.98;106.98
2025-02-22T19:00+01:00;942.84;3829.27;105.88;105.89
2025-02-22T20:00+01:00;1021.075;3443.575;91.69;91.69
2025-02-22T21:00+01:00;947.28;3125.83;91.77;91.77
2025-02-22T22:00+01:00;742.2;2895.01;94.27;67.11
2025-02-22T23:00+01:00;577.635;2729.125;83.51;67.11
2025-02-23T00:00+01:00;580.34;2605.57;91.1;91.1
2025-02-23T01:00+01:00;558.88;2259.2;84.99;84.99
2025-02-23T02:00+01:00;566.235;2056.705;86.21;86.21
2025-02-23T03:00+01:00;569.885;2075.215;83.63;83.63
2025-02-23T04:00+01:00;554.69;2186.73;84.3;84.3
2025-02-23T05:00+01:00;555.405;2077.445;85.79;85.79
2025-02-23T06:00+01:00;647.15;2078.18;86.62;86.62
2025-02-23T07:00+01:00;626.8;2171.53;85;85
2025-02-23T08:00+01:00;629.025;2159.195;98.06;98.06
2025-02-23T09:00+01:00;518.87;2359.43;93;93
2025-02-23T10:00+01:00;478.43;2664.63;76.13;76.13
2025-02-23T11:00+01:00;476.735;3238.125;60.46;60.46
2025-02-23T12:00+01:00;478.295;3710.235;49.81;51.27
2025-02-23T13:00+01:00;464.63;3908.62;48.94;50.81
2025-02-23T14:00+01:00;428.53;3991.57;47.5;50.88
2025-02-23T15:00+01:00;401.825;3889.665;52.41;60.4
2025-02-23T16:00+01:00;417.76;3652.12;67.1;84.7
2025-02-23T17:00+01:00;600.67;3777.27;92.59;150.12
2025-02-23T18:00+01:00;646.955;4195.545;113.34;154.69
2025-02-23T19:00+01:00;620.745;4459.695;87.27;117.03
2025-02-23T20:00+01:00;512.85;4494.22;67.1;96.04
2025-02-23T21:00+01:00;437.495;4663.155;46.57;77.33
2025-02-23T22:00+01:00;439.295;4938.945;48.87;67.11
2025-02-23T23:00+01:00;444.645;5222.835;44.94;47.81
2025-02-24T00:00+01:00;391.43;5451.17;10;67.1
2025-02-24T01:00+01:00;380.815;5518.025;11.89;19.31
2025-02-24T02:00+01:00;369.98;5465.19;9.02;9.02
2025-02-24T03:00+01:00;366.815;5380.995;4.09;4.09
2025-02-24T04:00+01:00;364.455;5440.285;3.93;3.93
2025-02-24T05:00+01:00;378.635;5909.775;5.06;3.96
2025-02-24T06:00+01:00;570.71;6317.41;31.91;33.01
2025-02-24T07:00+01:00;618.62;6366.12;48.74;48.89
2025-02-24T08:00+01:00;577.26;6483.63;52.93;52.93
2025-02-24T09:00+01:00;510.97;6456.58;50.91;51.36
2025-02-24T10:00+01:00;432.28;6458.08;50.33;50.46
2025-02-24T11:00+01:00;417.335;6350.135;45;44.96
2025-02-24T12:00+01:00;413.175;6216.925;41.88;41.88
2025-02-24T13:00+01:00;409.415;6099.305;39.99;39.99
2025-02-24T14:00+01:00;394.305;5791.835;40.02;40.02
2025-02-24T15:00+01:00;411.655;5668.965;42.63;42.63
2025-02-24T16:00+01:00;440.47;5420.47;49.99;50
2025-02-24T17:00+01:00;498.96;5227.63;62.67;62.67
2025-02-24T18:00+01:00;530.99;4699.53;77.75;77.75
2025-02-24T19:00+01:00;530.215;4128.615;87.21;87.22
2025-02-24T20:00+01:00;691.745;3899.165;77.2;77.2
2025-02-24T21:00+01:00;669.665;3910.515;99.91;67.11
2025-02-24T22:00+01:00;758.07;3964.9;111.96;60.92
2025-02-24T23:00+01:00;776.8;3722.23;106.48;78.8
2025-02-25T00:00+01:00;700.315;3351.285;86.46;86.47
2025-02-25T01:00+01:00;696.025;3017.255;89.91;89.91
2025-02-25T02:00+01:00;609.545;2778.805;92.42;92.42
2025-02-25T03:00+01:00;578.71;2428.82;92.44;92.44
2025-02-25T04:00+01:00;650.725;2030.255;94.32;94.32
2025-02-25T05:00+01:00;801.115;1918.445;103.5;102.02
2025-02-25T06:00+01:00;871.545;1906.565;140;141.48
2025-02-25T07:00+01:00;986.94;2086.84;162.29;167.17
2025-02-25T08:00+01:00;973.395;2144.035;169.05;173.34
2025-02-25T09:00+01:00;1218.795;2251.025;151.16;153.73
2025-02-25T10:00+01:00;951.16;2541.92;134.88;140.37
2025-02-25T11:00+01:00;880.715;2767.685;121.83;126.75
2025-02-25T12:00+01:00;856.2;2981.17;118.5;124.64
2025-02-25T13:00+01:00;853.655;3106.825;117.56;125.81
2025-02-25T14:00+01:00;863.625;2812.405;124.39;134.39
2025-02-25T15:00+01:00;993.085;2579.785;134.67;148.35
2025-02-25T16:00+01:00;1096.53;2414.6;157.96;170.68
2025-02-25T17:00+01:00;1153.765;2222.735;194.93;207.98
2025-02-25T18:00+01:00;1133.27;1963.39;215.8;233.05
2025-02-25T19:00+01:00;1116.405;1818.735;179.45;188.1
2025-02-25T20:00+01:00;1091.56;1624.65;155.27;156.96
2025-02-25T21:00+01:00;983.595;1602.715;138.97;142.47
2025-02-25T22:00+01:00;940.845;1594.335;127.54;129.46
2025-02-25T23:00+01:00;926.435;1449.835;115.13;115.13
2025-02-26T00:00+01:00;885.185;1380.825;122.99;122.99
2025-02-26T01:00+01:00;892.225;1330.855;119.82;119.82
2025-02-26T02:00+01:00;896.165;1256.455;116.94;116.94
2025-02-26T03:00+01:00;871.01;1181.88;115.98;115.98
2025-02-26T04:00+01:00;899.82;1170.75;116.56;116.56
2025-02-26T05:00+01:00;900.105;1188.875;117.27;117.27
2025-02-26T06:00+01:00;960.29;1239.04;130.01;132.65
2025-02-26T07:00+01:00;1034.41;1312.5;159.93;159.93
2025-02-26T08:00+01:00;1027.83;1469.38;175.19;175.2
2025-02-26T09:00+01:00;1070.85;1661.63;160.22;160.23
2025-02-26T10:00+01:00;945.155;1794.995;141.37;141.37
2025-02-26T11:00+01:00;958.17;1963.86;125.76;129.95
2025-02-26T12:00+01:00;908.045;2061.385;120.53;120.53
2025-02-26T13:00+01:00;895.19;2136.96;115.33;119.89
2025-02-26T14:00+01:00;873.715;2091.325;114.71;125.12
2025-02-26T15:00+01:00;929.14;1786.39;132.9;132.91
2025-02-26T16:00+01:00;1035.695;1466.825;149.75;149.75
2025-02-26T17:00+01:00;1142.05;1189.6;153.16;165.02
2025-02-26T18:00+01:00;980.18;1152.59;172.57;172.57
2025-02-26T19:00+01:00;1039.03;1184.39;162.82;162.83
2025-02-26T20:00+01:00;1025.81;1158.08;147.38;147.39
2025-02-26T21:00+01:00;946.26;1126.7;118.44;118.45
2025-02-26T22:00+01:00;922.155;1081.115;120.94;120.95
2025-02-26T23:00+01:00;866.965;1076.885;112.46;112.46
2025-02-27T00:00+01:00;928.315;1123.575;101.48;101.48
2025-02-27T01:00+01:00;894.715;1148.175;103.81;103.81
2025-02-27T02:00+01:00;833.08;1180.98;101.24;101.24
2025-02-27T03:00+01:00;730.575;1213.485;99.6;99.6
2025-02-27T04:00+01:00;840.015;1156.885;100.43;100.43
2025-02-27T05:00+01:00;852.665;1246.365;105.62;105.87
2025-02-27T06:00+01:00;947.165;1313.505;115.15;115.15
2025-02-27T07:00+01:00;1070.805;1343.725;151.24;152.33
2025-02-27T08:00+01:00;1086.475;1492.065;159.05;159.06
2025-02-27T09:00+01:00;1100.135;1620.685;142.58;142.59
2025-02-27T10:00+01:00;1027.275;1744.715;126.01;129.95
2025-02-27T11:00+01:00;926.605;1783.665;110;110.01
2025-02-27T12:00+01:00;874.12;1813.61;101.1;101.12
2025-02-27T13:00+01:00;847.935;1799.805;100.8;109.26
2025-02-27T14:00+01:00;846.775;1722.955;110;110.01
2025-02-27T15:00+01:00;945.56;1612.03;118.76;123.01
2025-02-27T16:00+01:00;982.085;1326.635;142.62;142.63
2025-02-27T17:00+01:00;1117.735;1172.585;158.69;158.71
2025-02-27T18:00+01:00;1125.485;1147.325;174.71;174.72
2025-02-27T19:00+01:00;1136.34;1100.66;163.17;163.18
2025-02-27T20:00+01:00;1132.6;1082.02;144.61;144.62
2025-02-27T21:00+01:00;994.8;1125.64;136.54;136.54
2025-02-27T22:00+01:00;957.605;1164.865;124.69;124.69
2025-02-27T23:00+01:00;870.81;1139.77;114.89;114.89
2025-02-28T00:00+01:00;773.32;1061.83;115.47;115.47
2025-02-28T01:00+01:00;699.605;1131.235;110.54;110.54
2025-02-28T02:00+01:00;688.75;1135.49;109.38;109.38
2025-02-28T03:00+01:00;674.33;1071.04;106.93;106.93
2025-02-28T04:00+01:00;726.04;1078.65;112.03;112.03
2025-02-28T05:00+01:00;796.04;1130.56;112.63;112.63
2025-02-28T06:00+01:00;1035.94;1190.58;123.97;135.99
2025-02-28T07:00+01:00;1160.92;1314.88;148.83;150.02
2025-02-28T08:00+01:00;1113.725;1506.675;161.82;161.83
2025-02-28T09:00+01:00;1103.72;1722.17;145.5;145.52
2025-02-28T10:00+01:00;1051.05;1940.82;127.44;127.71
2025-02-28T11:00+01:00;944.385;2316.605;110;115.97
2025-02-28T12:00+01:00;706.1;2559.19;98.34;109.54
2025-02-28T13:00+01:00;647.89;2626.98;91.5;108.59
2025-02-28T14:00+01:00;662.82;2411.35;92;111.59
2025-02-28T15:00+01:00;815.895;2077.545;101.15;125.58
2025-02-28T16:00+01:00;1143.275;1623.405;124.1;135.05
2025-02-28T17:00+01:00;1071.465;1283.045;147.72;152.87
2025-02-28T18:00+01:00;1216.82;1196.09;156.63;161.25
2025-02-28T19:00+01:00;1114.645;1163.615;158;158.86
2025-02-28T20:00+01:00;1103.905;1147.005;143.96;143.96
2025-02-28T21:00+01:00;1102.365;1125.055;131.31;132.94
2025-02-28T22:00+01:00;1094.765;1126.155;125.54;127.43
2025-02-28T23:00+01:00;1100.625;1156.945;117.21;119.03
2025-03-01T00:00+00:00;972.85;1263.64;128.19;128.2
2025-03-01T01:00+01:00;954.895;1315.355;120.38;120.38
2025-03-01T02:00+01:00;891.36;1399.19;117.09;117.09
2025-03-01T03:00+01:00;871.93;1422.16;112.15;112.15
2025-03-01T04:00+01:00;956.595;1474.435;109.75;109.75
2025-03-01T05:00+01:00;1010.41;1500.42;111.88;111.89
2025-03-01T06:00+01:00;975.555;1564.325;117.1;117.11
2025-03-01T07:00+01:00;1038.795;1640.635;133.82;135.81
2025-03-01T08:00+01:00;1051.595;1757.095;138.3;138.82
2025-03-01T09:00+01:00;1084.23;2150.57;137.74;137.77
2025-03-01T10:00+01:00;1057.165;2499.745;125.08;125.08
2025-03-01T11:00+01:00;840.485;3052.615;112.11;112.1
2025-03-01T12:00+01:00;;2710.53;98.63;102.21
2025-03-01T13:00+01:00;615.565;4037.185;91.45;97.27
2025-03-01T14:00+01:00;602.205;4251.465;89.1;99.39
2025-03-01T15:00+01:00;635.65;4121.12;97.5;97.8
2025-03-01T16:00+01:00;876.8;3511.02;120.18;125.41
2025-03-01T17:00+01:00;1001.645;3153.455;133.86;145
2025-03-01T18:00+01:00;1032.015;3278.525;152;158.55
2025-03-01T19:00+01:00;1179.265;3739.715;146.76;150.78
2025-03-01T20:00+01:00;977.46;3907.35;133.41;133.41
2025-03-01T21:00+01:00;890.675;4117.705;125.43;125.42
2025-03-01T22:00+01:00;853.76;4376.61;122.03;122.03
2025-03-01T23:00+01:00;839.885;4347.985;119.92;119.92
2025-03-02T00:00+01:00;823.855;4495.655;108.67;102.61
2025-03-02T01:00+01:00;826.325;4458.035;107.54;57.86
2025-03-02T02:00+01:00;796.84;4285.34;99.32;30.22
2025-03-02T03:00+01:00;736.61;4158.46;104.84;21.37
2025-03-02T04:00+01:00;554.065;4021.465;94.23;19.06
2025-03-02T05:00+01:00;595.64;3931.42;93.98;19.05
2025-03-02T06:00+01:00;728.555;3999.125;95.89;43.56
2025-03-02T07:00+01:00;716.795;4121.325;102.6;90.69
2025-03-02T08:00+01:00;598.225;4436.935;103.11;103.11
2025-03-02T09:00+01:00;551.025;5100.695;89;89
2025-03-02T10:00+01:00;497.85;6006.46;68.3;33.71
2025-03-02T11:00+01:00;484.98;6511.61;49;11.22
2025-03-02T12:00+01:00;483.595;6595.405;21.37;7.4
2025-03-02T13:00+01:00;473.29;5011.55;3.13;3.14
2025-03-02T14:00+01:00;436.58;5248.65;2.85;2.85
2025-03-02T15:00+01:00;496.845;6366.655;44;19
2025-03-02T16:00+01:00;563.72;6080.73;74.25;54.16
2025-03-02T17:00+01:00;607.675;5584.585;99.7;99.69
2025-03-02T18:00+01:00;745.535;5405.605;136.58;136.58
2025-03-02T19:00+01:00;748.845;5421.415;117.23;117.23
2025-03-02T20:00+01:00;606.02;5263.61;89.1;80.9
2025-03-02T21:00+01:00;482.615;5543.555;65.17;61.1
2025-03-02T22:00+01:00;484.83;5837.94;52;35.12
2025-03-02T23:00+01:00;506.15;6002.61;41.87;25.41
2025-03-03T00:00+01:00;474.745;6039.315;45.04;28.31
2025-03-03T01:00+01:00;469.505;5961.815;45.55;27.04
2025-03-03T02:00+01:00;473.335;5728.155;45.54;25.8
2025-03-03T03:00+01:00;469.96;5715.97;45.58;20.11
2025-03-03T04:00+01:00;442.24;5873;31.31;14.94
2025-03-03T05:00+01:00;439.165;6040.665;35.21;20.11
2025-03-03T06:00+01:00;469.12;6179.32;41.81;41.81
2025-03-03T07:00+01:00;503.88;6305.25;58.7;58.7
2025-03-03T08:00+01:00;593.18;6627;70.1;70.1
2025-03-03T09:00+01:00;515.085;6848.395;44.6;44.59
2025-03-03T10:00+01:00;463.555;7132.655;23.35;20.1
2025-03-03T11:00+01:00;408.24;7180.34;6.4;4.29
2025-03-03T12:00+01:00;347.06;5691.6;0.33;2.43
2025-03-03T13:00+01:00;337.21;5631.17;0.01;1.67
2025-03-03T14:00+01:00;387.735;6756.785;12.47;10.81
2025-03-03T15:00+01:00;478.435;6328.075;36.06;34.89
2025-03-03T16:00+01:00;554.27;5841.21;70.65;70.65
2025-03-03T17:00+01:00;883.89;5628.88;121.72;129.19
2025-03-03T18:00+01:00;856.83;5476.07;145.56;163.66
2025-03-03T19:00+01:00;866.665;5356.185;108.5;102.7
2025-03-03T20:00+01:00;832.655;5423.375;95.84;88.19
2025-03-03T21:00+01:00;810.84;5417.7;83.91;79.94
2025-03-03T22:00+01:00;758.23;5547.76;82.75;69.01
2025-03-03T23:00+01:00;564.3;5668.12;70.62;40.3
2025-03-04T00:00+01:00;585.585;5604.525;65.06;65.55
2025-03-04T01:00+01:00;591.31;5556.3;65.39;54.39
2025-03-04T02:00+01:00;599.515;5470.835;65.95;32.29
2025-03-04T03:00+01:00;529.39;5459.39;60.95;20.11
2025-03-04T04:00+01:00;527.785;5446.605;52.01;20.1
2025-03-04T05:00+01:00;673.57;5521.38;50.79;42.51
2025-03-04T06:00+01:00;607.385;5617.185;51.39;52.96
2025-03-04T07:00+01:00;918.32;5679.11;65.9;65.9
2025-03-04T08:00+01:00;890.25;5974.34;62.85;62.85
2025-03-04T09:00+01:00;608.36;6231.34;61.23;61.23
2025-03-04T10:00+01:00;492.375;6424.325;25.3;25.3
2025-03-04T11:00+01:00;430.135;6453.455;13.26;13.26
2025-03-04T12:00+01:00;352.495;6401.835;4;4
2025-03-04T13:00+01:00;367.665;6321.335;4.04;4.04
2025-03-04T14:00+01:00;462.985;6953.935;10.11;10.11
2025-03-04T15:00+01:00;493.47;6729.59;30.07;30.07
2025-03-04T16:00+01:00;506.745;6439.335;50;32.66
2025-03-04T17:00+01:00;667.87;6173.08;74.91;74.91
2025-03-04T18:00+01:00;703.63;6174.88;64.54;64.54
2025-03-04T19:00+01:00;582.005;6254.205;42.31;42.3
2025-03-04T20:00+01:00;526.595;6235.195;29.85;29.85
2025-03-04T21:00+01:00;478.36;6467.64;25.33;25.33
2025-03-04T22:00+01:00;504.105;6430.485;25.52;25.52
2025-03-04T23:00+01:00;462.015;6369.055;20.69;20.1
2025-03-05T00:00+01:00;391.335;6355.535;23.21;4
2025-03-05T01:00+01:00;385.79;6560.13;22.87;4
2025-03-05T02:00+01:00;397.44;6281.54;21.31;4
2025-03-05T03:00+01:00;403.265;6370.145;18.56;4
2025-03-05T04:00+01:00;398.535;6301.525;19.24;9.8
2025-03-05T05:00+01:00;417.18;6254.23;17.88;4
2025-03-05T06:00+01:00;413.985;6528.835;31.29;16.04
2025-03-05T07:00+01:00;451.145;6591.395;43.93;43.93
2025-03-05T08:00+01:00;432.89;6804.46;47.71;39.29
2025-03-05T09:00+01:00;403.195;7133.705;22;12.6
2025-03-05T10:00+01:00;369.67;5634.19;0.02;0.34
2025-03-05T11:00+01:00;360.06;5033.51;-0.07;-0.67
2025-03-05T12:00+01:00;359.06;4598.99;-4.28;-0.7
2025-03-05T13:00+01:00;360.965;4576.255;-3.7;-0.78
2025-03-05T14:00+01:00;377.33;5803.3;0.05;0.01
2025-03-05T15:00+01:00;418.175;6522.355;3.97;3.97
2025-03-05T16:00+01:00;401.105;6878.765;13.23;13.23
2025-03-05T17:00+01:00;554.075;6776.865;60.4;60.4
2025-03-05T18:00+01:00;598.925;6515.875;60.41;60.41
2025-03-05T19:00+01:00;537.85;6575.36;55.87;43.5
2025-03-05T20:00+01:00;537.92;6496.49;35.08;34.76
2025-03-05T21:00+01:00;497.795;6437.145;33.55;33.55
2025-03-05T22:00+01:00;472.765;6340.025;31.31;31.31
2025-03-05T23:00+01:00;473.245;6109.605;31.16;31.16
2025-03-06T00:00+01:00;571.385;5980.955;30.3;30.3
2025-03-06T01:00+01:00;477.52;5812.77;29.53;29.53
2025-03-06T02:00+01:00;466.57;5589.91;35.47;35.47
2025-03-06T03:00+01:00;476.98;5308.73;39.25;39.26
2025-03-06T04:00+01:00;513.09;5296.02;47.4;47.4
2025-03-06T05:00+01:00;618.145;5138.405;65.97;65.97
2025-03-06T06:00+01:00;787.845;5046.145;93.15;93.16
2025-03-06T07:00+01:00;818.095;5019.315;129.79;139.44
2025-03-06T08:00+01:00;814.99;5396.29;108.5;108.51
2025-03-06T09:00+01:00;698.915;5773.545;78.7;78.7
2025-03-06T10:00+01:00;557.42;5968.65;50.47;50.47
2025-03-06T11:00+01:00;471.59;5526.18;4.02;4.02
2025-03-06T12:00+01:00;380.61;4255.4;0.08;0.08
2025-03-06T13:00+01:00;384.075;4207.675;0.02;0.02
2025-03-06T14:00+01:00;473.62;5461.5;13.16;13.16
2025-03-06T15:00+01:00;565.53;4889.17;63.61;63.61
2025-03-06T16:00+01:00;833.39;4040.75;99.19;99.2
2025-03-06T17:00+01:00;969.85;3096.16;129.69;129.7
2025-03-06T18:00+01:00;1002.02;2722.3;155.73;165.36
2025-03-06T19:00+01:00;995.625;2890.835;132.33;149.11
2025-03-06T20:00+01:00;960.02;2945.86;112.63;125.64
2025-03-06T21:00+01:00;938.005;3056.045;103.37;106.63
2025-03-06T22:00+01:00;734.235;3060.985;96.4;101.47
2025-03-06T23:00+01:00;662.63;2993.97;86;91.11
2025-03-07T00:00+01:00;583.29;2873.41;84.58;90.27
2025-03-07T01:00+01:00;589.62;2808.52;86;90.27
2025-03-07T02:00+01:00;578.205;2682.285;87;91.38
2025-03-07T03:00+01:00;582.76;2618.64;85.88;91.69
2025-03-07T04:00+01:00;607.795;2503.715;90;98.13
2025-03-07T05:00+01:00;822.385;2536.675;101.3;115.16
2025-03-07T06:00+01:00;1065.325;2795.905;107.2;135.67
2025-03-07T07:00+01:00;1020.02;3199.39;131.37;147.7
2025-03-07T08:00+01:00;824.075;3670.735;122.23;122.23
2025-03-07T09:00+01:00;590.275;4121.075;83;83
2025-03-07T10:00+01:00;520.32;4471.82;65.3;65.3
2025-03-07T11:00+01:00;498.415;4512.395;31.81;31.51
2025-03-07T12:00+01:00;469.02;4306.14;12.79;13.08
2025-03-07T13:00+01:00;470.93;4196.49;8.08;8.08
2025-03-07T14:00+01:00;495.175;3961.695;37.06;37.05
2025-03-07T15:00+01:00;590.285;3347.445;90.15;90.15
2025-03-07T16:00+01:00;811.5;2537.37;110;126.99
2025-03-07T17:00+01:00;913.385;2036.635;134.83;149.92
2025-03-07T18:00+01:00;973.475;1862.935;195.47;216.65
2025-03-07T19:00+01:00;984.185;1776.705;165.8;178.68
2025-03-07T20:00+01:00;968.495;1590.485;136.11;148.7
2025-03-07T21:00+01:00;924.635;1455.115;118.55;132.4
2025-03-07T22:00+01:00;853.925;1379.875;119.11;119.11
2025-03-07T23:00+01:00;901.795;1141.805;102.42;111.83
2025-03-08T00:00+01:00;796.43;1163.69;124.97;124.97
2025-03-08T01:00+01:00;790.375;1171.395;113.94;113.94
2025-03-08T02:00+01:00;756.675;988.825;117.22;117.22
2025-03-08T03:00+01:00;748.945;998.325;116.76;116.76
2025-03-08T04:00+01:00;760.39;1070.19;118.42;118.42
2025-03-08T05:00+01:00;755.74;1027.26;121.3;121.3
2025-03-08T06:00+01:00;757.38;1020.88;114.9;127.82
2025-03-08T07:00+01:00;650.73;1176.41;120.59;120.6
2025-03-08T08:00+01:00;527.66;1579.17;98.04;98.05
2025-03-08T09:00+01:00;430.41;1944.18;72.54;72.54
2025-03-08T10:00+01:00;349.825;2409.675;18.05;18.05
2025-03-08T11:00+01:00;353.48;2476.11;2.07;2.07
2025-03-08T12:00+01:00;276.41;2217.64;-0.34;-0.33
2025-03-08T13:00+01:00;270.88;2184.39;-0.1;-0.1
2025-03-08T14:00+01:00;292.14;1934.72;0.07;2.76
2025-03-08T15:00+01:00;561.3;2004.33;56.2;53.53
2025-03-08T16:00+01:00;549.255;1616.545;100.86;100.87
2025-03-08T17:00+01:00;797.495;1307.865;145.58;145.58
2025-03-08T18:00+01:00;831.675;1297.245;174.05;174.04
2025-03-08T19:00+01:00;816.285;1459.805;140.03;140.03
2025-03-08T20:00+01:00;783.045;1744.805;111.21;111.21
2025-03-08T21:00+01:00;634.81;1844.73;100;100.01
2025-03-08T22:00+01:00;627.665;1872.595;99.24;99.24
2025-03-08T23:00+01:00;502.65;1911.4;97.94;97.94
2025-03-09T00:00+01:00;543.205;1916.855;95.19;95.19
2025-03-09T01:00+01:00;541.805;1756.085;94.81;94.81
2025-03-09T02:00+01:00;551.18;1599.64;94.44;94.44
2025-03-09T03:00+01:00;514.775;1581.635;96.51;96.51
2025-03-09T04:00+01:00;483.55;1594.29;98.67;98.67
2025-03-09T05:00+01:00;536.75;1723.12;101.51;101.51
2025-03-09T06:00+01:00;536.39;1910.06;100;100
2025-03-09T07:00+01:00;474.405;2043.655;93.01;93
2025-03-09T08:00+01:00;428.8;2296.62;65.4;59.02
2025-03-09T09:00+01:00;379.99;2697;29.27;24.41
2025-03-09T10:00+01:00;342.77;2872.68;10.1;21.32
2025-03-09T11:00+01:00;279.625;2557.135;0.03;3.95
2025-03-09T12:00+01:00;278.99;2238.28;-2.26;1.29
2025-03-09T13:00+01:00;280.94;2281.56;-2.04;3.95
2025-03-09T14:00+01:00;291.825;2878.635;0.09;11.03
2025-03-09T15:00+01:00;428.985;2957.915;17.39;28.01
2025-03-09T16:00+01:00;530.69;2613.48;90.56;68.99
2025-03-09T17:00+01:00;763.53;2379.15;112.06;107.86
2025-03-09T18:00+01:00;880.24;2369.43;134.16;134.15
2025-03-09T19:00+01:00;891.63;2503.57;136.7;132.71
2025-03-09T20:00+01:00;864.33;2485.29;130.2;114.54
2025-03-09T21:00+01:00;833.16;2605.79;121.44;107.87
2025-03-09T22:00+01:00;786.35;2485.94;110.01;104.56
2025-03-09T23:00+01:00;783.44;2207.31;103.64;103.64
2025-03-10T00:00+01:00;732.965;2064.135;95.84;95.84
2025-03-10T01:00+01:00;653.025;2029.085;94.92;94.92
2025-03-10T02:00+01:00;656.975;1949.905;96.7;96.7
2025-03-10T03:00+01:00;669.645;1837.755;96.87;96.86
2025-03-10T04:00+01:00;658.915;1786.905;89.98;89.98
2025-03-10T05:00+01:00;;;101.14;101.13
2025-03-10T06:00+01:00;;;144.25;148.63
2025-03-10T07:00+01:00;;;153.42;159.87
2025-03-10T08:00+01:00;;;133.96;134.08
2025-03-10T09:00+01:00;;;98.88;98.92
2025-03-10T10:00+01:00;;;84.38;84.44
2025-03-10T11:00+01:00;;;77.88;77.92
2025-03-10T12:00+01:00;;;76.02;76.06
2025-03-10T13:00+01:00;;;77.32;77.36
2025-03-10T14:00+01:00;;;83.91;83.96
2025-03-10T15:00+01:00;;;96.51;97.54
2025-03-10T16:00+01:00;;;103.42;127.59
2025-03-10T17:00+01:00;;;140.95;148.1
2025-03-10T18:00+01:00;;;165.35;175.06
2025-03-10T19:00+01:00;;;156.89;160.4
2025-03-10T20:00+01:00;;;123.2;142.28
2025-03-10T21:00+01:00;;;115.82;126.68
2025-03-10T22:00+01:00;;;105.82;106.87
2025-03-10T23:00+01:00;;;97.95;97.93