Date (GMT+2);Nuclear;Non-Renewable;Renewable;Day Ahead Auction (FI)
2025-01-01T00:00+02:00;3872.775;690.91;5039.2;4.01
2025-01-01T01:00+02:00;4078.05;672.465;4854.925;4.85
2025-01-01T02:00+02:00;4093.45;663.385;5021.75;3.95
2025-01-01T03:00+02:00;4091.95;661.74375;4726.99875;3.8
2025-01-01T04:00+02:00;4092.2;657.77625;4441.80375;3.46
2025-01-01T05:00+02:00;4092.425;635.865;4355.7625;3.44
2025-01-01T06:00+02:00;4087.8;650.34625;4105.21125;3.88
2025-01-01T07:00+02:00;4087.625;695.1625;3969.45;20.88
2025-01-01T08:00+02:00;4086.475;720.94;3919.4075;36.55
2025-01-01T09:00+02:00;4071.975;781.73125;3969.98875;41.79
2025-01-01T10:00+02:00;4080.975;832.31375;3650.48125;52.01
2025-01-01T11:00+02:00;4081.425;811.78875;3649.87375;75
2025-01-01T12:00+02:00;4085.025;812.40375;3601.52625;79.99
2025-01-01T13:00+02:00;4097.475;879.01;3476.7975;77.02
2025-01-01T14:00+02:00;4097.425;910.9125;3537.48;80
2025-01-01T15:00+02:00;4097.425;956.50375;3752.97125;85.17
2025-01-01T16:00+02:00;4096.475;949.595;3710.825;93.19
2025-01-01T17:00+02:00;4096.8;1016.3125;3859.8625;101.72
2025-01-01T18:00+02:00;4097.025;1013.05625;3876.71625;99.89
2025-01-01T19:00+02:00;4097.15;1017.72;3749.34;101.71
2025-01-01T20:00+02:00;4094.125;976.68375;3637.71125;92.43
2025-01-01T21:00+02:00;4090.475;1010.53;3379.2775;89.99
2025-01-01T22:00+02:00;4096.225;1024.6125;3456.145;106.22
2025-01-01T23:00+02:00;4090.575;1059.895;3361.1125;106.22
2025-01-02T00:00+02:00;4106.7;968.5125;3214.4025;90.6
2025-01-02T01:00+02:00;4118.675;937.09625;3340.53875;51.32
2025-01-02T02:00+02:00;4119.9;958.79875;3201.61875;42.01
2025-01-02T03:00+02:00;4118.825;957.60125;3074.01875;40.74
2025-01-02T04:00+02:00;4119.2;996.74;3196.0425;37.03
2025-01-02T05:00+02:00;4120.325;1093.1925;3401.57;42.9
2025-01-02T06:00+02:00;4119.8;1151.3075;3745.23;74.9
2025-01-02T07:00+02:00;4113.75;1334.22;3803.995;82.76
2025-01-02T08:00+02:00;4109.1;1565.1175;4113.345;94.93
2025-01-02T09:00+02:00;4110.575;1691.32875;4180.06625;118.62
2025-01-02T10:00+02:00;4111.75;1702.31;4186.2425;125.7
2025-01-02T11:00+02:00;4111.25;1701.65875;4157.52375;123.32
2025-01-02T12:00+02:00;4110.55;1751.3675;4194.6325;110.47
2025-01-02T13:00+02:00;4119.4;1793.07625;4239.75375;101.39
2025-01-02T14:00+02:00;4119.525;1737.4375;4307.9275;106.88
2025-01-02T15:00+02:00;4124.875;1685.86625;4474.06375;113.55
2025-01-02T16:00+02:00;4127.2;1714.13125;4878.23375;129.15
2025-01-02T17:00+02:00;4125.95;1753.6825;5034.965;135.28
2025-01-02T18:00+02:00;4128.2;1590.41875;5329.19125;150.22
2025-01-02T19:00+02:00;4128.1;1421.88125;5443.70875;148.43
2025-01-02T20:00+02:00;4127.575;1377.56;5406.775;109.51
2025-01-02T21:00+02:00;4127.575;1288.815;5031.35;104.67
2025-01-02T22:00+02:00;4111.825;1222.02;4928.8275;77.65
2025-01-02T23:00+02:00;4115.725;1131.7575;4671.2;66.87
2025-01-03T00:00+02:00;4128.8;1075.5325;4445.6625;58.07
2025-01-03T01:00+02:00;4120.35;1093.76125;4099.90375;43.43
2025-01-03T02:00+02:00;4118.375;1098.7025;3955.97;50.66
2025-01-03T03:00+02:00;4118.225;1113.515;3928.135;37.42
2025-01-03T04:00+02:00;4118.65;1122.1475;3763.1475;33.43
2025-01-03T05:00+02:00;4118.4;1185.8275;4002.27;39.92
2025-01-03T06:00+02:00;4110.1;1390.46;4122.085;67.99
2025-01-03T07:00+02:00;4108.15;1536.1575;4265.2;83.01
2025-01-03T08:00+02:00;4107.625;1532.645;4277.0925;123.89
2025-01-03T09:00+02:00;4106.65;1580.3025;4310.395;125.82
2025-01-03T10:00+02:00;4105.8;1557.5425;4290.2175;127.05
2025-01-03T11:00+02:00;4106.3;1579.16375;4522.67625;100
2025-01-03T12:00+02:00;4107.325;1697.31;4482.6425;105.95
2025-01-03T13:00+02:00;4107.425;1732.165;4356.465;89.18
2025-01-03T14:00+02:00;4106.725;1737.445;4319.34;92.99
2025-01-03T15:00+02:00;4108.625;1728.83625;4408.04375;94.02
2025-01-03T16:00+02:00;4127.825;1787.4425;4516.8925;101.03
2025-01-03T17:00+02:00;4128.125;1761.2725;4433.2225;123.89
2025-01-03T18:00+02:00;4128.625;1855.90375;4390.90625;119.91
2025-01-03T19:00+02:00;4128.775;1854.74125;4448.83125;119.9
2025-01-03T20:00+02:00;4129.4;1853.51875;4253.77625;108.44
2025-01-03T21:00+02:00;4164.575;1831.8075;3989.445;88.19
2025-01-03T22:00+02:00;4167.125;1708.55;3930.75;91.2
2025-01-03T23:00+02:00;4168.15;1467.6975;4108.75;91.19
2025-01-04T00:00+02:00;4168.55;1232.99125;4102.95625;77.06
2025-01-04T01:00+02:00;4167.425;1069.31625;4074.34375;51.81
2025-01-04T02:00+02:00;4167.1;1054.20875;3980.93875;48.64
2025-01-04T03:00+02:00;4167.075;1046.5425;4014.8525;48.45
2025-01-04T04:00+02:00;4167.175;1061.88125;3811.19375;55.01
2025-01-04T05:00+02:00;4167.525;1076.8375;3773.5025;47.97
2025-01-04T06:00+02:00;4166.6;1160.455;3998.33;58.5
2025-01-04T07:00+02:00;4165.85;1203.85375;3997.86625;59.67
2025-01-04T08:00+02:00;4167.425;1293.35125;4256.18625;85.17
2025-01-04T09:00+02:00;4167.825;1482.09125;4475.90375;101.1
2025-01-04T10:00+02:00;4168.725;1671.1275;4629.6575;106.83
2025-01-04T11:00+02:00;4167.9;1744.89625;4563.66625;107.45
2025-01-04T12:00+02:00;4168.55;1802.305;4670.785;106.48
2025-01-04T13:00+02:00;4167.7;1853.045;4786.23;104.2
2025-01-04T14:00+02:00;4168.075;1866.945;4699.6025;78.86
2025-01-04T15:00+02:00;4168.475;1891.11375;4648.03875;113.79
2025-01-04T16:00+02:00;4167.775;1880.90125;4742.42625;138.39
2025-01-04T17:00+02:00;4168.05;1873.815;4911.7925;149.99
2025-01-04T18:00+02:00;4167.925;1856.635;5021.43;150.17
2025-01-04T19:00+02:00;4168.55;1826.115;5143.36;147.33
2025-01-04T20:00+02:00;4167.975;1811.45125;5136.95875;140.1
2025-01-04T21:00+02:00;4167.6;1632.05125;4952.38875;123.2
2025-01-04T22:00+02:00;4169.075;1302.65625;4784.56625;120.5
2025-01-04T23:00+02:00;4167.925;1263.2625;4599.775;77.21
2025-01-05T00:00+02:00;4168.425;1153.4525;4375.01;64.41
2025-01-05T01:00+02:00;4167.425;1121.62625;4216.39625;56.81
2025-01-05T02:00+02:00;4168.05;1107.19125;4328.76875;57.59
2025-01-05T03:00+02:00;4168.425;1142.26375;4207.43125;58.58
2025-01-05T04:00+02:00;4167.625;1144.77375;4154.25375;60.59
2025-01-05T05:00+02:00;4168.35;1122.54875;4178.29625;69.56
2025-01-05T06:00+02:00;4168.525;1154.1475;4169.0175;71.34
2025-01-05T07:00+02:00;4167.85;1220.93625;4247.63875;85.68
2025-01-05T08:00+02:00;4166.2;1249.8075;4233.1075;85.41
2025-01-05T09:00+02:00;4167.75;1265.3575;4201.83;89.3
2025-01-05T10:00+02:00;4167.65;1288.04875;4298.47625;98.82
2025-01-05T11:00+02:00;4167.45;1307.845;4386.8775;106.02
2025-01-05T12:00+02:00;4174.25;1327.835;4559.9375;99.97
2025-01-05T13:00+02:00;4176.2;1316.2975;4563.0325;93.5
2025-01-05T14:00+02:00;4176.325;1323.1725;4625.4625;91.29
2025-01-05T15:00+02:00;4176.725;1327.03625;4705.40375;106.03
2025-01-05T16:00+02:00;4175.75;1289.63125;5083.53625;99.97
2025-01-05T17:00+02:00;4177.075;1289.965;5472.77;76.21
2025-01-05T18:00+02:00;4176.125;1280.75375;5807.15625;70.06
2025-01-05T19:00+02:00;4175;1138.225;6070.4125;67.34
2025-01-05T20:00+02:00;4174.1;1059.29625;5805.50375;52.85
2025-01-05T21:00+02:00;4174.65;991.135;5591.825;37.2
2025-01-05T22:00+02:00;4174.75;943.15;5451.45;38.74
2025-01-05T23:00+02:00;4175.45;915.355;5248.63;35.75
2025-01-06T00:00+02:00;4175.625;890.82;4888.66;27.16
2025-01-06T01:00+02:00;4167.175;927.06;4510.6775;55.01
2025-01-06T02:00+02:00;4167.6;950.08;4487.385;44.19
2025-01-06T03:00+02:00;4167.725;967.97125;4214.94875;39.99
2025-01-06T04:00+02:00;4168.7;966.485;4102.925;44.95
2025-01-06T05:00+02:00;4168.725;972.30875;3989.30875;55
2025-01-06T06:00+02:00;4168.6;983.22;4033.925;75.01
2025-01-06T07:00+02:00;4169.7;970.86625;4081.59375;88.09
2025-01-06T08:00+02:00;4169.825;1002.37875;4378.99375;103.23
2025-01-06T09:00+02:00;4169.875;1040.18125;4341.46875;97.83
2025-01-06T10:00+02:00;4174.45;1050.12625;4418.91875;99.94
2025-01-06T11:00+02:00;4177.625;1067.5375;4430.105;119.99
2025-01-06T12:00+02:00;4177.5;1057.165;4374.12;93.5
2025-01-06T13:00+02:00;4159.475;1073.945;4253.3275;93.49
2025-01-06T14:00+02:00;4157.9;1073.3875;4200.2975;93.49
2025-01-06T15:00+02:00;4158.45;1081.62875;4323.95125;106.02
2025-01-06T16:00+02:00;4167.75;1066.38875;4394.48625;119.99
2025-01-06T17:00+02:00;4169.375;1076.4275;4656.6225;106.03
2025-01-06T18:00+02:00;4168.725;1101.63375;4791.98375;106.02
2025-01-06T19:00+02:00;4169.65;1112.0125;4723.415;106.03
2025-01-06T20:00+02:00;4168.95;1079.645;4616.0925;93.49
2025-01-06T21:00+02:00;4169.45;975.855;4684.495;55.41
2025-01-06T22:00+02:00;4169.075;891.72125;4932.73875;55.01
2025-01-06T23:00+02:00;4168.675;816.53125;4859.04875;30.78
2025-01-07T00:00+02:00;4168.525;790.04;4574.6725;19.02
2025-01-07T01:00+02:00;4169.65;765.88375;4480.96875;20.19
2025-01-07T02:00+02:00;4170.075;795.75;4465.92;6.97
2025-01-07T03:00+02:00;4169.525;758.72625;4372.66375;5.7
2025-01-07T04:00+02:00;4169.625;738.36875;4308.03625;4.96
2025-01-07T05:00+02:00;4169.4;737.49875;4487.41625;5.35
2025-01-07T06:00+02:00;4169.025;824.575;5010.24;5.82
2025-01-07T07:00+02:00;4168.825;940.42375;5608.84625;27.46
2025-01-07T08:00+02:00;4181.825;958.8825;5864.6125;36.14
2025-01-07T09:00+02:00;4184.25;1048.87;6260.69;37.45
2025-01-07T10:00+02:00;4186.125;1065.03;6459.66;34.97
2025-01-07T11:00+02:00;4190.675;1003.38125;6545.84125;34.24
2025-01-07T12:00+02:00;4191.3;967.45125;6723.54875;34.63
2025-01-07T13:00+02:00;4193.525;905.19625;6696.09875;33.21
2025-01-07T14:00+02:00;4192;811.17875;6839.54125;33.26
2025-01-07T15:00+02:00;4191.7;782.74;7058.64;29.61
2025-01-07T16:00+02:00;4190.45;789.63625;7340.52875;31.54
2025-01-07T17:00+02:00;4190.8;771.6575;7472.2575;22.32
2025-01-07T18:00+02:00;4191.65;762.1075;7597.15;22
2025-01-07T19:00+02:00;4190.5;757.36625;7659.18375;17.84
2025-01-07T20:00+02:00;4190.4;776.6375;7688.01;7.22
2025-01-07T21:00+02:00;4190.95;756.77;7639.5;5.95
2025-01-07T22:00+02:00;4191.35;748.1775;7569.0575;5.94
2025-01-07T23:00+02:00;4192.225;721.6025;7442.2975;5.13
2025-01-08T00:00+02:00;4191.9;713.06625;7148.32625;4.33
2025-01-08T01:00+02:00;4191.25;717.7775;6861.9175;3.82
2025-01-08T02:00+02:00;4192.85;716.17125;6749.61125;3.91
2025-01-08T03:00+02:00;4192.3;711.955;6614.61;6.6
2025-01-08T04:00+02:00;4192.575;712.76125;6420.95125;6.48
2025-01-08T05:00+02:00;4192.475;713.25;6272.075;5.2
2025-01-08T06:00+02:00;4192.1;720.34625;6211.30625;12.59
2025-01-08T07:00+02:00;4193.025;782.5475;5945.275;11.81
2025-01-08T08:00+02:00;4190;843.6225;5952.9125;36.29
2025-01-08T09:00+02:00;4190.9;994.33;6175.035;51.8
2025-01-08T10:00+02:00;4192.7;967.8975;6191.03;59.72
2025-01-08T11:00+02:00;4191.125;988.695;6266.7;63.92
2025-01-08T12:00+02:00;4190.725;998.3525;6039.815;71.21
2025-01-08T13:00+02:00;4191.675;1020.625;5866.5375;71.01
2025-01-08T14:00+02:00;4192.175;1016.69;5821.2625;76.15
2025-01-08T15:00+02:00;4192.475;1034.195;5919.43;83.3
2025-01-08T16:00+02:00;4192.7;1063.64625;5930.84375;108.54
2025-01-08T17:00+02:00;4193.3;1103.78125;5840.69375;136.34
2025-01-08T18:00+02:00;4192.85;1113.1275;5633.35;144.22
2025-01-08T19:00+02:00;4192.35;1119.81125;5467.93125;132.4
2025-01-08T20:00+02:00;4191.75;1133.7575;5256.8175;133.69
2025-01-08T21:00+02:00;4191.25;1073.6575;5118.15;99.92
2025-01-08T22:00+02:00;4192.075;1016.27375;4930.97125;91.29
2025-01-08T23:00+02:00;4191.55;976.15625;4523.84875;75.72
2025-01-09T00:00+02:00;4191.95;957.07;4355.095;46.96
2025-01-09T01:00+02:00;4192.25;876.87875;4207.12125;31.34
2025-01-09T02:00+02:00;4192.5;878.59625;4073.98625;29.07
2025-01-09T03:00+02:00;4192.475;915.3775;3873.2;28.29
2025-01-09T04:00+02:00;4192.125;945.4625;3901.7525;28.94
2025-01-09T05:00+02:00;4193.275;1044.29375;4110.83625;30.99
2025-01-09T06:00+02:00;4192.275;1122.15;4499.215;43.41
2025-01-09T07:00+02:00;4192.7;1326.96625;4787.59375;70.09
2025-01-09T08:00+02:00;4192.1;1655.81375;4893.65375;153.37
2025-01-09T09:00+02:00;4192.05;1940.525;4938.4725;163.43
2025-01-09T10:00+02:00;4191.675;1814.2875;4929.335;155.46
2025-01-09T11:00+02:00;4193.45;1897.865;4832.9;146.29
2025-01-09T12:00+02:00;4193.375;1805.935;4841.43;146.35
2025-01-09T13:00+02:00;4193.1;1686.30625;4823.97375;133.5
2025-01-09T14:00+02:00;4191.275;1642.01625;4725.21125;126.15
2025-01-09T15:00+02:00;4192.25;1642.0325;4781.6475;129.09
2025-01-09T16:00+02:00;4195.125;1698.24875;4798.40875;134.73
2025-01-09T17:00+02:00;4198.25;1768.3325;4912.78;136.3
2025-01-09T18:00+02:00;4198.975;1843.4825;4757.9375;138.24
2025-01-09T19:00+02:00;4198.475;1844.6325;4710.0775;141.43
2025-01-09T20:00+02:00;4197.35;1796.08875;4598.29125;130.53
2025-01-09T21:00+02:00;4196.175;1614.0325;4224.49;120.93
2025-01-09T22:00+02:00;4196.675;1451.9625;4020.8;102.51
2025-01-09T23:00+02:00;4197.625;1321.65875;3950.94875;99.8
2025-01-10T00:00+02:00;4197.7;1242.71375;3912.65875;69.51
2025-01-10T01:00+02:00;4197.125;1099.3125;3687.3325;68.75
2025-01-10T02:00+02:00;4198.175;1093.385;3455.5125;58.49
2025-01-10T03:00+02:00;4197.475;1095.32625;3327.92125;54.95
2025-01-10T04:00+02:00;4196.775;1100.685;3254.33;50.94
2025-01-10T05:00+02:00;4197.625;1147.4925;3535.7175;52.86
2025-01-10T06:00+02:00;4197.725;1304.405;3851.6925;62.85
2025-01-10T07:00+02:00;4197.55;1399.95875;4109.02375;101.21
2025-01-10T08:00+02:00;4197.175;1484.01125;4357.81625;125.63
2025-01-10T09:00+02:00;4196.175;1503.89;4405.27;141.3
2025-01-10T10:00+02:00;4195.625;1492.8375;4543.4625;137.3
2025-01-10T11:00+02:00;4195.875;1501.345;4550.5425;124.76
2025-01-10T12:00+02:00;4196.5;1485.9225;4455.2675;115.15
2025-01-10T13:00+02:00;4191.4;1521.4175;4392.55;110.32
2025-01-10T14:00+02:00;4193.85;1521.35;4532.4325;105.01
2025-01-10T15:00+02:00;4195.775;1524.13625;4706.79875;110.01
2025-01-10T16:00+02:00;4203.225;1545.4375;4769.0975;125.66
2025-01-10T17:00+02:00;4204.3;1561.44125;4981.02625;129.91
2025-01-10T18:00+02:00;4203.45;1587.31;5063.81;138.25
2025-01-10T19:00+02:00;4203.075;1486.05625;4986.74375;135.95
2025-01-10T20:00+02:00;4204.375;1313.3875;4966.3675;96.03
2025-01-10T21:00+02:00;4204.175;1071.8975;4853.9275;55.09
2025-01-10T22:00+02:00;4203.925;931.38875;4594.29875;46.82
2025-01-10T23:00+02:00;4203.225;985.415;4399.66;40.47
2025-01-11T00:00+02:00;4203.4;930.3425;4190.9425;32.06
2025-01-11T01:00+02:00;4202.95;853.92;4097.4025;26.79
2025-01-11T02:00+02:00;4202.675;839.6775;3998.795;22.01
2025-01-11T03:00+02:00;4203.45;856.9725;4005.5825;17.58
2025-01-11T04:00+02:00;4203.575;870.55375;3945.24125;15.74
2025-01-11T05:00+02:00;4204.45;857.79;4153.325;20.23
2025-01-11T06:00+02:00;4203.625;848.7275;4193.7075;25.27
2025-01-11T07:00+02:00;4203.575;855.8225;4538.3425;27.47
2025-01-11T08:00+02:00;4203.95;852.635;5003.2375;35.44
2025-01-11T09:00+02:00;4203.75;850.9675;5243.3725;38.83
2025-01-11T10:00+02:00;4204.1;869.2925;5444.1;41.11
2025-01-11T11:00+02:00;4203.75;854.99375;5606.41375;42.7
2025-01-11T12:00+02:00;4203.95;834.46625;5503.05125;42.81
2025-01-11T13:00+02:00;4204.175;835.59;5530.66;42.26
2025-01-11T14:00+02:00;4203.125;828.9575;5473.585;44.85
2025-01-11T15:00+02:00;4202.725;849.44375;5608.40625;44.74
2025-01-11T16:00+02:00;4203.325;872.435;5935.8;45.34
2025-01-11T17:00+02:00;4203.125;886.72375;6076.55625;47.88
2025-01-11T18:00+02:00;4203.325;868.48375;6165.46125;51.56
2025-01-11T19:00+02:00;4198.975;875.67375;5994.04125;48.25
2025-01-11T20:00+02:00;4179.35;890.26625;5445.01875;45.58
2025-01-11T21:00+02:00;4176.9;896.11875;4995.06375;43.34
2025-01-11T22:00+02:00;4175.95;906.5775;4734.6975;43.52
2025-01-11T23:00+02:00;4179.25;906.84;4995.9025;41.27
2025-01-12T00:00+02:00;4184.025;862.3975;5036.9125;35.14
2025-01-12T01:00+02:00;4183.8;854.41875;5094.15375;30.75
2025-01-12T02:00+02:00;4184.6;839.14;5125.6075;26.15
2025-01-12T03:00+02:00;4183.75;830.2625;5004.925;25.16
2025-01-12T04:00+02:00;4184.6;840.11;4895.5075;30.35
2025-01-12T05:00+02:00;4184.5;846.1425;4828.95;34.34
2025-01-12T06:00+02:00;4183.875;871.9025;5038.225;35.51
2025-01-12T07:00+02:00;4156.7;890.025;5283.475;36
2025-01-12T08:00+02:00;4145.1;916.215;5658.6875;36.66
2025-01-12T09:00+02:00;4144.975;926.2375;6107.0375;39.83
2025-01-12T10:00+02:00;4144.675;960.64;6387.1875;55
2025-01-12T11:00+02:00;4144.05;933.2775;6798.2225;70.46
2025-01-12T12:00+02:00;4144.8;916.175;7134.7875;80.7
2025-01-12T13:00+02:00;4144.075;952.6575;7091.4475;72.03
2025-01-12T14:00+02:00;4144.275;951.55625;7006.52125;68
2025-01-12T15:00+02:00;4144.4;986.1825;7179.11;83.96
2025-01-12T16:00+02:00;4144.95;1049.3925;7457.125;100
2025-01-12T17:00+02:00;4144.125;1092.9975;7447.425;94.86
2025-01-12T18:00+02:00;4143.7;1105.65;7226.64;99.73
2025-01-12T19:00+02:00;4143.15;1093.645;7187.75;106.92
2025-01-12T20:00+02:00;4143.1;1102.7525;7151.6;94.48
2025-01-12T21:00+02:00;4143.575;1060.73;6964.95;77.01
2025-01-12T22:00+02:00;4142.9;1001.395;6684.325;97.11
2025-01-12T23:00+02:00;4143.3;948.14;6189.2;73.44
2025-01-13T00:00+02:00;4143.3;860.22;6046.93;42.7
2025-01-13T01:00+02:00;4137.675;796.14625;5887.76625;22.93
2025-01-13T02:00+02:00;4138.175;820.0875;5843.9725;25.33
2025-01-13T03:00+02:00;4138.55;769.08625;5596.45125;20.46
2025-01-13T04:00+02:00;4137.85;758.51875;5680.90125;14.97
2025-01-13T05:00+02:00;4139.225;756.58375;5847.79625;13.33
2025-01-13T06:00+02:00;4120.175;744.88;6532.005;24.88
2025-01-13T07:00+02:00;4118.925;762.9975;7154.66;30.01
2025-01-13T08:00+02:00;4121.825;810.3875;7796.845;30.17
2025-01-13T09:00+02:00;4120.875;823.17;8385.0875;26.89
2025-01-13T10:00+02:00;4118.075;777.32625;8518.40875;10.8
2025-01-13T11:00+02:00;4118.2;732.37375;8504.31625;14.99
2025-01-13T12:00+02:00;4118;694.4825;8647.905;13.57
2025-01-13T13:00+02:00;4117.825;703.03;8742.3375;11.09
2025-01-13T14:00+02:00;4136.5;656.84875;8806.91125;4.46
2025-01-13T15:00+02:00;4139.4;639.12;8575.7375;2.99
2025-01-13T16:00+02:00;4139.075;645.5;8595.175;2.87
2025-01-13T17:00+02:00;4139.875;652.34;8592.125;2.68
2025-01-13T18:00+02:00;4136.725;649.02;8363.1;2.51
2025-01-13T19:00+02:00;4123.075;649.335;8317.45;2.33
2025-01-13T20:00+02:00;4115.125;642.295;8470.45;2.26
2025-01-13T21:00+02:00;4115.075;638.785;8618.6;2.16
2025-01-13T22:00+02:00;4114.975;638.395;8663.6525;2
2025-01-13T23:00+02:00;4115.35;632.6;8432.8425;1.7
2025-01-14T00:00+02:00;4106.525;637.5225;7582.1025;0.28
2025-01-14T01:00+02:00;3999.975;640.155;7345.03;0.2
2025-01-14T02:00+02:00;3947.375;631.81;7279.0125;0.2
2025-01-14T03:00+02:00;3945.15;639.13375;7275.87125;0.18
2025-01-14T04:00+02:00;3945.275;632.3025;7296.145;0.09
2025-01-14T05:00+02:00;3945.75;630.0675;7117.8575;0.2
2025-01-14T06:00+02:00;3946.125;623.03375;7370.66875;1.26
2025-01-14T07:00+02:00;4007.275;629.2825;7620.525;1.96
2025-01-14T08:00+02:00;4106.525;636.0775;7758.4;2.52
2025-01-14T09:00+02:00;4105.975;632.515;7705.4275;2.72
2025-01-14T10:00+02:00;4112.25;624.9325;7566.3875;2.7
2025-01-14T11:00+02:00;4116.125;638.8825;7890.9075;2.86
2025-01-14T12:00+02:00;4119.7;630.445;7767.1875;2.91
2025-01-14T13:00+02:00;4122.9;619.5225;7216.7375;3.23
2025-01-14T14:00+02:00;4124.975;638.4975;6891.36;3.5
2025-01-14T15:00+02:00;4129.425;611.0025;7260.35;3.46
2025-01-14T16:00+02:00;4129.875;612.36;7445.8225;7.64
2025-01-14T17:00+02:00;4130.8;610.7975;7596.275;8.87
2025-01-14T18:00+02:00;4130.1;611.4075;7619.38;9.1
2025-01-14T19:00+02:00;4129.925;615.94125;7126.55375;10.51
2025-01-14T20:00+02:00;4130.2;625.0675;7184.41;11.45
2025-01-14T21:00+02:00;4130.525;636.0525;6956.1;6.25
2025-01-14T22:00+02:00;4130.625;634.62875;6895.07625;12.17
2025-01-14T23:00+02:00;4131.225;609.62875;6707.20875;21.48
2025-01-15T00:00+02:00;4131.725;615.0475;6284.0775;19.69
2025-01-15T01:00+02:00;4139.075;662.8725;5422.625;22.89
2025-01-15T02:00+02:00;4139.325;650.77;4884.8;19.58
2025-01-15T03:00+02:00;4139.675;695.42;4157.34;20.9
2025-01-15T04:00+02:00;4139.5;767.33375;3611.09875;33.88
2025-01-15T05:00+02:00;4139.4;877.2725;3281.3825;35.7
2025-01-15T06:00+02:00;4116.525;1100.97;3747.5425;82.27
2025-01-15T07:00+02:00;4116.8;1313.765;4386.2075;137.88
2025-01-15T08:00+02:00;4116.55;1275.62875;5417.20625;202.55
2025-01-15T09:00+02:00;4116.775;1167.81125;6423.85125;301.66
2025-01-15T10:00+02:00;4117.6;986.72625;7424.26875;105.8
2025-01-15T11:00+02:00;4118.35;820.8625;7685.4425;30.01
2025-01-15T12:00+02:00;4115.275;740.32;7595.525;15.08
2025-01-15T13:00+02:00;4114.775;687.215;7623.9575;6.4
2025-01-15T14:00+02:00;4131.8;661.8075;7918.425;7.46
2025-01-15T15:00+02:00;4137.7;672.1175;7942.235;3
2025-01-15T16:00+02:00;4137.9;667.4475;8014.17;2.78
2025-01-15T17:00+02:00;4138.225;665.5275;8177.655;2.19
2025-01-15T18:00+02:00;4138.45;662.105;8298.28;2.13
2025-01-15T19:00+02:00;4138.7;653.375;8285.625;2.16
2025-01-15T20:00+02:00;4140.025;645.1825;8204.755;2.14
2025-01-15T21:00+02:00;4139.575;636.0675;7993.6925;2.01
2025-01-15T22:00+02:00;4138.4;639.7375;7772.0025;2.07
2025-01-15T23:00+02:00;4138.825;637.98625;7644.16625;1.65
2025-01-16T00:00+02:00;4138.25;641.58;7481.7125;0.42
2025-01-16T01:00+02:00;4084.225;633.8;7284.4275;0.09
2025-01-16T02:00+02:00;4084.9;627.9275;6886.2725;0
2025-01-16T03:00+02:00;4085.525;619.94875;6594.99625;0
2025-01-16T04:00+02:00;4085;594.21125;6312.25375;0
2025-01-16T05:00+02:00;4084.65;595.43;6656.2325;0
2025-01-16T06:00+02:00;4085.325;608.54;7490.8;1.26
2025-01-16T07:00+02:00;4084.975;622.935;7728.31;1.98
2025-01-16T08:00+02:00;4083.775;581.5;8181.9775;2.17
2025-01-16T09:00+02:00;4083.475;592.99625;8081.48875;2.17
2025-01-16T10:00+02:00;4083.875;612.4625;8034.24;2.3
2025-01-16T11:00+02:00;4084.175;575.825;7944.2825;2.23
2025-01-16T12:00+02:00;4083.95;569.4275;8000.43;2.08
2025-01-16T13:00+02:00;4082.875;560.4575;8128.67;2.07
2025-01-16T14:00+02:00;4083.6;570.765;8282.92;1.99
2025-01-16T15:00+02:00;4083.725;571.995;8364.68;2
2025-01-16T16:00+02:00;4105.025;573.915;8375.8125;2.12
2025-01-16T17:00+02:00;4107.2;576.4375;8349.445;2.39
2025-01-16T18:00+02:00;4107.575;569.72;8459.3825;2.17
2025-01-16T19:00+02:00;4107.6;572.3875;8234.3;2.12
2025-01-16T20:00+02:00;4106.825;575.81875;8178.63375;2.22
2025-01-16T21:00+02:00;4107.85;569.6725;8426.4225;2.17
2025-01-16T22:00+02:00;4107.1;575.74;8390.27;2.61
2025-01-16T23:00+02:00;4107.25;574.82;8132.5325;2.35
2025-01-17T00:00+02:00;4107.6;586.0625;8059.35;2.05
2025-01-17T01:00+02:00;4018.65;620.86125;7599.64875;1.48
2025-01-17T02:00+02:00;3832.025;628.76625;7288.45375;1.18
2025-01-17T03:00+02:00;3831.85;629.26625;6957.62125;1.09
2025-01-17T04:00+02:00;3832.325;633.575;6572.185;1.24
2025-01-17T05:00+02:00;3832.05;653.51375;6458.83125;2.08
2025-01-17T06:00+02:00;3816.1;646.8175;6414.065;3.31
2025-01-17T07:00+02:00;3815.175;652.87;6915.335;4.08
2025-01-17T08:00+02:00;3815.525;644.9325;7260.105;4.14
2025-01-17T09:00+02:00;3814.125;660.6125;7282.6525;4.22
2025-01-17T10:00+02:00;3814.175;664.0625;7320.195;4.27
2025-01-17T11:00+02:00;3814.1;653.515;7519.8575;4.11
2025-01-17T12:00+02:00;3813.6;635.455;7413.5975;4.14
2025-01-17T13:00+02:00;3814.05;648.15125;7396.02125;4.26
2025-01-17T14:00+02:00;3825.825;642.75625;7437.16125;3.96
2025-01-17T15:00+02:00;3826.425;639.67875;7553.67375;3.11
2025-01-17T16:00+02:00;3827.9;637.9175;7472.0975;2.99
2025-01-17T17:00+02:00;3826.75;640.57625;7670.92625;2.82
2025-01-17T18:00+02:00;3826.6;633.6;7788.8325;2.44
2025-01-17T19:00+02:00;3742.25;639.4325;7717.12;2.17
2025-01-17T20:00+02:00;3632.3;630.52375;7829.94375;2.16
2025-01-17T21:00+02:00;3627.725;621.65;7962.8575;1.94
2025-01-17T22:00+02:00;3627.6;625.06;7979.5075;1.41
2025-01-17T23:00+02:00;3627.5;626.595;7866.9975;0.18
2025-01-18T00:00+02:00;3621.975;647.695;7722.205;0
2025-01-18T01:00+02:00;3610.175;644.165;7731.2325;0
2025-01-18T02:00+02:00;3610;651.58;7678.4075;0
2025-01-18T03:00+02:00;3609.7;643.44;7523.125;0
2025-01-18T04:00+02:00;3610.825;643.355;7547.855;0
2025-01-18T05:00+02:00;3609;640.205;7621.7475;0.01
2025-01-18T06:00+02:00;3610.35;640.36;7709.8875;0.01
2025-01-18T07:00+02:00;3621.9;645.9475;7827.745;1.04
2025-01-18T08:00+02:00;3625.775;649.5275;7730.2575;0.01
2025-01-18T09:00+02:00;3625.5;653.75625;7707.47625;1.24
2025-01-18T10:00+02:00;3626.025;656.95125;8223.16375;1.99
2025-01-18T11:00+02:00;3624.4;656;8302.5425;2.09
2025-01-18T12:00+02:00;3624.325;653.25625;8359.94625;2.34
2025-01-18T13:00+02:00;3624.15;659.50125;8378.75625;2.51
2025-01-18T14:00+02:00;3624.325;674.27;8365.3775;2.66
2025-01-18T15:00+02:00;3624.35;658.69625;8323.83125;2.78
2025-01-18T16:00+02:00;3624.275;665.8175;8318.1175;3.16
2025-01-18T17:00+02:00;3623.925;664.22;8076.95;3.49
2025-01-18T18:00+02:00;3623.8;658;7658.745;3.77
2025-01-18T19:00+02:00;3624.7;687.895;6989.07;4.18
2025-01-18T20:00+02:00;3623.65;655.9125;6567.6525;5.23
2025-01-18T21:00+02:00;3623;657.545;5876.575;6.37
2025-01-18T22:00+02:00;3771.225;664.47875;5503.25375;10.02
2025-01-18T23:00+02:00;3822.425;687.1425;5221.1575;22.16
2025-01-19T00:00+02:00;3823.675;687.01;5170.45;6.4
2025-01-19T01:00+02:00;3821.95;676.3325;5282.3075;25.01
2025-01-19T02:00+02:00;3822.975;660.5825;5392.68;6.64
2025-01-19T03:00+02:00;3823.925;674.175;5633.13;5.21
2025-01-19T04:00+02:00;3823.075;663.2075;5567.2425;4.32
2025-01-19T05:00+02:00;3822.95;651.27125;5666.95875;4.29
2025-01-19T06:00+02:00;3823.2;653.4825;5682.795;3.76
2025-01-19T07:00+02:00;3822.025;654.50375;5794.05625;3.61
2025-01-19T08:00+02:00;3827.2;656.53625;6161.24375;3.43
2025-01-19T09:00+02:00;3827.95;659.335;6203.97;3.18
2025-01-19T10:00+02:00;3828.975;653.315;6263.345;3.12
2025-01-19T11:00+02:00;3829.9;647.9925;6528.1625;3.07
2025-01-19T12:00+02:00;3830.275;637.935;7024.8275;2.9
2025-01-19T13:00+02:00;3830.1;638.98;7434.0225;2.31
2025-01-19T14:00+02:00;3829.2;641.245;7479.9275;2.32
2025-01-19T15:00+02:00;3828.775;637.5425;7853.12;2.49
2025-01-19T16:00+02:00;3829.375;640.03;8052.5575;2.54
2025-01-19T17:00+02:00;3829.45;639.905;8055.805;2.72
2025-01-19T18:00+02:00;3830;624.1625;8216.7;3.67
2025-01-19T19:00+02:00;3842;608.525;7884.6525;3.98
2025-01-19T20:00+02:00;3845.7;607.35625;7701.47875;4.14
2025-01-19T21:00+02:00;3845.55;622.77625;7396.13875;3.99
2025-01-19T22:00+02:00;3845.45;620.19;7220.8075;4.94
2025-01-19T23:00+02:00;3845.825;612.0375;7040.575;5.38
2025-01-20T00:00+02:00;3845.65;611.18375;6671.34875;5.37
2025-01-20T01:00+02:00;4055.775;676.3725;5987.5075;10.47
2025-01-20T02:00+02:00;4186.5;698.0275;5507.6775;11.82
2025-01-20T03:00+02:00;4186.6;711.7975;5124.53;15.05
2025-01-20T04:00+02:00;4186;743.4625;5153.335;19.44
2025-01-20T05:00+02:00;4186.05;869.31625;5367.19875;23.69
2025-01-20T06:00+02:00;4160.375;1033.1125;5776.4825;49.62
2025-01-20T07:00+02:00;4151.8;1217.05125;5846.76375;84.72
2025-01-20T08:00+02:00;4153.2;1457.42625;6064.22375;242.27
2025-01-20T09:00+02:00;4155.425;1466.7225;5736.6325;356.89
2025-01-20T10:00+02:00;4151.475;1467.9175;5551.9875;265.03
2025-01-20T11:00+02:00;4144.175;1505.04;5357.0975;221.38
2025-01-20T12:00+02:00;4141.875;1633.5175;5177.3425;178.41
2025-01-20T13:00+02:00;4156.35;1699.1925;4999.89;166.64
2025-01-20T14:00+02:00;4170.775;1672.48;5235.4375;161.55
2025-01-20T15:00+02:00;4187.55;1655.03;5465.76;185.45
2025-01-20T16:00+02:00;4187.8;1631.495;5969.51;270.75
2025-01-20T17:00+02:00;4187.025;1619.39125;6393.44875;300.09
2025-01-20T18:00+02:00;4186.45;1575.8975;6419.6625;250.2
2025-01-20T19:00+02:00;4193.45;1605.32;6286.2025;169.23
2025-01-20T20:00+02:00;4197;1585.92;6434.1575;158.78
2025-01-20T21:00+02:00;4197.875;1366.63375;6537.95875;70.74
2025-01-20T22:00+02:00;4198.075;1206.96375;6599.71625;86.74
2025-01-20T23:00+02:00;4198.725;1099.19375;6250.82875;51.69
2025-01-21T00:00+02:00;4159.925;965.2475;6013.4025;30.01
2025-01-21T01:00+02:00;4124.95;858.375;5796.9575;29.93
2025-01-21T02:00+02:00;4122;853.66125;5463.53125;35.01
2025-01-21T03:00+02:00;4130.575;859.3825;5316.775;33.51
2025-01-21T04:00+02:00;4102.65;854.8625;5280.905;31.56
2025-01-21T05:00+02:00;4102.175;852.87;5483.6075;35
2025-01-21T06:00+02:00;4103.625;935.8275;6032.65;41.01
2025-01-21T07:00+02:00;4107.075;1040.79875;6659.57375;48.58
2025-01-21T08:00+02:00;4105.575;1062.52;7302.3025;107
2025-01-21T09:00+02:00;4140.975;1233.45375;7695.82625;129.99
2025-01-21T10:00+02:00;4133.525;1152.75125;7929.44875;96.42
2025-01-21T11:00+02:00;4107.625;1084.735;7891.1775;99.99
2025-01-21T12:00+02:00;4106.675;1066.1875;7646.205;68.03
2025-01-21T13:00+02:00;4107.65;1062.04875;7568.69875;68.02
2025-01-21T14:00+02:00;4107.95;1047.20375;7571.56875;59.41
2025-01-21T15:00+02:00;4107.475;1039.59875;7516.87625;51.08
2025-01-21T16:00+02:00;4124.275;1058.2275;7767.645;51.24
2025-01-21T17:00+02:00;4147.65;1074.51;8225.4175;43.98
2025-01-21T18:00+02:00;4158.575;1063.045;8607.35;36.78
2025-01-21T19:00+02:00;4186.55;990.96625;8615.56125;26.62
2025-01-21T20:00+02:00;4165.4;849.495;8343.8425;13.76
2025-01-21T21:00+02:00;4161.475;806.2175;7999.405;11.87
2025-01-21T22:00+02:00;4161.05;794.57125;7731.29375;14.89
2025-01-21T23:00+02:00;4169.75;819.39;7608.4375;17.95
2025-01-22T00:00+02:00;4193.1;826.7275;7332.5425;12.48
2025-01-22T01:00+02:00;4193.525;817.335;7072.145;29.94
2025-01-22T02:00+02:00;4193.925;814.2725;6618.375;27.85
2025-01-22T03:00+02:00;4186.325;866.225;6414.1;28.2
2025-01-22T04:00+02:00;4182.95;946.62;6155.095;29.01
2025-01-22T05:00+02:00;4183.45;1016.8825;5990.32;29.97
2025-01-22T06:00+02:00;4142.1;1175.26;6050.46;35.75
2025-01-22T07:00+02:00;4107.3;1321.1325;6019.45;64.13
2025-01-22T08:00+02:00;4106.775;1501.6175;5990.3525;139.53
2025-01-22T09:00+02:00;4104.925;1741.57875;5685.66875;144.46
2025-01-22T10:00+02:00;4106.75;1902.2075;5339.4675;178.02
2025-01-22T11:00+02:00;4108.125;1929.995;4935.3975;173.51
2025-01-22T12:00+02:00;4109.5;1890.3325;4459.2125;167.58
2025-01-22T13:00+02:00;4108.375;1884.9925;4305.1475;160.22
2025-01-22T14:00+02:00;4107.7;1941.68875;4095.90625;165.07
2025-01-22T15:00+02:00;4115.775;1924.9825;3958.2775;174.7
2025-01-22T16:00+02:00;4142.625;1928.89375;4061.30375;189.99
2025-01-22T17:00+02:00;4142.7;1904.1175;4150.625;193.27
2025-01-22T18:00+02:00;4159.475;1881.4675;4150.9425;202.93
2025-01-22T19:00+02:00;4162.125;1909.4175;4083.6125;175.19
2025-01-22T20:00+02:00;4164.775;1828.3775;4003.0825;162.23
2025-01-22T21:00+02:00;4169.475;1621.95875;3891.35375;129.99
2025-01-22T22:00+02:00;4167.9;1445.6175;3841.2475;123.82
2025-01-22T23:00+02:00;4168.7;1283.815;3781.115;103.58
2025-01-23T00:00+02:00;4168.65;1085.61375;3678.90125;58.51
2025-01-23T01:00+02:00;4167.35;1058.08875;3455.37125;63.2
2025-01-23T02:00+02:00;4169.05;1063.17375;3310.56375;64.63
2025-01-23T03:00+02:00;4169.375;1062.8125;3342.6325;55.01
2025-01-23T04:00+02:00;4169.775;1071.335;3333.77;57.14
2025-01-23T05:00+02:00;4168.175;1099.76;3470.1;70.62
2025-01-23T06:00+02:00;4168.8;1214.1;3879.2425;106.25
2025-01-23T07:00+02:00;4168.425;1306.01375;4143.13625;130
2025-01-23T08:00+02:00;4168.8;1418.385;4348.235;152.49
2025-01-23T09:00+02:00;4169.525;1439.145;4438.275;155.12
2025-01-23T10:00+02:00;4169.875;1441.66875;4486.69375;138.01
2025-01-23T11:00+02:00;4135.125;1408.64625;4509.64875;129.99
2025-01-23T12:00+02:00;4092.425;1404.445;4468.5675;109.52
2025-01-23T13:00+02:00;4167.825;1386.1;4471.605;92.63
2025-01-23T14:00+02:00;4170.1;1400.3875;4720.565;122.6
2025-01-23T15:00+02:00;4169.425;1310.0825;4813.5725;111.77
2025-01-23T16:00+02:00;4193.4;1251.33875;5112.96125;72.12
2025-01-23T17:00+02:00;4197.075;1238.97625;5314.64375;83.44
2025-01-23T18:00+02:00;4198.025;1183.02625;5406.19625;89.94
2025-01-23T19:00+02:00;4198.175;1073.9175;5446.85;82.98
2025-01-23T20:00+02:00;4197.275;1007.89375;5218.61875;70.24
2025-01-23T21:00+02:00;4198.35;902.46875;5022.44375;55.59
2025-01-23T22:00+02:00;4196.675;817.6525;4905.4425;39.84
2025-01-23T23:00+02:00;4197.4;817.355;4775.0375;23.76
2025-01-24T00:00+02:00;4197.5;796.09625;4516.95125;22.71
2025-01-24T01:00+02:00;4202.5;755.885;4417.8;21.88
2025-01-24T02:00+02:00;4203.3;731.215;4421.4;21.45
2025-01-24T03:00+02:00;4203.35;734.7775;4432.85;21.33
2025-01-24T04:00+02:00;4203.725;743.29;4600.84;21.28
2025-01-24T05:00+02:00;4203.7;736.57625;4824.05375;21.16
2025-01-24T06:00+02:00;4203.45;743.63125;5119.68125;22.45
2025-01-24T07:00+02:00;4204.825;760.125;5511.7775;25.91
2025-01-24T08:00+02:00;4203.275;798.1525;5982.1925;54.39
2025-01-24T09:00+02:00;4203.875;769.68;6302.9775;67.08
2025-01-24T10:00+02:00;4180.6;791.78875;6415.85875;53.63
2025-01-24T11:00+02:00;4196.575;762.07375;6263.76375;47.19
2025-01-24T12:00+02:00;4195.925;724.91375;5889.08875;42.54
2025-01-24T13:00+02:00;4196.35;733.65875;5624.08875;44.93
2025-01-24T14:00+02:00;4197.15;691.5575;5421.2325;35.33
2025-01-24T15:00+02:00;4196.675;666.10625;5315.11375;32.67
2025-01-24T16:00+02:00;4196.4;654.54375;5418.35375;28.55
2025-01-24T17:00+02:00;4196.725;642.89;5651.815;26.96
2025-01-24T18:00+02:00;4196.5;639.7525;5588.6325;23.72
2025-01-24T19:00+02:00;4196.575;636.625;5796.4675;22.1
2025-01-24T20:00+02:00;4208.15;635.30875;5849.50125;20.05
2025-01-24T21:00+02:00;4208.775;617.6725;5926.355;19.11
2025-01-24T22:00+02:00;4208.6;628.985;5944.37;15.54
2025-01-24T23:00+02:00;4208.325;630.33;5882.38;6.64
2025-01-25T00:00+02:00;4208.525;634.74;5987.2325;3.86
2025-01-25T01:00+02:00;3966.225;634.01625;6294.28625;2.79
2025-01-25T02:00+02:00;3625.3;641.06625;6740.32625;2.32
2025-01-25T03:00+02:00;3608.3;649.24375;6853.78625;1.26
2025-01-25T04:00+02:00;3608.725;645.04875;6992.03875;1.01
2025-01-25T05:00+02:00;3608.925;647.81375;7158.35875;0.97
2025-01-25T06:00+02:00;3608.85;633.50375;7295.83125;0.74
2025-01-25T07:00+02:00;3608.25;646.0575;7445.1175;1.25
2025-01-25T08:00+02:00;3615.1;643.1425;7926.625;2.22
2025-01-25T09:00+02:00;3678.025;637.76125;8235.43375;2.79
2025-01-25T10:00+02:00;3700.925;635.39;8344.33;3.07
2025-01-25T11:00+02:00;3701.1;622.87;8311.5575;2.91
2025-01-25T12:00+02:00;3704.6;623.0775;8274.405;2.75
2025-01-25T13:00+02:00;3705.225;617.98125;8196.98625;2.95
2025-01-25T14:00+02:00;3705.45;623.35;8262.7175;2.61
2025-01-25T15:00+02:00;3705.675;615.64125;8422.62375;2.51
2025-01-25T16:00+02:00;3705.325;626.89125;8367.70875;2.16
2025-01-25T17:00+02:00;3706.25;630.70625;8341.27625;2.29
2025-01-25T18:00+02:00;3705.75;633.19625;8389.45875;2
2025-01-25T19:00+02:00;3705.05;636.2375;8391.695;2.27
2025-01-25T20:00+02:00;3705.4;628.0275;8367.845;1.94
2025-01-25T21:00+02:00;3704.625;626.055;8307.85;1.99
2025-01-25T22:00+02:00;3705.3;619.1425;8171.575;1.76
2025-01-25T23:00+02:00;3705.125;621.4275;8096.0475;1.4
2025-01-26T00:00+02:00;3705.525;614.105;7893.9775;0.26
2025-01-26T01:00+02:00;3624;614.415;7808.405;1.26
2025-01-26T02:00+02:00;3611.55;613.7475;7708.0575;1.21
2025-01-26T03:00+02:00;3611.75;617.5575;7727.645;1.37
2025-01-26T04:00+02:00;3612.55;624.2675;7509.85;1.45
2025-01-26T05:00+02:00;3611.875;634.215;7588.0425;2.01
2025-01-26T06:00+02:00;3611.225;633.32875;7639.25625;2.27
2025-01-26T07:00+02:00;3658.2;648.6725;7462.935;2.16
2025-01-26T08:00+02:00;3733.925;660.71875;6796.25125;2.37
2025-01-26T09:00+02:00;3734.525;637.91;6852.33;2.38
2025-01-26T10:00+02:00;3734.6;648.63;6872.3775;2.23
2025-01-26T11:00+02:00;3734.75;636.25;6683.675;2.79
2025-01-26T12:00+02:00;3733.9;654.42625;6324.24875;3.24
2025-01-26T13:00+02:00;3833.9;647.3125;6219.625;4.06
2025-01-26T14:00+02:00;3924.975;642.76625;6016.38125;4.63
2025-01-26T15:00+02:00;3924.925;650.0825;6106.0325;5.08
2025-01-26T16:00+02:00;3923.9;661.16;6423.4;17.16
2025-01-26T17:00+02:00;3924.525;656.2925;6424.705;24.68
2025-01-26T18:00+02:00;3924.875;647.3275;6412.885;37.02
2025-01-26T19:00+02:00;3923.275;668.1475;6507.8725;44.34
2025-01-26T20:00+02:00;3923.575;678.66625;6191.96625;44.33
2025-01-26T21:00+02:00;3924.3;676.57375;5773.37125;38.98
2025-01-26T22:00+02:00;3923.075;677.3425;5406.25;45.42
2025-01-26T23:00+02:00;3922.75;645.68;4885.4375;35.6
2025-01-27T00:00+02:00;3923.9;617.46;4277.74;26.92
2025-01-27T01:00+02:00;3924.275;622.0625;3874.43;39.83
2025-01-27T02:00+02:00;3924.575;673.8225;3529.0025;35.22
2025-01-27T03:00+02:00;3925.275;671.375;3366.0825;26.93
2025-01-27T04:00+02:00;3924.4;700.12375;3208.21875;18.36
2025-01-27T05:00+02:00;3924.65;745.3725;3180.39;34.73
2025-01-27T06:00+02:00;3924.925;837.51625;3729.81125;55.5
2025-01-27T07:00+02:00;3925.225;929.35125;4103.22875;74.61
2025-01-27T08:00+02:00;4132.1;977.87;4093.8475;117.12
2025-01-27T09:00+02:00;4217.4;997.22875;4014.33875;120.55
2025-01-27T10:00+02:00;4214.175;1030.44375;3994.48625;101.91
2025-01-27T11:00+02:00;4212.725;1013.3975;3980.41;77.27
2025-01-27T12:00+02:00;4212.65;983.0975;3807.865;67.31
2025-01-27T13:00+02:00;4213.325;925.0125;3941.7925;61.07
2025-01-27T14:00+02:00;4213.925;807.06875;4059.51875;62.88
2025-01-27T15:00+02:00;4214.975;785.70625;4144.17875;78.73
2025-01-27T16:00+02:00;4214.4;799.35125;4160.77125;78.95
2025-01-27T17:00+02:00;4214.025;802.89;4228.6425;60.01
2025-01-27T18:00+02:00;4213.85;785.34375;4428.30375;47.55
2025-01-27T19:00+02:00;4213.425;781.55125;4615.66875;47.87
2025-01-27T20:00+02:00;4214.2;758.32875;4741.13375;45.91
2025-01-27T21:00+02:00;4212.85;725.42125;5192.04875;36.83
2025-01-27T22:00+02:00;4213.25;681.3475;5436.84;32.88
2025-01-27T23:00+02:00;4213.9;611.2625;5660.04;29.45
2025-01-28T00:00+02:00;4213.325;602.91;5376.5425;22.27
2025-01-28T01:00+02:00;4214.125;593.555;5208.1;16.44
2025-01-28T02:00+02:00;4214.25;593.7525;5474.65;17.94
2025-01-28T03:00+02:00;4213.2;638.33;5711.1;14.76
2025-01-28T04:00+02:00;4213.525;669.4475;5785.845;15.34
2025-01-28T05:00+02:00;4213.425;662.98;5830.0475;14.85
2025-01-28T06:00+02:00;4213.4;654.555;6174.15;17.27
2025-01-28T07:00+02:00;4213.85;687.14125;6528.52125;25.38
2025-01-28T08:00+02:00;4211.875;715.0325;6525.2;28.28
2025-01-28T09:00+02:00;4210.525;800.365;6511.11;37.47
2025-01-28T10:00+02:00;4210.775;772.15375;6520.20875;51.14
2025-01-28T11:00+02:00;4210.65;755.715;6260.7625;63
2025-01-28T12:00+02:00;4210.85;733.4;6061.8175;81.21
2025-01-28T13:00+02:00;4210.225;745.815;5760.175;70
2025-01-28T14:00+02:00;4211.725;768.77;5698.8375;87.19
2025-01-28T15:00+02:00;4211.5;787.2275;5615.41;109.44
2025-01-28T16:00+02:00;4212.275;788.06875;5831.72875;105.56
2025-01-28T17:00+02:00;4212.775;804.545;5796.64;126.5
2025-01-28T18:00+02:00;4212.325;824.99625;5968.50875;125.61
2025-01-28T19:00+02:00;4210.85;831.24125;5753.45875;117.01
2025-01-28T20:00+02:00;4211.625;801.63;5543.0475;105.08
2025-01-28T21:00+02:00;4213.6;773.72625;5131.40625;80.69
2025-01-28T22:00+02:00;4212.275;777.86375;4798.82625;67.01
2025-01-28T23:00+02:00;4213.225;765.31625;4238.63125;51.03
2025-01-29T00:00+02:00;4212.725;733.82375;3940.61375;42.21
2025-01-29T01:00+02:00;4212.6;698.355;3775.9125;43.99
2025-01-29T02:00+02:00;4212.8;692.0475;3563.3575;42.86
2025-01-29T03:00+02:00;4212.2;732.75375;3620.20125;42.3
2025-01-29T04:00+02:00;4212.3;765.43125;3420.91125;42
2025-01-29T05:00+02:00;4213.625;808.67875;3488.54125;42.7
2025-01-29T06:00+02:00;4213.15;861.84375;3741.84375;43.92
2025-01-29T07:00+02:00;4212.425;1003.535;4090.675;68.56
2025-01-29T08:00+02:00;4210.975;1060.925;4506.6675;138.29
2025-01-29T09:00+02:00;4210.475;1101.38375;4629.24375;145.46
2025-01-29T10:00+02:00;4212.4;1102.4325;4718.1925;130.57
2025-01-29T11:00+02:00;4213.625;1077.8225;4661.375;107.1
2025-01-29T12:00+02:00;4211.675;1005.6825;4885.4625;90.8
2025-01-29T13:00+02:00;4211.575;877.07;5262.395;85.43
2025-01-29T14:00+02:00;4211.75;788.5325;5669.2825;83.98
2025-01-29T15:00+02:00;4211.825;714.83;6074.2775;41.94
2025-01-29T16:00+02:00;4212;677.83625;6373.46625;34
2025-01-29T17:00+02:00;4211.175;648.21625;6537.41875;28.71
2025-01-29T18:00+02:00;4211.65;642.215;6598.9125;23.9
2025-01-29T19:00+02:00;4211.775;659.78;6446.7525;17.39
2025-01-29T20:00+02:00;4212.15;671.04375;6665.62875;9.04
2025-01-29T21:00+02:00;4212.225;667.7975;6896.4475;6.42
2025-01-29T22:00+02:00;4212.225;650.40375;6904.39625;5.72
2025-01-29T23:00+02:00;4212.1;640.1625;6986.6125;5.27
2025-01-30T00:00+02:00;4211.8;633.115;6854.0175;4.56
2025-01-30T01:00+02:00;4212.575;625.1625;6880.7175;4.33
2025-01-30T02:00+02:00;4212.65;638.7025;6849.445;4.42
2025-01-30T03:00+02:00;4212.65;654.23125;6868.35875;4.62
2025-01-30T04:00+02:00;4212.925;654.7175;6839.72;5.04
2025-01-30T05:00+02:00;4212.375;700.06625;6759.06375;5.37
2025-01-30T06:00+02:00;4211.825;691.19125;6802.94125;5.97
2025-01-30T07:00+02:00;4212.3;661.345;6847.16;14.62
2025-01-30T08:00+02:00;4211.825;660.4325;6955.7175;35.07
2025-01-30T09:00+02:00;4170.15;663.93875;6850.35375;35.27
2025-01-30T10:00+02:00;4164.85;649.62;6869.0575;33.99
2025-01-30T11:00+02:00;4165;647.265;6821.2125;34.09
2025-01-30T12:00+02:00;4164.575;650.13875;6877.83375;32.61
2025-01-30T13:00+02:00;4167.675;644.1475;6887.2125;29.14
2025-01-30T14:00+02:00;4168.2;653.825;6832.335;22.27
2025-01-30T15:00+02:00;4168.75;650.065;6850.325;27.36
2025-01-30T16:00+02:00;4168.65;687.0675;6987.7525;43.71
2025-01-30T17:00+02:00;4169.225;666.83625;7089.13375;53.97
2025-01-30T18:00+02:00;4172;715.0925;6904.05;69.39
2025-01-30T19:00+02:00;4172.625;693.06375;6725.37125;59.14
2025-01-30T20:00+02:00;4172.55;695.775;6380.88;63.75
2025-01-30T21:00+02:00;4172.325;682.565;6186.915;30.09
2025-01-30T22:00+02:00;4172.75;677.5125;6088.22;8.18
2025-01-30T23:00+02:00;4203.65;672.3075;6279.8725;5.68
2025-01-31T00:00+02:00;4215.825;674.8975;6271.825;5.31
2025-01-31T01:00+02:00;4215.075;667.51125;6058.99125;4.86
2025-01-31T02:00+02:00;4214.55;644.4475;6003.74;4.58
2025-01-31T03:00+02:00;4214.175;647.0025;5717.22;4.58
2025-01-31T04:00+02:00;4215.85;669.14875;5488.89125;4.66
2025-01-31T05:00+02:00;4215.725;652.4675;5574.145;4.84
2025-01-31T06:00+02:00;4214.825;623.095;5826.945;5.19
2025-01-31T07:00+02:00;4214.725;671.78125;6042.97875;19.8
2025-01-31T08:00+02:00;4215.025;729.77875;6154.30375;55.62
2025-01-31T09:00+02:00;4214.35;755.87;6231.3975;73.7
2025-01-31T10:00+02:00;4214.375;769.065;6323.845;89.99
2025-01-31T11:00+02:00;4215.05;771.8975;6192.39;90
2025-01-31T12:00+02:00;4214.3;771.8075;5805.2;89.99
2025-01-31T13:00+02:00;4214.125;800.055;5544.5825;80
2025-01-31T14:00+02:00;4213.175;826.78125;5378.99625;79.99
2025-01-31T15:00+02:00;4213.925;829.585;5417.92;64.39
2025-01-31T16:00+02:00;4213.275;837.93;5557.6725;85.01
2025-01-31T17:00+02:00;4212.975;865.9775;5538.945;94.84
2025-01-31T18:00+02:00;4213.3;838.89;5419.585;99.33
2025-01-31T19:00+02:00;4213.075;893.1475;5376.53;90
2025-01-31T20:00+02:00;4212.775;867.5325;5170.34;90
2025-01-31T21:00+02:00;4211.4;822.285;4887.16;49.97
2025-01-31T22:00+02:00;4211.325;802.81125;4851.76875;60.43
2025-01-31T23:00+02:00;4212.4;759.21875;4646.24125;23.01
2025-02-01T00:00+02:00;4213.35;746.5325;4290.66;5.07
2025-02-01T01:00+02:00;4212.85;703.27;3988.5325;5.01
2025-02-01T02:00+02:00;4213.325;691.0075;3941.275;3.63
2025-02-01T03:00+02:00;4213.025;691.765;3868.825;3.08
2025-02-01T04:00+02:00;4212.525;689.765;4414.86;2.74
2025-02-01T05:00+02:00;4212.2;693.8425;4876.82;2.36
2025-02-01T06:00+02:00;4212.95;664.175;5035.5625;2.52
2025-02-01T07:00+02:00;4212.725;650.2725;5128.81;2.94
2025-02-01T08:00+02:00;4212.125;657.845;5330.63;3.49
2025-02-01T09:00+02:00;4211.7;669.39;5393.75;3.7
2025-02-01T10:00+02:00;4212.15;668.3675;5295.775;4.22
2025-02-01T11:00+02:00;4212.9;674.0725;5063.1875;4.81
2025-02-01T12:00+02:00;4212.7;670.2325;4812.5875;5.11
2025-02-01T13:00+02:00;4212.1;641.45;4724.6;6.85
2025-02-01T14:00+02:00;4211.775;644.07;5011.225;12.76
2025-02-01T15:00+02:00;4212.8;649.435;5306.3875;5.38
2025-02-01T16:00+02:00;4211.725;644.1325;5654.325;6.4
2025-02-01T17:00+02:00;4212.1;672.1125;6444.275;20
2025-02-01T18:00+02:00;4212.55;685.8325;6507.205;31.69
2025-02-01T19:00+02:00;4211.775;660.0575;6134.6;36.78
2025-02-01T20:00+02:00;4210.625;638.48;5624.245;20.42
2025-02-01T21:00+02:00;4211.65;631.74;5329.475;6.64
2025-02-01T22:00+02:00;4211.8;623.6625;5360.025;17.38
2025-02-01T23:00+02:00;4212.25;624.6475;5378.225;18.92
2025-02-02T00:00+02:00;4212.2;635.6075;5103.225;15.66
2025-02-02T01:00+02:00;4217.225;632.8125;4901.7025;10.55
2025-02-02T02:00+02:00;4216.45;636.6775;4639.3525;6.81
2025-02-02T03:00+02:00;4216.125;627.61;4622.24;6.87
2025-02-02T04:00+02:00;4216.525;633.74;4697.7825;6.65
2025-02-02T05:00+02:00;4217.725;634.9775;5152.4075;6.52
2025-02-02T06:00+02:00;4217.825;632.3525;5224.15;6.81
2025-02-02T07:00+02:00;4217.15;636.6925;5599.75;7.01
2025-02-02T08:00+02:00;4217.3;636.265;5662.5625;8.73
2025-02-02T09:00+02:00;4216.85;642.1075;5899.7;8.62
2025-02-02T10:00+02:00;4218.025;642.0975;6208;11.33
2025-02-02T11:00+02:00;4217.95;638.925;6342.925;13.41
2025-02-02T12:00+02:00;4218.35;634.65125;6481.69125;17.12
2025-02-02T13:00+02:00;4218.65;635.595;6280;17.68
2025-02-02T14:00+02:00;4218;637.73;6243.7;17.42
2025-02-02T15:00+02:00;4217.75;642.52;6110.9125;17.06
2025-02-02T16:00+02:00;4218.075;646.1875;6304.5;15.81
2025-02-02T17:00+02:00;4218.125;648.9325;6430.65;16.1
2025-02-02T18:00+02:00;4217.625;651.255;6576.75;21.17
2025-02-02T19:00+02:00;4217.9;656.425;6610.075;21.49
2025-02-02T20:00+02:00;4216.95;661.49;6658.3075;30.84
2025-02-02T21:00+02:00;4217.275;675.2275;6343.5;21.74
2025-02-02T22:00+02:00;4216.45;683.1525;6200.205;29.98
2025-02-02T23:00+02:00;4216.675;694.9425;6334.8125;33.27
2025-02-03T00:00+02:00;4216.625;672.04;6212.0275;30.94
2025-02-03T01:00+02:00;4215.5;653.0925;6150.775;20.32
2025-02-03T02:00+02:00;4215.5;700.435;6065.0825;20.7
2025-02-03T03:00+02:00;4215.575;714.385;5900.835;21.09
2025-02-03T04:00+02:00;4216.725;722.5875;5885.985;21.31
2025-02-03T05:00+02:00;4216.225;783.785;5951.255;27.52
2025-02-03T06:00+02:00;4216.1;925.9025;6052.44;46.63
2025-02-03T07:00+02:00;4215.6;1065.22;6285.3075;49.32
2025-02-03T08:00+02:00;4217.075;1250.82625;6518.88625;93.47
2025-02-03T09:00+02:00;4216.825;1365.30875;6407.40125;90.01
2025-02-03T10:00+02:00;4214.45;1403.98;6289.32;123.3
2025-02-03T11:00+02:00;4213.975;1399.73;5908.9325;149.95
2025-02-03T12:00+02:00;4214.625;1435.805;5465.81;126.73
2025-02-03T13:00+02:00;4214.75;1456.24875;5049.54625;117.72
2025-02-03T14:00+02:00;4216.075;1469.7625;5042.105;115.53
2025-02-03T15:00+02:00;4215.775;1485.6475;5503.895;124.69
2025-02-03T16:00+02:00;4214.7;1483.71375;6028.01625;147.22
2025-02-03T17:00+02:00;4217.675;1477.86375;6435.80625;169.47
2025-02-03T18:00+02:00;4217.1;1524.70625;6854.34625;213.98
2025-02-03T19:00+02:00;4213.65;1593.055;6987.035;202.71
2025-02-03T20:00+02:00;4213.475;1586.81375;6876.97875;201.1
2025-02-03T21:00+02:00;4213;1484.88875;6741.90875;164.96
2025-02-03T22:00+02:00;4213.4;1360.1525;6509.4125;153.01
2025-02-03T23:00+02:00;4213.725;1234.2275;5806.1875;108.85
2025-02-04T00:00+02:00;4212.925;1143.5775;5455.84;85.06
2025-02-04T01:00+02:00;4213.575;1065.32875;5018.43875;80.04
2025-02-04T02:00+02:00;4214.375;1056.88375;4633.72375;75.61
2025-02-04T03:00+02:00;4214.075;1068.2075;4260.27;70.05
2025-02-04T04:00+02:00;4214.6;1153.6375;4092.4375;74.6
2025-02-04T05:00+02:00;4214.3;1188.78875;4345.28875;85.04
2025-02-04T06:00+02:00;4213.45;1341.12375;4738.91125;127.63
2025-02-04T07:00+02:00;4213.15;1408.7325;5016.74;155.41
2025-02-04T08:00+02:00;4212.55;1555.84125;4985.39125;230
2025-02-04T09:00+02:00;4213.45;1505.8975;5252.125;297.28
2025-02-04T10:00+02:00;4214.375;1495.9;5293.7325;240.09
2025-02-04T11:00+02:00;4214.275;1425.53;5376.7;134.94
2025-02-04T12:00+02:00;4214.4;1322.1775;5624.385;107.38
2025-02-04T13:00+02:00;4214.125;1174.91875;5985.39625;101.91
2025-02-04T14:00+02:00;4214.275;1123.1775;6090.41;73.11
2025-02-04T15:00+02:00;4214.125;1041.29;6954.5675;57
2025-02-04T16:00+02:00;4214.475;957.53;7799.2325;56.65
2025-02-04T17:00+02:00;4214.475;792.665;8013.86;21.17
2025-02-04T18:00+02:00;4214.75;754.85625;8241.76375;6.34
2025-02-04T19:00+02:00;4214.5;726.02;8346.075;5.9
2025-02-04T20:00+02:00;4213.4;702.485;8600.6375;5.41
2025-02-04T21:00+02:00;4213.575;671.33;8655.495;4.53
2025-02-04T22:00+02:00;4214.225;654.14;8698.7175;4.34
2025-02-04T23:00+02:00;4215.125;610.7775;8526.6825;3.8
2025-02-05T00:00+02:00;4214.9;621.72;8228.1325;2.88
2025-02-05T01:00+02:00;4214.725;613.40375;7919.95875;2.6
2025-02-05T02:00+02:00;4215.325;614.81;7779.2775;2.09
2025-02-05T03:00+02:00;4215.8;602.23375;7646.78375;1.99
2025-02-05T04:00+02:00;4216.05;583.82;7563.1775;2
2025-02-05T05:00+02:00;4215.375;601.9275;7622.705;2.96
2025-02-05T06:00+02:00;4214.725;613.6475;8012.68;4.01
2025-02-05T07:00+02:00;4215.175;631.5675;8168.135;4.16
2025-02-05T08:00+02:00;4215.125;624.1275;8262.22;4.72
2025-02-05T09:00+02:00;4216.375;611.8525;8330.3375;5.22
2025-02-05T10:00+02:00;4217.35;648.76375;8263.27375;5.29
2025-02-05T11:00+02:00;4214.6;603.17;8212.7075;5.44
2025-02-05T12:00+02:00;4214.525;603.32;8226.7675;5.29
2025-02-05T13:00+02:00;4215.825;623.89625;7982.42375;5.15
2025-02-05T14:00+02:00;4216.05;627.915;7907.7575;4.97
2025-02-05T15:00+02:00;4216.125;587.87125;7905.05375;4.92
2025-02-05T16:00+02:00;4217.125;578.87375;7867.50625;4.95
2025-02-05T17:00+02:00;4215.475;555.39125;7374.24375;4.94
2025-02-05T18:00+02:00;4215.7;555.955;6495.1475;5.14
2025-02-05T19:00+02:00;4215.925;549.33625;6635.68625;5.35
2025-02-05T20:00+02:00;4216.65;564.02;6408.175;18.99
2025-02-05T21:00+02:00;4216.975;559.275;6103.23;17.55
2025-02-05T22:00+02:00;4217;533.15;6042.195;24.06
2025-02-05T23:00+02:00;4217.25;528.3575;5864.915;19.39
2025-02-06T00:00+02:00;4217.225;547.3075;5462.2025;7.58
2025-02-06T01:00+02:00;4217;655.245;5483.68;3.26
2025-02-06T02:00+02:00;4217.3;683.9875;5334.165;3.35
2025-02-06T03:00+02:00;4217.575;713.4225;4704.83;3.42
2025-02-06T04:00+02:00;4217.8;707.6075;4541.6975;3.62
2025-02-06T05:00+02:00;4217.475;732.6575;4675.4875;17.88
2025-02-06T06:00+02:00;4216.425;844.6175;4999.1225;48.13
2025-02-06T07:00+02:00;4217.475;994.935;5518.4925;59.99
2025-02-06T08:00+02:00;4216.95;1105.1725;5483.895;140.06
2025-02-06T09:00+02:00;4216.625;1213.34625;5298.75125;201.68
2025-02-06T10:00+02:00;4217.85;1240.1875;5119.985;179.16
2025-02-06T11:00+02:00;4219;1186.2875;5015.0325;159.4
2025-02-06T12:00+02:00;4216.8;1120.39875;5081.33375;123.64
2025-02-06T13:00+02:00;4215.625;1044.605;5004.3875;96.37
2025-02-06T14:00+02:00;4217.375;991.6825;5354.3875;81.42
2025-02-06T15:00+02:00;4217.55;825.39;5719.65;63.47
2025-02-06T16:00+02:00;4217.225;772.76;6304.82;34.99
2025-02-06T17:00+02:00;4216.1;724.97;6886.735;35
2025-02-06T18:00+02:00;4217.05;721.2125;7108.2625;36.02
2025-02-06T19:00+02:00;4216.125;700.1475;7243.4075;29.18
2025-02-06T20:00+02:00;4216.475;683.94;7311.965;9.86
2025-02-06T21:00+02:00;4216.225;675.5975;7149.9125;3.22
2025-02-06T22:00+02:00;4216.2;669.9775;7347.345;3.32
2025-02-06T23:00+02:00;4215.1;672.14;7399.33;3.31
2025-02-07T00:00+02:00;4215.625;663.1175;7177.56;3.02
2025-02-07T01:00+02:00;4215.975;652.60875;6906.13375;3.37
2025-02-07T02:00+02:00;4216.525;654.38;6717.1025;2.99
2025-02-07T03:00+02:00;4216.725;646.72;6785.1025;2.99
2025-02-07T04:00+02:00;4216.425;651.76625;6999.71875;3.28
2025-02-07T05:00+02:00;4216.85;645.1575;6969.1875;3.47
2025-02-07T06:00+02:00;4216.825;659.0175;7275.1825;4.22
2025-02-07T07:00+02:00;4216.4;663.46375;7154.67625;5.41
2025-02-07T08:00+02:00;4217.8;674.62125;7218.23125;6.39
2025-02-07T09:00+02:00;4217.825;658.225;7085.19;7.82
2025-02-07T10:00+02:00;4218.4;638.7075;6959.6375;10
2025-02-07T11:00+02:00;4214.35;635.13375;7036.58625;8.7
2025-02-07T12:00+02:00;4214.875;641.77;6922.71;8.77
2025-02-07T13:00+02:00;4215.325;628.455;6640.5375;11.27
2025-02-07T14:00+02:00;4214.65;643.7375;6492.425;12.4
2025-02-07T15:00+02:00;4215.75;658.1425;6313.3625;12.33
2025-02-07T16:00+02:00;4217.075;634.78;6467.35;12.43
2025-02-07T17:00+02:00;4216.3;633.70875;6551.93875;12.35
2025-02-07T18:00+02:00;4215.925;646.5025;6263.6675;13.16
2025-02-07T19:00+02:00;4214.75;676.2925;6181.875;22.78
2025-02-07T20:00+02:00;4215.7;627.9275;5839.125;23.76
2025-02-07T21:00+02:00;4214.75;608.19;5568.3;19.22
2025-02-07T22:00+02:00;4217.3;607.8;5311.95;9.99
2025-02-07T23:00+02:00;4216.375;605.94;4948.7525;7.92
2025-02-08T00:00+02:00;4216.475;624.5375;4673.9525;5.94
2025-02-08T01:00+02:00;4217.35;614.11;4543.83;5.19
2025-02-08T02:00+02:00;4217.35;624.795;4425.575;4.82
2025-02-08T03:00+02:00;4216.825;630.1025;4333.0925;4.75
2025-02-08T04:00+02:00;4216.625;642.96875;4103.64375;4.64
2025-02-08T05:00+02:00;4216.625;668.29;3972.865;4.92
2025-02-08T06:00+02:00;4217.175;661.8325;3923.9075;5.51
2025-02-08T07:00+02:00;4217.225;654.4125;3996.2075;6.18
2025-02-08T08:00+02:00;4217.025;659.1125;4266.9925;15.74
2025-02-08T09:00+02:00;4215.975;648.805;4403.06;19.77
2025-02-08T10:00+02:00;4216.475;657.79625;4555.07875;28.37
2025-02-08T11:00+02:00;4215.475;726.59625;4648.89125;55.57
2025-02-08T12:00+02:00;4215.725;724.8675;4626.805;55.54
2025-02-08T13:00+02:00;4216.3;754.6925;4664.1475;57.34
2025-02-08T14:00+02:00;4216.975;757.5625;4619.15;56.7
2025-02-08T15:00+02:00;4217.95;765.7325;4632.985;55.39
2025-02-08T16:00+02:00;4217.55;770.72;4815.61;57.05
2025-02-08T17:00+02:00;4217.725;789.10125;5040.70625;76.16
2025-02-08T18:00+02:00;4218.3;818.00875;5165.51875;96.54
2025-02-08T19:00+02:00;4218;826.12625;5061.65625;59.92
2025-02-08T20:00+02:00;4218.2;813.81;4811.825;55.37
2025-02-08T21:00+02:00;4218.325;790.78;4513.5025;34.23
2025-02-08T22:00+02:00;4218.225;788.5725;4402.58;44.17
2025-02-08T23:00+02:00;4217.4;786.5175;4325.0375;41.6
2025-02-09T00:00+02:00;4188.3;759.71625;4117.50625;34.05
2025-02-09T01:00+02:00;3963.775;734.7775;3993.01;24.99
2025-02-09T02:00+02:00;3945.525;712.96;3893.3025;21.45
2025-02-09T03:00+02:00;3943.125;705.9075;3771.8325;10.64
2025-02-09T04:00+02:00;3942.9;708.24;3751.17;10.51
2025-02-09T05:00+02:00;3942.825;706.945;3853.5225;10
2025-02-09T06:00+02:00;3943.15;704.6575;3865.62;6.19
2025-02-09T07:00+02:00;3942.45;695.69;3931.8825;6.08
2025-02-09T08:00+02:00;3941.775;715.9375;4246.6075;5.84
2025-02-09T09:00+02:00;3942.8;714.495;4476.225;5.9
2025-02-09T10:00+02:00;3942.025;719.77875;4701.49875;10
2025-02-09T11:00+02:00;3942.475;722.6875;4864.2;21.17
2025-02-09T12:00+02:00;3942.05;725.0425;4930.0175;17.36
2025-02-09T13:00+02:00;3941.975;719.6125;4801.955;10
2025-02-09T14:00+02:00;3942.6;720.7;4600.14;12.12
2025-02-09T15:00+02:00;3942.1;714.81375;4512.62625;5.66
2025-02-09T16:00+02:00;3942.35;731.9125;4804.9375;4.54
2025-02-09T17:00+02:00;3942.325;725.6275;5170.73;4
2025-02-09T18:00+02:00;3942.9;721.215;5675.425;6.39
2025-02-09T19:00+02:00;3943.15;714.475;6029.75;4.08
2025-02-09T20:00+02:00;3941.725;685.705;6137.3025;3.54
2025-02-09T21:00+02:00;3942.425;675.6975;6049.7175;3.17
2025-02-09T22:00+02:00;3942.3;670.0325;5944.4025;3
2025-02-09T23:00+02:00;3942.35;665.68875;5868.43875;2.81
2025-02-10T00:00+02:00;3943.35;661.51;5955.48;2.45
2025-02-10T01:00+02:00;4137.5;652.41;6108.0825;3.28
2025-02-10T02:00+02:00;4213.15;659.81375;5968.30875;3
2025-02-10T03:00+02:00;4213.85;638.5625;6028.8275;3.57
2025-02-10T04:00+02:00;4214.475;645.3525;6061.335;4.05
2025-02-10T05:00+02:00;4217.8;648.06875;5978.30125;5.07
2025-02-10T06:00+02:00;4217.725;725.98625;6054.20625;11.94
2025-02-10T07:00+02:00;4216.2;832.14875;6141.59375;33.48
2025-02-10T08:00+02:00;4217;933.64;6061.6725;90.57
2025-02-10T09:00+02:00;4220.85;1019.965;5746.795;125.01
2025-02-10T10:00+02:00;4217.275;1037.84;5273.0375;124.77
2025-02-10T11:00+02:00;4214.525;1041.67625;4977.68375;109.03
2025-02-10T12:00+02:00;4215.375;1057.97375;4688.55375;111.25
2025-02-10T13:00+02:00;4216.1;1086.85;4198.035;110.67
2025-02-10T14:00+02:00;4215.55;1154.975;4036.355;129
2025-02-10T15:00+02:00;4215.725;1161.7525;3940.75;120.01
2025-02-10T16:00+02:00;4216.925;1158.1675;3936.375;129.6
2025-02-10T17:00+02:00;4217.3;1170.25375;4207.81125;110.67
2025-02-10T18:00+02:00;4217.325;1191.37875;4417.93625;151.01
2025-02-10T19:00+02:00;4218.45;1179.87;4339.6025;110.67
2025-02-10T20:00+02:00;4218.65;1236.46625;4574.24125;87
2025-02-10T21:00+02:00;4218.1;1083.38875;4623.81375;69.23
2025-02-10T22:00+02:00;4218.75;884.56;4973.54;56.19
2025-02-10T23:00+02:00;4218.6;811.1975;5070.805;28.36
2025-02-11T00:00+02:00;4218.9;736.46875;5051.64125;11.86
2025-02-11T01:00+02:00;4218.65;650.85;5195.0025;30.67
2025-02-11T02:00+02:00;4218.525;625.41;5357.85;25.3
2025-02-11T03:00+02:00;4217.85;620.695;5534.835;15.14
2025-02-11T04:00+02:00;4217.825;647.85625;5626.46875;10.52
2025-02-11T05:00+02:00;4218.375;681.77;5534.39;12.67
2025-02-11T06:00+02:00;4217.825;714.3525;6036.3575;29.9
2025-02-11T07:00+02:00;4217.9;785.025;6808.555;47.5
2025-02-11T08:00+02:00;4217.825;798.155;7057.805;74.59
2025-02-11T09:00+02:00;4218.075;829.995;6362.8175;92.49
2025-02-11T10:00+02:00;4217.625;799.85125;5899.52375;79.26
2025-02-11T11:00+02:00;4218.025;784.0475;5564.725;74.31
2025-02-11T12:00+02:00;4221.05;759.9975;5434.6225;75.99
2025-02-11T13:00+02:00;4222.15;743.77875;5550.42125;70.23
2025-02-11T14:00+02:00;4218.1;741.9075;5794.0125;67.93
2025-02-11T15:00+02:00;4217.95;731.03;6038.05;54.22
2025-02-11T16:00+02:00;4216.95;736.3375;6170.7525;35.04
2025-02-11T17:00+02:00;4218.1;723.3475;6337.435;36.91
2025-02-11T18:00+02:00;4217.625;719.9925;6568.105;47.5
2025-02-11T19:00+02:00;4217.525;705.3575;6618.0025;40.38
2025-02-11T20:00+02:00;4217.975;675.54375;6778.66625;29.54
2025-02-11T21:00+02:00;4217.925;653.9225;6516.1925;17.05
2025-02-11T22:00+02:00;4217.525;637.07;6383.0775;17.75
2025-02-11T23:00+02:00;4217.275;634.5;6385.2925;6.27
2025-02-12T00:00+02:00;4218;616.8325;6234.1625;4.29
2025-02-12T01:00+02:00;4217.775;624.74;5968.8825;3.49
2025-02-12T02:00+02:00;4218.3;628.795;5628.245;3.47
2025-02-12T03:00+02:00;4218.225;651.5025;5342.845;3.47
2025-02-12T04:00+02:00;4218.55;698.98125;5185.63375;5.02
2025-02-12T05:00+02:00;4218.1;711.55;4841.185;5.94
2025-02-12T06:00+02:00;4218.425;832.49;5002.14;35.47
2025-02-12T07:00+02:00;4218.525;913.79625;5467.02125;70.11
2025-02-12T08:00+02:00;4209.35;1043.1875;5897.9225;115.91
2025-02-12T09:00+02:00;3894.25;1088.6625;5938.24;165
2025-02-12T10:00+02:00;3760.35;1187.0375;5717.9225;138.03
2025-02-12T11:00+02:00;3779.1;1247.6875;5406.66;134.58
2025-02-12T12:00+02:00;3776.4;1240.64625;4972.17625;119.96
2025-02-12T13:00+02:00;3779.825;1276.46375;4636.40875;136.01
2025-02-12T14:00+02:00;3874.475;1330.49875;4422.56625;115.25
2025-02-12T15:00+02:00;4093.525;1397.965;4434.5925;115.01
2025-02-12T16:00+02:00;4160.075;1371.91875;4804.20875;103.66
2025-02-12T17:00+02:00;4175.75;1350.1675;5513.7725;81.6
2025-02-12T18:00+02:00;4180.05;1296.37875;6268.21375;85.05
2025-02-12T19:00+02:00;4186.9;1169.5875;6624.4;88.41
2025-02-12T20:00+02:00;4193.9;988.5275;6820.2275;64.46
2025-02-12T21:00+02:00;4198.05;911.78125;6839.49375;51.53
2025-02-12T22:00+02:00;4206.3;879.56875;6575.77375;42.14
2025-02-12T23:00+02:00;4206.85;854.595;6088.7175;30.01
2025-02-13T00:00+02:00;4205.675;836.625;5723.2475;16.06
2025-02-13T01:00+02:00;4201.15;832.59;5738.375;18.92
2025-02-13T02:00+02:00;4201.725;842.025;5367.9325;16.44
2025-02-13T03:00+02:00;4202.575;852.965;5480.3975;15.82
2025-02-13T04:00+02:00;4210.925;864.2175;5259.5;14.89
2025-02-13T05:00+02:00;4211.25;895.56;5710.1875;15
2025-02-13T06:00+02:00;4211.475;937.705;5751.2425;18.35
2025-02-13T07:00+02:00;4211.325;1031.92875;5907.61375;50
2025-02-13T08:00+02:00;4210.15;1105.9225;6424.615;71.7
2025-02-13T09:00+02:00;4211.125;1191.72375;6463.05875;100
2025-02-13T10:00+02:00;4211;1205.52;6355.5375;110.3
2025-02-13T11:00+02:00;4211.875;1141.0575;6153.34;99.92
2025-02-13T12:00+02:00;4212.825;1144.2325;5566.965;100
2025-02-13T13:00+02:00;4213.15;1265.125;5171.4725;108.3
2025-02-13T14:00+02:00;4212.025;1269.91125;5042.56125;87.58
2025-02-13T15:00+02:00;4212.425;1284.105;5051.99;88.28
2025-02-13T16:00+02:00;4218.475;1240.09875;5387.43875;85.32
2025-02-13T17:00+02:00;4217.3;1335.8625;5867.61;115
2025-02-13T18:00+02:00;4217.225;1403.6125;6256.425;123.5
2025-02-13T19:00+02:00;4217.15;1404.7725;6283.175;118.72
2025-02-13T20:00+02:00;4217.025;1382.18625;6114.11375;125.58
2025-02-13T21:00+02:00;4217.075;1407.79125;5757.77375;120.05
2025-02-13T22:00+02:00;4217.925;1413.56875;5665.21875;121.2
2025-02-13T23:00+02:00;4216.9;1388.72125;5233.65125;99.99
2025-02-14T00:00+02:00;4217.825;1370.505;4861.6525;94.14
2025-02-14T01:00+02:00;4218.525;1285.39125;4389.64375;105
2025-02-14T02:00+02:00;4219.275;1273.94;4183.86;111.47
2025-02-14T03:00+02:00;4217.375;1353.47875;4071.16125;95.08
2025-02-14T04:00+02:00;4217.725;1458.80375;4086.57625;77.69
2025-02-14T05:00+02:00;4218.525;1598.28;4261.135;106.66
2025-02-14T06:00+02:00;4217.65;1858.965;4511.31;134.08
2025-02-14T07:00+02:00;4217.325;2045.42;4820.26;165.3
2025-02-14T08:00+02:00;4216.55;2134.705;5178.3025;236.2
2025-02-14T09:00+02:00;4217.175;2128.35625;5289.99375;270.57
2025-02-14T10:00+02:00;4217.025;2091.54625;5331.37625;215.49
2025-02-14T11:00+02:00;4219.075;2092.5825;5072.0825;182.11
2025-02-14T12:00+02:00;4218.425;2065.36;4572.3975;165
2025-02-14T13:00+02:00;4218.7;1964.7025;4200.5625;160.01
2025-02-14T14:00+02:00;4219.6;1848.165;4161.0225;132.62
2025-02-14T15:00+02:00;4219.75;1827.825;4164.8975;128.41
2025-02-14T16:00+02:00;4219.75;1897.72625;4407.21125;128.57
2025-02-14T17:00+02:00;4218.85;1974.69875;4876.75875;202.74
2025-02-14T18:00+02:00;4219.325;1983.7475;5235.545;295.16
2025-02-14T19:00+02:00;4220.175;1954.1775;5398.7825;277.55
2025-02-14T20:00+02:00;4219.85;1952.68;5122.45;223.05
2025-02-14T21:00+02:00;4219.55;1796.955;4920.9025;122
2025-02-14T22:00+02:00;4219.95;1620.82125;4921.67875;113.96
2025-02-14T23:00+02:00;4219.925;1511.6;4754.88;80.61
2025-02-15T00:00+02:00;4219.775;1346.4075;4600.95;35.38
2025-02-15T01:00+02:00;4222.525;1079.18875;4817.59125;43.65
2025-02-15T02:00+02:00;4222.95;1078.73375;4797.26375;35.57
2025-02-15T03:00+02:00;4221.95;1039.6025;4809.5775;31.19
2025-02-15T04:00+02:00;4222.325;1001.27;4860.3475;24.73
2025-02-15T05:00+02:00;4222.775;984.9325;4975.3;22.27
2025-02-15T06:00+02:00;4222.075;997.01;5133.6;17.09
2025-02-15T07:00+02:00;4221.9;966.9325;5275.9925;10
2025-02-15T08:00+02:00;4222.875;981.945;5394.595;6.47
2025-02-15T09:00+02:00;4222.925;989.5825;5717.115;18.4
2025-02-15T10:00+02:00;4222.225;1001.55375;5854.96375;31.7
2025-02-15T11:00+02:00;4222.575;1028.33125;5823.98875;39.98
2025-02-15T12:00+02:00;4222.375;1083.395;5669.5525;54.98
2025-02-15T13:00+02:00;4221.925;1134.4525;5602.2075;42.96
2025-02-15T14:00+02:00;4222.5;1135.52625;5676.79375;59.96
2025-02-15T15:00+02:00;4222.725;1178.17;5657.595;55.97
2025-02-15T16:00+02:00;4222.825;1321.91125;5618.09875;97.79
2025-02-15T17:00+02:00;4222.625;1366.675;5671.745;114.77
2025-02-15T18:00+02:00;4222;1385.1925;5669.11;107.21
2025-02-15T19:00+02:00;4221.625;1467.29;5700.6;105.3
2025-02-15T20:00+02:00;4221.575;1497.735;5590.925;99.99
2025-02-15T21:00+02:00;4221.925;1467.88;5284.6;104.44
2025-02-15T22:00+02:00;4221.95;1442.30625;5029.87625;119.99
2025-02-15T23:00+02:00;4222.3;1442.45625;4749.96625;98.81
2025-02-16T00:00+02:00;4222.025;1437.07125;4471.60875;100.88
2025-02-16T01:00+02:00;4221.775;1574.81625;4126.90375;133.78
2025-02-16T02:00+02:00;4221.75;1624.65625;3989.92625;131.98
2025-02-16T03:00+02:00;4221.925;1624.025;3980.27;127.36
2025-02-16T04:00+02:00;4222.4;1671.1225;3911.3625;120
2025-02-16T05:00+02:00;4222.7;1719.4875;3877.3325;119.99
2025-02-16T06:00+02:00;4222.25;1810.9525;3942.8375;119.99
2025-02-16T07:00+02:00;4222.1;1930.76125;4012.10625;120
2025-02-16T08:00+02:00;4222.725;1936.575;4010.84;110.54
2025-02-16T09:00+02:00;4222.775;1860.285;4092.28;110.68
2025-02-16T10:00+02:00;4222.225;1881.46;4269.5675;130
2025-02-16T11:00+02:00;4221.9;1882.41;4066.33;122.39
2025-02-16T12:00+02:00;4222.225;1829.81125;3905.68125;116.37
2025-02-16T13:00+02:00;4222.15;1771.70375;3928.96375;119.99
2025-02-16T14:00+02:00;4221.275;1720.05125;3806.03875;100.11
2025-02-16T15:00+02:00;4221.625;1715.2275;3785.42;108.81
2025-02-16T16:00+02:00;4222.55;1757.935;3818.46;107.84
2025-02-16T17:00+02:00;4222.45;1732.8825;4101.055;125.65
2025-02-16T18:00+02:00;4221.85;1869.26;4401.71;140.1
2025-02-16T19:00+02:00;4222.2;1899.4075;4345.1125;150
2025-02-16T20:00+02:00;4222.45;1842.87;4121.405;129.99
2025-02-16T21:00+02:00;4222.4;1791.1175;3889.705;114.04
2025-02-16T22:00+02:00;4222.6;1765.97125;3828.48125;116.02
2025-02-16T23:00+02:00;4222.875;1749.07875;3743.01875;114.61
2025-02-17T00:00+02:00;4222.525;1594.475;3536.3725;94.79
2025-02-17T01:00+02:00;4222.525;1580.3275;3373.11;113.99
2025-02-17T02:00+02:00;4222.85;1563.5175;3227.94;102.58
2025-02-17T03:00+02:00;4223.125;1584.6;3175.0875;100
2025-02-17T04:00+02:00;4222.85;1598.49;3304.845;94.79
2025-02-17T05:00+02:00;4223;1723.56;3627.835;100
2025-02-17T06:00+02:00;4222.35;2046.09875;3951.30875;124.94
2025-02-17T07:00+02:00;4221.75;2212.18875;4201.19125;139.79
2025-02-17T08:00+02:00;4222.9;2249.435;4271.3175;209.07
2025-02-17T09:00+02:00;4225.6;2159.22375;4531.62125;222.14
2025-02-17T10:00+02:00;4223.225;2148.25625;4471.23375;171.35
2025-02-17T11:00+02:00;4223.5;2074.9175;4320.6825;146.5
2025-02-17T12:00+02:00;4222.075;2038.2175;4205.225;124.66
2025-02-17T13:00+02:00;4220.625;1997.80625;4022.04625;120
2025-02-17T14:00+02:00;4221.875;1953.76125;4020.04875;106.8
2025-02-17T15:00+02:00;4222.85;1961.84125;3995.00875;111.91
2025-02-17T16:00+02:00;4223.05;2118.40625;3987.97125;125.85
2025-02-17T17:00+02:00;4224.825;2194.04875;4098.14375;136.69
2025-02-17T18:00+02:00;4223.725;2264.59875;4420.34625;173.26
2025-02-17T19:00+02:00;4218.875;2265.11875;4568.40625;160.01
2025-02-17T20:00+02:00;4221.7;2131.545;4282.9975;119.55
2025-02-17T21:00+02:00;4221.575;2025.955;4090.34;96.07
2025-02-17T22:00+02:00;4221.275;1814.30375;4267.80875;82.45
2025-02-17T23:00+02:00;4221.325;1612.45;4384.89;72.23
2025-02-18T00:00+02:00;4220.525;1289.0925;4493.8675;50.94
2025-02-18T01:00+02:00;4184.325;937.2825;4943.4225;19.52
2025-02-18T02:00+02:00;4184.25;869.085;5137.945;5.23
2025-02-18T03:00+02:00;4184.15;840.21625;5188.20875;4.32
2025-02-18T04:00+02:00;4183.575;831.965;5615.53;3.83
2025-02-18T05:00+02:00;4183.7;822.51625;5984.31125;3.3
2025-02-18T06:00+02:00;4171.55;826.93375;6502.69375;3.5
2025-02-18T07:00+02:00;4164.45;831.0625;6840.2025;19.53
2025-02-18T08:00+02:00;4164.375;833.65875;7104.99375;26.05
2025-02-18T09:00+02:00;4163.525;816.055;7157.555;29.51
2025-02-18T10:00+02:00;4144.45;873.41375;7037.85125;28.12
2025-02-18T11:00+02:00;4142.35;823.51;6964.5225;25.43
2025-02-18T12:00+02:00;4133.6;849.5275;6784.9625;27.32
2025-02-18T13:00+02:00;4124.225;802.44;6652.7125;28.49
2025-02-18T14:00+02:00;4123.75;780.61625;6552.94875;25.14
2025-02-18T15:00+02:00;4123.5;792.91375;6429.51125;19.52
2025-02-18T16:00+02:00;4123.175;787.77875;6777.16125;17.49
2025-02-18T17:00+02:00;4185.775;830.04;7331.0175;19.52
2025-02-18T18:00+02:00;4203.25;852.195;7762.8475;34.08
2025-02-18T19:00+02:00;4207.45;874.31;7656.615;41.36
2025-02-18T20:00+02:00;4213.1;878.52875;7298.00875;32.4
2025-02-18T21:00+02:00;4221.075;865.48;7147.655;21.03
2025-02-18T22:00+02:00;4221.675;866.5175;6926.3675;30.85
2025-02-18T23:00+02:00;4220.95;878.955;6444.05;25.49
2025-02-19T00:00+02:00;4221.325;909.025;5895.1025;29.59
2025-02-19T01:00+02:00;4221.9;955.7475;5456.05;44.91
2025-02-19T02:00+02:00;4221.9;1031.75125;5109.79875;42.03
2025-02-19T03:00+02:00;4221.725;1057.86875;5367.26625;35
2025-02-19T04:00+02:00;4221.7;1145.88625;5303.22875;39.98
2025-02-19T05:00+02:00;4221.8;1298.32375;5125.28375;46.26
2025-02-19T06:00+02:00;4221.175;1536.1325;5364.0025;124
2025-02-19T07:00+02:00;4220.75;1787.3775;5736.9025;189.1
2025-02-19T08:00+02:00;4220.775;1779.215;5685.7325;142.41
2025-02-19T09:00+02:00;4222.65;1754.135;5728.79;158.16
2025-02-19T10:00+02:00;4215.25;1725.1775;5672.98;129.99
2025-02-19T11:00+02:00;4199.575;1582.56125;5777.02375;104.35
2025-02-19T12:00+02:00;4200.8;1478.705;5360.7675;136.9
2025-02-19T13:00+02:00;4200.8;1214.685;5069.0775;124.94
2025-02-19T14:00+02:00;4204.325;1028.55125;5279.15875;114.17
2025-02-19T15:00+02:00;4185.675;952.52;5548.2075;68.41
2025-02-19T16:00+02:00;4186.575;912.4875;6089.945;57.14
2025-02-19T17:00+02:00;4202.5;924.7725;6995.135;60.01
2025-02-19T18:00+02:00;4213.225;915.55;7793.38;60
2025-02-19T19:00+02:00;4212.575;875.3725;7748.935;44.99
2025-02-19T20:00+02:00;4213.225;834.0625;7747.1325;39.99
2025-02-19T21:00+02:00;4213.35;808.51625;7621.27625;23.37
2025-02-19T22:00+02:00;4213.375;799.84375;7489.47875;19.95
2025-02-19T23:00+02:00;4218.95;794.50875;7338.37375;5.63
2025-02-20T00:00+02:00;4219.475;789.2425;6838.9025;4.44
2025-02-20T01:00+02:00;4219.4;819.51875;6559.96375;4.97
2025-02-20T02:00+02:00;4219.475;831.6325;6752.495;4.98
2025-02-20T03:00+02:00;4218.975;849.8875;6657.16;5.15
2025-02-20T04:00+02:00;4219.6;855.95875;6337.44625;5.88
2025-02-20T05:00+02:00;4219.25;871.09;6529.6;7.78
2025-02-20T06:00+02:00;4218.975;895.8925;6687.43;12.97
2025-02-20T07:00+02:00;4218.575;937.35625;7246.33125;38.17
2025-02-20T08:00+02:00;4218.85;939.94;7759.995;54.48
2025-02-20T09:00+02:00;4218.925;888.595;7789.09;66.77
2025-02-20T10:00+02:00;4219.225;924.0075;7206.3375;50.01
2025-02-20T11:00+02:00;4218.6;841.605;6767.175;49.8
2025-02-20T12:00+02:00;4220.225;829.9025;6550.7525;38.61
2025-02-20T13:00+02:00;4222.7;787.4125;6436.8775;36.63
2025-02-20T14:00+02:00;4218.7;817.88;6234.2425;27.04
2025-02-20T15:00+02:00;4218.525;802.26875;6117.60125;21.32
2025-02-20T16:00+02:00;4218.95;772.97375;6366.99875;9.14
2025-02-20T17:00+02:00;4218.9;730.57875;7116.35375;4.15
2025-02-20T18:00+02:00;4219.525;730.2275;7505.475;3.96
2025-02-20T19:00+02:00;4219.175;708.86;7202.49;3.47
2025-02-20T20:00+02:00;4219.525;727.7375;7132.8675;3.27
2025-02-20T21:00+02:00;4218.65;736.37;7252.77;3.01
2025-02-20T22:00+02:00;4219.05;709.68;7519.31;3.05
2025-02-20T23:00+02:00;4218.65;728.41;7434.755;2.6
2025-02-21T00:00+02:00;4219.175;735.11;7493.8325;2.04
2025-02-21T01:00+02:00;4192.05;729.3375;7806.73;0.81
2025-02-21T02:00+02:00;4189.875;740.7975;7900.645;0.2
2025-02-21T03:00+02:00;4190.15;741.775;7766.92;0.01
2025-02-21T04:00+02:00;4189.875;746.94375;7666.66625;0.01
2025-02-21T05:00+02:00;4189.575;744.5075;7757.0225;0.01
2025-02-21T06:00+02:00;4189.825;740.6825;7626.5675;0.93
2025-02-21T07:00+02:00;4188.6;751.22;7874.3825;1.36
2025-02-21T08:00+02:00;4189.45;740.9575;7845.9225;2
2025-02-21T09:00+02:00;3986.8;730.73875;7800.22875;2.84
2025-02-21T10:00+02:00;3998.8;714.64375;7873.57125;3.04
2025-02-21T11:00+02:00;4125.825;723.91;7725.3675;3.04
2025-02-21T12:00+02:00;4189.25;704.7425;7702.045;3.23
2025-02-21T13:00+02:00;4189.55;684.01375;8167.75125;3
2025-02-21T14:00+02:00;4188.775;680.3225;8398.1125;3.37
2025-02-21T15:00+02:00;4189.25;680.63625;7868.32375;3.05
2025-02-21T16:00+02:00;4191.575;670.16875;7544.57375;3.6
2025-02-21T17:00+02:00;4190.475;672.18875;7349.20125;3.19
2025-02-21T18:00+02:00;4189.75;666.50625;7479.49375;3.09
2025-02-21T19:00+02:00;4189.1;688.1875;7259.075;2.52
2025-02-21T20:00+02:00;4188.825;670.0525;6882.415;2.61
2025-02-21T21:00+02:00;4189.7;667.095;6644.675;2.62
2025-02-21T22:00+02:00;4189.675;653.425;6227.4175;2.89
2025-02-21T23:00+02:00;4189.4;656.115;6100.17;2.53
2025-02-22T00:00+02:00;4185.5;662.19125;5983.70375;2.12
2025-02-22T01:00+02:00;3800.9;636.735;6029.385;1.93
2025-02-22T02:00+02:00;3734.3;646.12;6091.015;1.7
2025-02-22T03:00+02:00;3734.975;631.215;5818.13;1.51
2025-02-22T04:00+02:00;3734.975;634.33125;5863.94375;1.51
2025-02-22T05:00+02:00;3734.075;625.5925;5810.9425;1.58
2025-02-22T06:00+02:00;3734.975;619.32;6061.6975;1.39
2025-02-22T07:00+02:00;3734.675;631.31;6699.51;1.51
2025-02-22T08:00+02:00;3735.175;611.325;6939.1725;1.53
2025-02-22T09:00+02:00;3734.525;625.75625;7234.56375;1.44
2025-02-22T10:00+02:00;3736.475;609.4925;7416.575;1.34
2025-02-22T11:00+02:00;3735.05;619.02;8048.6275;1.74
2025-02-22T12:00+02:00;3734.9;612.2925;8172.5175;2.42
2025-02-22T13:00+02:00;3734.55;608.135;8195.975;2.27
2025-02-22T14:00+02:00;3734.25;614.0175;8122.58;1.99
2025-02-22T15:00+02:00;3734.425;601.745;8093.4375;1.35
2025-02-22T16:00+02:00;3735.55;616.455;8240.405;1.44
2025-02-22T17:00+02:00;3734.425;600.4;8240.24;1.56
2025-02-22T18:00+02:00;3735.025;619.685;8221.35;2.27
2025-02-22T19:00+02:00;3649.15;607.10375;8217.77875;2.31
2025-02-22T20:00+02:00;3618.975;620.32125;8077.48875;2
2025-02-22T21:00+02:00;3618.875;608.5775;7879.075;1.35
2025-02-22T22:00+02:00;3619.15;615.5875;7793.1925;1.6
2025-02-22T23:00+02:00;3618.3;608.465;7584.48;1.24
2025-02-23T00:00+02:00;3618.425;621.705;7506.5275;0.51
2025-02-23T01:00+02:00;3618.975;613.52;7166.365;0
2025-02-23T02:00+02:00;3619.225;611.3925;6813.2125;-0.01
2025-02-23T03:00+02:00;3618.55;614.925;6815.27;-0.01
2025-02-23T04:00+02:00;3617.875;614.59875;6880.17875;-0.01
2025-02-23T05:00+02:00;3619.525;614.5;7359.64;0
2025-02-23T06:00+02:00;3618.45;609.1925;7504.7725;0
2025-02-23T07:00+02:00;3618.35;609.8275;7900.105;0.01
2025-02-23T08:00+02:00;3617.875;618.145;7911.035;1.25
2025-02-23T09:00+02:00;3618.125;603.23625;7979.27875;1.32
2025-02-23T10:00+02:00;3618.375;615.6675;7939.0575;2.05
2025-02-23T11:00+02:00;3618.95;603.4375;7706.9025;2.88
2025-02-23T12:00+02:00;3618.05;610.345;7596.4525;3.1
2025-02-23T13:00+02:00;3618.625;607.73;7591.6275;3.85
2025-02-23T14:00+02:00;3618.575;607.91;7358.92;4
2025-02-23T15:00+02:00;3618.125;609.915;6994.15;4.01
2025-02-23T16:00+02:00;3618.875;604.72625;6825.12375;3.21
2025-02-23T17:00+02:00;3618.575;604.96875;6877.77375;4.21
2025-02-23T18:00+02:00;3617.625;605.5325;6704.525;4.86
2025-02-23T19:00+02:00;3618.575;614.475;6576.975;4.83
2025-02-23T20:00+02:00;3618.425;596.375;6054.1;4.58
2025-02-23T21:00+02:00;3617.925;612.2025;5494.925;4.23
2025-02-23T22:00+02:00;3617.825;609.1575;5537.875;3.89
2025-02-23T23:00+02:00;3617.775;616.13;5319.67;3.85
2025-02-24T00:00+02:00;3617.625;606.9175;5183.755;3.87
2025-02-24T01:00+02:00;3656.025;593.3025;5130.8375;3.25
2025-02-24T02:00+02:00;3658.65;580.2975;5289.1575;2.87
2025-02-24T03:00+02:00;3658.85;590.1375;5502.105;2.22
2025-02-24T04:00+02:00;3658.625;618.46;5606.0625;1.68
2025-02-24T05:00+02:00;3659.075;635.6;5811.715;1.92
2025-02-24T06:00+02:00;3658.25;629.20875;6045.63375;2.43
2025-02-24T07:00+02:00;3659.2;609.1875;6321.61;2.92
2025-02-24T08:00+02:00;3658.575;613.5975;6630.445;2.78
2025-02-24T09:00+02:00;3659.675;620.93;6791.5475;2.92
2025-02-24T10:00+02:00;3658.675;619.65;6738.6775;2.99
2025-02-24T11:00+02:00;3658.875;614.7525;6953.3275;2.96
2025-02-24T12:00+02:00;3659.1;642.14;6752.2825;3.06
2025-02-24T13:00+02:00;3660.15;640.0475;6750.0825;2.65
2025-02-24T14:00+02:00;3659.6;640.0925;6834.1075;2.38
2025-02-24T15:00+02:00;3661.175;636.3225;7250.73;2.24
2025-02-24T16:00+02:00;3660.525;631.4475;7701.1275;2
2025-02-24T17:00+02:00;3659.675;638.4925;8063.5025;2.08
2025-02-24T18:00+02:00;3659.925;627.7175;7931.9925;1.91
2025-02-24T19:00+02:00;3659.7;632.375;7853.195;2.2
2025-02-24T20:00+02:00;3658.1;633.9225;7823.4225;1.88
2025-02-24T21:00+02:00;3657.525;628.3375;7564.5775;1.9
2025-02-24T22:00+02:00;3656.35;632.1025;7525.76;1.94
2025-02-24T23:00+02:00;3656.2;624.7425;7364.4625;1.99
2025-02-25T00:00+02:00;3656.225;632.5425;7273.7425;1.79
2025-02-25T01:00+02:00;3657.225;623.19875;7252.71875;1.26
2025-02-25T02:00+02:00;3657.675;615.6625;7409.275;1.12
2025-02-25T03:00+02:00;3657.85;607.56875;7520.26875;1.26
2025-02-25T04:00+02:00;3657.875;637.21875;7495.94375;1.26
2025-02-25T05:00+02:00;3656.9;633.1825;7765.3975;2
2025-02-25T06:00+02:00;3656.9;641.4475;7899.15;3.02
2025-02-25T07:00+02:00;3656.5;633;7688.245;2.93
2025-02-25T08:00+02:00;3834.3;649.6775;7986.8275;4.88
2025-02-25T09:00+02:00;3852.975;653.45125;7812.54375;5.23
2025-02-25T10:00+02:00;3850.55;649.3675;7538.26;5.47
2025-02-25T11:00+02:00;3850.525;639.5725;7341.3375;5.79
2025-02-25T12:00+02:00;3851.325;616.71;7190.8125;5.85
2025-02-25T13:00+02:00;3854;658.185;7010.6575;5.86
2025-02-25T14:00+02:00;3853.45;632.96;7026.715;5.73
2025-02-25T15:00+02:00;3851.325;632.7;7092.86;5.52
2025-02-25T16:00+02:00;3851;635.85375;6830.83875;5.64
2025-02-25T17:00+02:00;3851.825;629.22;6559.6675;5.43
2025-02-25T18:00+02:00;3852.15;624.41875;6399.84125;5.87
2025-02-25T19:00+02:00;3852.35;631.7575;6141.515;6.42
2025-02-25T20:00+02:00;3926.2;630.65875;5659.39625;6.44
2025-02-25T21:00+02:00;3928.425;632.0725;5135.4;7.61
2025-02-25T22:00+02:00;3929.925;646.7125;4825.135;10.22
2025-02-25T23:00+02:00;3928.625;684.1725;4456.245;6.72
2025-02-26T00:00+02:00;3928.875;701.8225;4186.4275;6.04
2025-02-26T01:00+02:00;4003.225;682.955;3971.465;10.63
2025-02-26T02:00+02:00;4168.675;641.715;3648.6375;10.26
2025-02-26T03:00+02:00;4214.95;646.205;3522.905;10.19
2025-02-26T04:00+02:00;4215.65;672.26625;3500.42125;10.42
2025-02-26T05:00+02:00;4214.85;665.8975;3617.05;11.04
2025-02-26T06:00+02:00;4215.25;706.92;4018.6675;20.48
2025-02-26T07:00+02:00;4217.225;771.16;4260.2125;50
2025-02-26T08:00+02:00;4218.65;782.00375;4436.31375;73.6
2025-02-26T09:00+02:00;4219.6;783.91375;4502.17375;94.12
2025-02-26T10:00+02:00;4220.275;766.05375;4439.49125;79.69
2025-02-26T11:00+02:00;4220.975;761.94;4412.7625;44.99
2025-02-26T12:00+02:00;4218.825;763.58;4338.0725;38.31
2025-02-26T13:00+02:00;4218.325;770.90375;4270.45625;42.8
2025-02-26T14:00+02:00;4218.85;759.1975;4374.1775;37.35
2025-02-26T15:00+02:00;4220.375;755.095;4573.13;32.73
2025-02-26T16:00+02:00;4221.1;748.88875;4772.91125;27.83
2025-02-26T17:00+02:00;4222.425;732.96375;5104.79875;28.48
2025-02-26T18:00+02:00;4221.9;713.36;5519.085;31.25
2025-02-26T19:00+02:00;4221.725;697.92125;5610.09625;30.86
2025-02-26T20:00+02:00;4221.775;661.92875;5408.06125;23
2025-02-26T21:00+02:00;4221.75;652.665;5135.185;10.29
2025-02-26T22:00+02:00;4221.6;648.755;5252.5875;10.24
2025-02-26T23:00+02:00;4221.375;651.2075;5357.055;8.98
2025-02-27T00:00+02:00;4221.525;645.30375;5211.31125;6.39
2025-02-27T01:00+02:00;4221.55;643.2225;5210.3025;6.39
2025-02-27T02:00+02:00;4221.675;643.64;5181.92;6.39
2025-02-27T03:00+02:00;4221.85;658.715;4996.3125;7.77
2025-02-27T04:00+02:00;4221.925;658.63;4921.14;9.57
2025-02-27T05:00+02:00;4221.875;657.0125;4843.47;10.27
2025-02-27T06:00+02:00;4221.525;640.6275;5116.14;13.91
2025-02-27T07:00+02:00;4221.625;631.5925;5436.4825;23.01
2025-02-27T08:00+02:00;4220.8;650.68125;5726.16375;35.04
2025-02-27T09:00+02:00;4221.5;685.1825;5452.085;46.43
2025-02-27T10:00+02:00;3535.425;732.48375;5350.07875;110.08
2025-02-27T11:00+02:00;4126.25;708.72;5018.9;39.39
2025-02-27T12:00+02:00;4219.625;690.2425;4939.405;39.11
2025-02-27T13:00+02:00;4222.85;661.24;4916.915;50
2025-02-27T14:00+02:00;4220.925;648.935;4911.53;39.19
2025-02-27T15:00+02:00;4219.625;641.22875;4884.25125;41.19
2025-02-27T16:00+02:00;4218.35;636.43375;4987.33375;36.62
2025-02-27T17:00+02:00;4219.125;627.25;5140.025;35.57
2025-02-27T18:00+02:00;4218.525;635.525;5304.175;44.77
2025-02-27T19:00+02:00;4218.8;629.8125;5520.35;44.56
2025-02-27T20:00+02:00;4219.025;649.1025;5335.55;44.77
2025-02-27T21:00+02:00;4219.35;657.6625;5127.85;32.87
2025-02-27T22:00+02:00;4218.4;638.6425;4927.15;42.79
2025-02-27T23:00+02:00;4220.575;631.6225;4644.325;40
2025-02-28T00:00+02:00;4219.125;630.685;4367.275;29.14
2025-02-28T01:00+02:00;4221.075;656.1525;4006.94;4.75
2025-02-28T02:00+02:00;4219.5;650.1475;3756.0475;4.56
2025-02-28T03:00+02:00;4220.575;670.87125;3505.64625;4.38
2025-02-28T04:00+02:00;4220.3;675.2725;3558.28;4.41
2025-02-28T05:00+02:00;4220.775;673.855;3633.2125;4.57
2025-02-28T06:00+02:00;4220.4;737.94125;4015.11625;22.14
2025-02-28T07:00+02:00;4220.975;809.21625;4386.16625;40
2025-02-28T08:00+02:00;4219.7;868.085;4606.075;85.05
2025-02-28T09:00+02:00;4220.025;900.4075;4652.23;154.47
2025-02-28T10:00+02:00;4145.675;876.37;4598.085;152.31
2025-02-28T11:00+02:00;4143.45;838.27125;4492.06375;130.38
2025-02-28T12:00+02:00;4025.775;822.8225;4538.5525;78.25
2025-02-28T13:00+02:00;4009.85;818.26;4665.495;102.99
2025-02-28T14:00+02:00;4009.6;814.355;4514.01;44.97
2025-02-28T15:00+02:00;4010.875;810.5625;4288.6575;43.78
2025-02-28T16:00+02:00;4011.025;784.8575;4232.2775;35
2025-02-28T17:00+02:00;4009.425;831.0425;4949.385;47.22
2025-02-28T18:00+02:00;3524.025;876.73;5383.2075;158.05
2025-02-28T19:00+02:00;2952;880.0075;5830.77;159.01
2025-02-28T20:00+02:00;2753.975;863.37;6059.115;67.41
2025-02-28T21:00+02:00;2737.725;791.9875;5897.945;59.56
2025-02-28T22:00+02:00;2737.375;762.0075;5584.1925;49.98
2025-02-28T23:00+02:00;2736.775;715.62;5248.435;40
2025-03-01T00:00+01:00;2737.075;735.64125;4988.00875;33.6
2025-03-01T01:00+01:00;2736.875;733.55875;4768.22375;40
2025-03-01T02:00+02:00;2737.65;740.32375;4594.50625;34.81
2025-03-01T03:00+02:00;2595.4;730.06375;4430.42375;44.27
2025-03-01T04:00+02:00;2583.75;737.19875;4280.24875;32.56
2025-03-01T05:00+02:00;2583.65;770.525;4347.4425;33.85
2025-03-01T06:00+02:00;2583.775;822.8975;4478.95;50.01
2025-03-01T07:00+02:00;2583.275;896.72625;4366.10125;71.74
2025-03-01T08:00+02:00;2583.475;876.53;4184.57;136.23
2025-03-01T09:00+02:00;2583.6;899.575;4410.24;139.13
2025-03-01T10:00+02:00;2583.8;918.01125;4488.42875;150.07
2025-03-01T11:00+02:00;2583.95;947.89;4504.785;141.96
2025-03-01T12:00+02:00;2583.425;952.85;4550.5;160
2025-03-01T13:00+02:00;2584.075;961.7075;4553.22;141.96
2025-03-01T14:00+02:00;2584.575;972.5875;4575.77;105
2025-03-01T15:00+02:00;2583.975;965.15;4687.57;114.7
2025-03-01T16:00+02:00;2583.9;958.9;4791.4275;105
2025-03-01T17:00+02:00;2583.925;946.10125;4993.18875;137.04
2025-03-01T18:00+02:00;2583.975;898.63;5599.02;125
2025-03-01T19:00+02:00;2582.625;818.6325;5866.825;59.72
2025-03-01T20:00+02:00;2581.55;753.51625;5880.08375;34.99
2025-03-01T21:00+02:00;2581.425;702.14625;5631.27125;7.79
2025-03-01T22:00+02:00;2579.625;687.6775;5887.3975;10.11
2025-03-01T23:00+02:00;2575.025;687.9725;5901.95;4.19
2025-03-02T00:00+02:00;2574.475;688.70375;5788.64875;3.42
2025-03-02T01:00+02:00;2572.325;681.14875;5888.52375;2.39
2025-03-02T02:00+02:00;2571.25;690.335;5800.05;2.28
2025-03-02T03:00+02:00;2571.45;698.0825;5721.28;1.96
2025-03-02T04:00+02:00;2571.725;701.21375;5818.23375;1.52
2025-03-02T05:00+02:00;2571.275;715.2425;5838.935;1.59
2025-03-02T06:00+02:00;2579.725;681.5675;6043.44;1.58
2025-03-02T07:00+02:00;2592.575;676.1075;6238.4;1.7
2025-03-02T08:00+02:00;2591.125;676.9475;6647.425;1.9
2025-03-02T09:00+02:00;2590.2;673.045;7069.5025;1.95
2025-03-02T10:00+02:00;2589.675;678.8075;7387.34;2
2025-03-02T11:00+02:00;2589.15;666.835;7575.9475;1.63
2025-03-02T12:00+02:00;2589.1;690.6425;7301.4675;1.3
2025-03-02T13:00+02:00;2589.35;674.22;7181.7025;0.93
2025-03-02T14:00+02:00;2595.85;674.9175;6913.5175;1.11
2025-03-02T15:00+02:00;2599.15;672.0225;6385.6775;1.3
2025-03-02T16:00+02:00;2602.125;671.615;6396.075;2.03
2025-03-02T17:00+02:00;2601.675;677.985;6577.5875;2.54
2025-03-02T18:00+02:00;2602.15;677.44;6855.6;4.06
2025-03-02T19:00+02:00;2599.375;680.615;6410.14;3.66
2025-03-02T20:00+02:00;2603.275;677.99;6495.55;4.02
2025-03-02T21:00+02:00;2605.625;684.62875;5719.68375;3.71
2025-03-02T22:00+02:00;2605.45;705.83875;5261.09625;3.34
2025-03-02T23:00+02:00;2605.625;699.16;5262.73;2.93
2025-03-03T00:00+02:00;2605.5;699.66875;4942.66375;2.11
2025-03-03T01:00+02:00;2602.775;706.55625;4462.78125;17.72
2025-03-03T02:00+02:00;2602.85;715.35125;4182.99875;12.2
2025-03-03T03:00+02:00;2602.25;708.87;4605.025;3.01
2025-03-03T04:00+02:00;2602.225;708.69375;4752.39875;1.27
2025-03-03T05:00+02:00;2602.675;683.1025;5071.74;1.27
2025-03-03T06:00+02:00;2602.65;698.7125;5888.1275;2.33
2025-03-03T07:00+02:00;2602.125;684.0475;6057.9375;3.01
2025-03-03T08:00+02:00;2603.85;687.8725;6218.45;4.32
2025-03-03T09:00+02:00;2606.2;702.915;6141.375;18.37
2025-03-03T10:00+02:00;2602.75;685.97375;6221.08125;14
2025-03-03T11:00+02:00;2606.9;695.33;6111.675;3.96
2025-03-03T12:00+02:00;2612.15;708.055;5850.1775;3.49
2025-03-03T13:00+02:00;2611.825;692.6975;5880.4625;2.35
2025-03-03T14:00+02:00;2612.225;679.575;6201.5525;1.73
2025-03-03T15:00+02:00;2612.325;673.96;6339.7675;2.02
2025-03-03T16:00+02:00;2612.85;682.22375;6690.71625;1.99
2025-03-03T17:00+02:00;2614.8;681.955;7589.4525;2.16
2025-03-03T18:00+02:00;2614.575;690.435;8042.36;2.26
2025-03-03T19:00+02:00;2614.575;697.9675;8054.995;2.08
2025-03-03T20:00+02:00;2615.05;713.5125;7669.6675;2.08
2025-03-03T21:00+02:00;2614.675;716.54;7411.6375;1.99
2025-03-03T22:00+02:00;2614.4;720.3375;7101.4775;1.23
2025-03-03T23:00+02:00;2614.475;721.41;7121.0825;0.43
2025-03-04T00:00+02:00;2614.625;720.2;6390.1125;-0.01
2025-03-04T01:00+02:00;2615.275;710.785;5838.5125;-0.1
2025-03-04T02:00+02:00;2614.65;721.50875;5720.75625;-0.11
2025-03-04T03:00+02:00;2614.8;730.7775;5559.0375;-0.11
2025-03-04T04:00+02:00;2614.95;735.03875;5349.44375;-0.1
2025-03-04T05:00+02:00;2615.4;716.4175;5992.1975;0
2025-03-04T06:00+02:00;2614.4;722.8875;6164.1325;1.05
2025-03-04T07:00+02:00;2614.475;761.2275;6674.7125;2.22
2025-03-04T08:00+02:00;2613.7;735.6125;7020.075;2.64
2025-03-04T09:00+02:00;2612.625;727.19375;7075.37375;3.12
2025-03-04T10:00+02:00;2613.9;720.92375;7003.91375;3.66
2025-03-04T11:00+02:00;2614.225;717.18125;6573.37875;3.84
2025-03-04T12:00+02:00;2615.95;712.515;6278.1675;3.66
2025-03-04T13:00+02:00;2620.35;710.3725;5891;3.74
2025-03-04T14:00+02:00;2617.725;709.205;5909.6775;3.97
2025-03-04T15:00+02:00;2614.4;701.1475;5529.1675;6.39
2025-03-04T16:00+02:00;2615.7;703.63375;5526.35875;10.46
2025-03-04T17:00+02:00;2617.55;711.995;6404.8825;14.61
2025-03-04T18:00+02:00;2617.5;692.45125;6935.50125;17.25
2025-03-04T19:00+02:00;2616.55;676.5575;6999.525;16.98
2025-03-04T20:00+02:00;2617.125;688.56125;6488.91125;16.98
2025-03-04T21:00+02:00;2616.4;681.85;5948.4825;5.54
2025-03-04T22:00+02:00;2616.775;674.5125;5893.43;9.27
2025-03-04T23:00+02:00;2616.45;673.39;5616.9;5.1
2025-03-05T00:00+02:00;2614.675;672.76;5694.155;1.43
2025-03-05T01:00+02:00;2617.175;676.9975;5774.3175;0
2025-03-05T02:00+02:00;2617.875;672.42125;5712.74125;-0.08
2025-03-05T03:00+02:00;2620.25;674.485;5717.8675;-0.2
2025-03-05T04:00+02:00;2620.3;667.22625;5557.91625;-0.21
2025-03-05T05:00+02:00;2620.425;671.36875;5988.35875;-0.14
2025-03-05T06:00+02:00;2619.925;672.36;6349.165;-0.02
2025-03-05T07:00+02:00;2619.325;686.1975;7201.53;1.15
2025-03-05T08:00+02:00;2619.5;706.0825;7816.4325;2.49
2025-03-05T09:00+02:00;2619.15;694.2675;7714.99;2.99
2025-03-05T10:00+02:00;2622.775;720.455;7755.21;2.43
2025-03-05T11:00+02:00;2626.35;677.1825;7379.0475;1.17
2025-03-05T12:00+02:00;2625.625;671.14625;7277.74875;0.01
2025-03-05T13:00+02:00;2625.925;678.71;6423.75;-0.21
2025-03-05T14:00+02:00;2626.7;681.59;6696.145;-0.01
2025-03-05T15:00+02:00;2626.1;695.83;7065.2825;1.12
2025-03-05T16:00+02:00;2626.5;716.4525;7622.2425;2.15
2025-03-05T17:00+02:00;2626.225;714.565;8013.45;3.17
2025-03-05T18:00+02:00;2626.125;699.42;8179.8325;3.23
2025-03-05T19:00+02:00;2625.85;705.3075;8295.625;3.26
2025-03-05T20:00+02:00;2625.45;704.5025;8146.4;3.17
2025-03-05T21:00+02:00;2625.5;703.5675;7637.825;3.21
2025-03-05T22:00+02:00;2625.7;705.9075;7120.04;3.53
2025-03-05T23:00+02:00;2626.125;704.0725;6261.3075;2.93
2025-03-06T00:00+02:00;2626.1;710.115;5333.075;2.23
2025-03-06T01:00+02:00;2626.15;692.55375;4687.09625;2.92
2025-03-06T02:00+02:00;2627.575;696.87125;4076.34125;2.52
2025-03-06T03:00+02:00;2626.225;696.6975;3751.025;5.1
2025-03-06T04:00+02:00;2626.95;695.93875;3588.45125;16.89
2025-03-06T05:00+02:00;2627.25;710.8875;3850.955;26.2
2025-03-06T06:00+02:00;2626.4;722.19;4613.505;46.14
2025-03-06T07:00+02:00;2626.75;716.785;5418.1375;49.39
2025-03-06T08:00+02:00;2626.4;710.1475;5799.2625;36.65
2025-03-06T09:00+02:00;2626.45;707.4275;5813.4875;30.75
2025-03-06T10:00+02:00;2628.5;704.835;5793.58;21.26
2025-03-06T11:00+02:00;2628.825;684.4175;5816.925;5.29
2025-03-06T12:00+02:00;2627.025;626.87375;6067.26375;3.46
2025-03-06T13:00+02:00;2625.475;612.3725;6004.4225;1.68
2025-03-06T14:00+02:00;2626;541.87625;6037.21125;1.12
2025-03-06T15:00+02:00;2626.5;536.68125;6679.38875;2.68
2025-03-06T16:00+02:00;2627.725;549.7625;6649.73;1.99
2025-03-06T17:00+02:00;2625.4;556.72875;6494.40875;1.24
2025-03-06T18:00+02:00;2625.125;556.22875;6585.93125;2.82
2025-03-06T19:00+02:00;2625.225;547.8125;6423.075;3.15
2025-03-06T20:00+02:00;2625.425;563.8225;6195.235;3.28
2025-03-06T21:00+02:00;2625.075;548.015;5654.7125;2.98
2025-03-06T22:00+02:00;2625.35;558.7225;5194.555;3.72
2025-03-06T23:00+02:00;2625.55;586.94375;5185.53875;3.89
2025-03-07T00:00+02:00;2624.975;568.51375;4776.11125;5
2025-03-07T01:00+02:00;2625.25;572.49875;4859.41375;6.4
2025-03-07T02:00+02:00;2625.5;569.42;5075.745;6.7
2025-03-07T03:00+02:00;2626.15;596.5925;5016.125;9.86
2025-03-07T04:00+02:00;2624.625;605.0525;4594.485;14.12
2025-03-07T05:00+02:00;2625;650.7225;4624.7925;21.32
2025-03-07T06:00+02:00;2625.35;788.00375;4719.76875;84.2
2025-03-07T07:00+02:00;2624.6;884.61875;4841.43375;153.03
2025-03-07T08:00+02:00;2624.775;878.35375;4990.88875;178.03
2025-03-07T09:00+02:00;2624.675;882.565;4850.21;133.02
2025-03-07T10:00+02:00;2625.225;872.31125;4424.53875;83.12
2025-03-07T11:00+02:00;2624.95;786.64;4305.685;72.07
2025-03-07T12:00+02:00;2624.525;777.89;4172.345;51.06
2025-03-07T13:00+02:00;2625.2;695.65875;4220.49625;56.17
2025-03-07T14:00+02:00;2625.05;626.155;4369.2125;60
2025-03-07T15:00+02:00;2624.85;639.2275;4774.9125;60
2025-03-07T16:00+02:00;2626.15;643.805;4969.6275;57.97
2025-03-07T17:00+02:00;2624.625;610.10875;5383.55875;39.47
2025-03-07T18:00+02:00;2625.1;584.7575;5624.7525;39.65
2025-03-07T19:00+02:00;2624.625;563.47;5906.43;23.61
2025-03-07T20:00+02:00;2624.775;544.2375;6294.095;4.53
2025-03-07T21:00+02:00;2624.475;542.475;6469.7525;3.22
2025-03-07T22:00+02:00;2624.525;536.78;6497.3875;3.34
2025-03-07T23:00+02:00;2624.875;546.51875;6304.72625;2.99
2025-03-08T00:00+02:00;2625;539.63625;6049.34875;2.31
2025-03-08T01:00+02:00;2585.95;548.9325;5909.98;0.19
2025-03-08T02:00+02:00;2557.375;537.88;5729.665;0.01
2025-03-08T03:00+02:00;2557.475;550.9225;5467.3325;-0.01
2025-03-08T04:00+02:00;2557.3;541.10375;5238.68875;-0.03
2025-03-08T05:00+02:00;2556.775;547.755;5545.445;-0.01
2025-03-08T06:00+02:00;2556.5;547.1775;5757.64;-0.01
2025-03-08T07:00+02:00;2556.625;536.2075;6024.905;-0.02
2025-03-08T08:00+02:00;2557.475;526.7475;6203.67;-0.01
2025-03-08T09:00+02:00;2557.55;529.425;6536.0625;-0.01
2025-03-08T10:00+02:00;2560.175;534.56625;7336.17625;0
2025-03-08T11:00+02:00;2559.325;522.115;7792.4925;0.58
2025-03-08T12:00+02:00;2557.175;538.20125;7546.21875;0.01
2025-03-08T13:00+02:00;2556.225;537.9475;7200.87;0
2025-03-08T14:00+02:00;2556.4;538.1375;7169.16;0.01
2025-03-08T15:00+02:00;2556.225;540.66;7220.49;0.01
2025-03-08T16:00+02:00;2556.8;539.6725;6685.0325;-0.01
2025-03-08T17:00+02:00;2556.65;551.015;7150.7675;0
2025-03-08T18:00+02:00;2556.9;542.435;7819.455;0.4
2025-03-08T19:00+02:00;2556.3;558.0525;7975.93;0.54
2025-03-08T20:00+02:00;2556.9;542.8975;7893.875;0.01
2025-03-08T21:00+02:00;2556.525;555.4325;7409.54;0
2025-03-08T22:00+02:00;2557.65;558.075;7647.0325;0.01
2025-03-08T23:00+02:00;2557.2;557.305;7182.1975;1.01
2025-03-09T00:00+02:00;2557.925;559.74875;7065.11125;0.82
2025-03-09T01:00+02:00;2556.625;555.655;7557.0625;1.51
2025-03-09T02:00+02:00;2557.125;482.67;7486.49;2.03
2025-03-09T03:00+02:00;2556.65;476.765;7159.3975;2.59
2025-03-09T04:00+02:00;2557;488.3975;7164.3325;3.78
2025-03-09T05:00+02:00;2570.325;479.13;6617.6075;4.89
2025-03-09T06:00+02:00;2587.9;494.49;5968.1025;5.88
2025-03-09T07:00+02:00;2614.325;526.5675;5605.76;6.4
2025-03-09T08:00+02:00;2622.75;543.27125;4956.17625;11.96
2025-03-09T09:00+02:00;2623.725;580.5375;4364.465;38.67
2025-03-09T10:00+02:00;2624.325;590.6175;3903.8425;50.7
2025-03-09T11:00+02:00;2624;589.5075;3741.9375;54.83
2025-03-09T12:00+02:00;2624.25;615.5725;3542.8025;50.75
2025-03-09T13:00+02:00;2624.375;651.86125;3459.98875;49.56
2025-03-09T14:00+02:00;2624;675.28375;3512.76375;55.61
2025-03-09T15:00+02:00;2624.275;741.32;3566.54;157.01
2025-03-09T16:00+02:00;2624.5;748.0525;3478.56;100.96
2025-03-09T17:00+02:00;2624.175;838.87125;3808.14625;141.64
2025-03-09T18:00+02:00;2624.3;892.5825;3866.7975;249.99
2025-03-09T19:00+02:00;2624.35;928.13125;3924.88625;218.27
2025-03-09T20:00+02:00;2623.775;941.885;3866.9525;154.01
2025-03-09T21:00+02:00;2623.95;913.4475;3800.8625;129.07
2025-03-09T22:00+02:00;2624.525;910.42;3923.7675;121.91
2025-03-09T23:00+02:00;2625.3;873.89;4008.275;112.97
2025-03-10T00:00+02:00;2624.275;839.3325;3975.99;80.13
2025-03-10T01:00+02:00;2624.25;811.6225;4096.945;84.2
2025-03-10T02:00+02:00;2624.25;793.46625;4282.75125;40
2025-03-10T03:00+02:00;2625.625;795.28;4248.975;35
2025-03-10T04:00+02:00;2624.275;797.82875;4222.52875;35
2025-03-10T05:00+02:00;2624.025;825.12375;4335.75625;59.92
2025-03-10T06:00+02:00;2625;882.8375;4648.8675;120
2025-03-10T07:00+02:00;2624.8;981.7425;4812.41;173.49
2025-03-10T08:00+02:00;;;;186.86
2025-03-10T09:00+02:00;;;;153.05
2025-03-10T10:00+02:00;;;;136.46
2025-03-10T11:00+02:00;;;;94.37
2025-03-10T12:00+02:00;;;;139.9
2025-03-10T13:00+02:00;;;;107.77
2025-03-10T14:00+02:00;;;;107.14
2025-03-10T15:00+02:00;;;;88.27
2025-03-10T16:00+02:00;;;;99.99
2025-03-10T17:00+02:00;;;;117.13
2025-03-10T18:00+02:00;;;;136.27
2025-03-10T19:00+02:00;;;;152.83
2025-03-10T20:00+02:00;;;;135.7
2025-03-10T21:00+02:00;;;;82.53
2025-03-10T22:00+02:00;;;;62.64
2025-03-10T23:00+02:00;;;;33.94
2025-03-11T00:00+02:00;;;;20
2025-03-11T01:00+02:00;;;;
2025-03-11T02:00+02:00;;;;
2025-03-11T03:00+02:00;;;;
2025-03-11T04:00+02:00;;;;
2025-03-11T05:00+02:00;;;;
2025-03-11T06:00+02:00;;;;
2025-03-11T07:00+02:00;;;;
2025-03-11T08:00+02:00;;;;
2025-03-11T09:00+02:00;;;;
2025-03-11T10:00+02:00;;;;
2025-03-11T11:00+02:00;;;;
2025-03-11T12:00+02:00;;;;
2025-03-11T13:00+02:00;;;;
2025-03-11T14:00+02:00;;;;
2025-03-11T15:00+02:00;;;;
2025-03-11T16:00+02:00;;;;
2025-03-11T17:00+02:00;;;;
2025-03-11T18:00+02:00;;;;
2025-03-11T19:00+02:00;;;;
2025-03-11T20:00+02:00;;;;
2025-03-11T21:00+02:00;;;;
2025-03-11T22:00+02:00;;;;
2025-03-11T23:00+02:00;;;;
2025-03-12T00:00+02:00;;;;