sim_name,sim_date,simulation_day,bidding_zone,run_id,elapsed_time,f,Ran Successfully,Reached Weightgoal,eps,DLI_avg,DLI variance,DLI_max,DLI_min,Final fresh weight,Costs,CM Earnings,AM Earnings,Total,Cost Reduction
Batch_MPC_7day_2024_04_01_NO2_est,2025-05-22 21:18:17,2024-04-01,NO2,complete_MPC,146.6287877559662,76324.13916241047,True,False,0.0751183378398501,11.537644401174823,8.319104105873079,16.26302544750056,6.788252011020369,22.23899193472172,4085.886384557942,1028.1785913740737,1120.7361424872531,1936.9716506966151,52.28%
Batch_MPC_7day_2024_04_01_SE1_est,2025-05-22 21:21:09,2024-04-01,SE1,complete_MPC,120.07376217842102,143662.919894176,True,False,0.1452653505100656,11.41294914435628,6.592982758937761,15.555090410658806,7.793216450522541,22.168844922051505,3327.0790253736923,3139.555143778848,1351.1667548010523,-1163.6428732062084,136.11%
Batch_MPC_7day_2024_04_01_DK1_est,2025-05-22 21:23:55,2024-04-01,DK1,complete_MPC,112.57895231246948,2594.668368482168,True,True,0.0,11.463731146361024,8.342660288403534,15.110225567731078,5.713977192267436,22.56946127313528,4042.539961434161,18.46230755595931,1406.0525315152909,2618.025122362911,35.43%
Batch_MPC_7day_2024_04_01_FI_est,2025-05-22 21:26:49,2024-04-01,FI,complete_MPC,301.6967463493347,2475.812798691186,True,True,0.0,11.831871877945687,3.4722078400708583,15.410139604028233,9.466373884126044,22.34497688902569,3311.371593733641,0.0,447.7784444197046,2863.593149313937,20.20%
Batch_MPC_7day_2024_04_08_NO2_est,2025-05-22 21:33:13,2024-04-08,NO2,complete_MPC,273.1310951709748,-2071.687835100112,True,True,0.0,12.870952074928304,3.0337124532881927,15.354316908121389,10.087743397807287,23.792973170487336,3231.874327783323,869.6052400326328,996.6368100038098,1365.6322777468804,49.17%
Batch_MPC_7day_2024_04_08_SE1_est,2025-05-22 21:39:26,2024-04-08,SE1,complete_MPC,219.6039109230041,-1660.681043112844,True,True,0.0,12.445751721158352,5.766601710799936,16.103634639927428,8.645233745060786,22.90784990409784,1666.1383828267574,3508.4628674016026,800.5634915413415,-2642.8879761161866,290.11%
Batch_MPC_7day_2024_04_08_DK1_est,2025-05-22 21:45:04,2024-04-08,DK1,complete_MPC,11.687496662139893,22314486.821989343,False,False,22.31411027256157,0.0,0.0,0.0,0.0,0.0,423.4591166620359,6.544296726557927,124.28147143449895,292.63334850097897,87.45%
Batch_MPC_7day_2024_04_08_FI_est,2025-05-22 21:47:35,2024-04-08,FI,complete_MPC,159.0177686214447,701.0353192588083,True,True,0.0,12.132456581790931,4.025181063176588,14.834080811619875,8.144743363861174,22.952975874641663,1469.039802602727,0.0,392.4685993628588,1076.5712032398685,37.37%
Batch_MPC_7day_2024_04_15_NO2_est,2025-05-22 21:52:54,2024-04-15,NO2,complete_MPC,180.25210189819336,3175.0907820263674,True,True,0.0,12.809105169890916,5.225400634256601,15.15674741124532,7.558407295412479,23.54431989204658,5412.259512149543,745.7549264983458,1499.4190976992604,3167.085487951937,35.28%
Batch_MPC_7day_2024_04_15_SE1_est,2025-05-22 21:58:52,2024-04-15,SE1,complete_MPC,136.53355646133423,22316268.16023994,False,False,22.31411027256157,-0.6792733083271357,921.5062324966524,16.828020316725926,-74.009455552949,0.0,4134.025382102339,1960.659344804486,951.58823371936,1221.7778035784927,72.63%
Batch_MPC_7day_2024_04_15_DK1_est,2025-05-22 22:04:28,2024-04-15,DK1,complete_MPC,116.8046772480011,22318203.9650872,False,False,22.31411027256157,-0.6063935057457231,629.4837321541106,17.819085413766462,-62.363337529561726,0.0,4672.121640182837,11.631914214062991,1337.453918568108,3323.0358074006663,43.42%
Batch_MPC_7day_2024_04_15_FI_est,2025-05-22 22:10:05,2024-04-15,FI,complete_MPC,81.45803236961365,22317814.00779949,False,False,22.31411027256157,-0.6671981879234192,883.7968274258344,16.720008011036708,-73.05095090003066,0.0,4325.80756496725,0.0,961.4562458805397,3364.35131908671,32.83%
Batch_MPC_7day_2024_04_22_NO2_est,2025-05-22 22:15:35,2024-04-22,NO2,complete_MPC,60.33419561386109,22316429.210431427,False,False,22.31411027256157,-0.6171387130104898,309.7579924109029,13.621677291553954,-44.13246694663997,0.0,3702.203178288956,1092.8962837214508,1157.2105961021605,1452.0962984653445,75.65%
Batch_MPC_7day_2024_04_22_SE1_est,2025-05-22 22:21:07,2024-04-22,SE1,complete_MPC,106.928288936615,5025.477965867267,True,True,0.0,12.642452865862015,10.055433719945457,18.10497628011113,7.566840994453955,22.691684597457662,7325.353096617445,1798.189363581224,2526.721093788693,3000.442639247528,51.53%
Batch_MPC_7day_2024_04_22_DK1_est,2025-05-22 22:27:50,2024-04-22,DK1,complete_MPC,167.15816235542297,6070.845653385966,True,True,0.0,12.01023345281328,7.702375714375024,17.187320209534672,7.891154683754749,22.457525163882643,7239.77926533587,13.860499804662124,2310.6580954031374,4915.260670128071,26.06%
Batch_MPC_7day_2024_04_22_FI_est,2025-05-22 22:35:55,2024-04-22,FI,complete_MPC,124.13838148117064,5929.305456482962,True,True,0.0,12.365742056470292,6.406401619645773,16.829045005333832,7.689375193962135,22.799239797925583,7367.99106860291,0.0,2261.64353006474,5106.34753853817,23.52%
Batch_MPC_7day_2024_04_29_NO2_est,2025-05-22 22:43:51,2024-04-29,NO2,complete_MPC,181.84543657302856,899.9828056838255,True,True,0.0,12.717372831264283,5.186173369799105,17.73326812781062,9.96896977601083,23.43803168454703,3819.260590353001,1903.9934937965863,692.5958131885992,1222.6712833678157,61.93%
Batch_MPC_7day_2024_04_29_SE1_est,2025-05-22 22:53:13,2024-04-29,SE1,complete_MPC,178.1315038204193,692.5341998776707,True,True,0.0,12.788623468123092,7.59628181176081,17.499883785094624,8.485627325797047,23.180682201022293,3031.2110459202145,2582.3386288460947,1030.734335709653,-581.8619186355331,122.92%
Batch_MPC_7day_2024_04_29_DK1_est,2025-05-22 23:03:04,2024-04-29,DK1,complete_MPC,99.67223620414734,3274.3851738880303,True,True,0.0,12.759667845931483,5.010972817126939,17.786435478057946,9.157738469799114,23.41724208506288,4150.996551941932,11.83950525533606,2252.344504662356,1886.8125420242404,50.57%
Batch_MPC_7day_2024_04_29_FI_est,2025-05-22 23:12:13,2024-04-29,FI,complete_MPC,135.32904815673828,2957.590498149469,True,True,0.0,12.97060488165445,2.8271486152483254,15.540383890837198,10.55730702961486,24.35058542094381,3798.1124857917816,0.0,574.7051147799051,3223.4073710118764,30.12%
Batch_MPC_7day_2024_05_06_NO2_est,2025-05-22 23:17:26,2024-05-06,NO2,complete_MPC,119.01026010513306,2120.937157405649,True,True,0.0,11.990475284412586,4.253352356088613,14.760508084237529,6.74641138484489,23.49232715294852,4488.697428300203,1899.1067168945367,858.6962838527322,1730.8944275529332,59.17%
Batch_MPC_7day_2024_05_06_SE1_est,2025-05-22 23:19:30,2024-05-06,SE1,complete_MPC,111.83456039428712,-90.18389803502735,True,True,0.0,12.712797697785335,8.733853383751704,17.38804422948407,7.194876495591929,24.978169480828235,2076.960970577566,1636.214783939934,834.8129321709379,-394.0667455333058,119.97%
Batch_MPC_7day_2024_05_06_DK1_est,2025-05-22 23:21:26,2024-05-06,DK1,complete_MPC,148.6315531730652,4311.441826200794,True,True,0.0,12.502381213638133,2.062682930442477,15.731834151186604,10.44317829921258,24.334659106192102,5123.337619462691,12.7338820920521,638.6780015896343,4471.925735781004,15.96%
Batch_MPC_7day_2024_05_06_FI_est,2025-05-22 23:23:58,2024-05-06,FI,complete_MPC,106.08858466148376,22316249.61990813,False,False,22.31411027256157,-0.7056476661078019,809.85394847407,15.030791811609426,-70.76070506222858,0.0,2800.393459911912,0.0,622.8101444464976,2177.5833154654138,43.39%
Batch_MPC_7day_2024_05_13_NO2_est,2025-05-22 23:25:52,2024-05-13,NO2,complete_MPC,116.17912578582764,24860.56766447468,True,False,0.0256258552433621,12.23017341251127,5.737141614137263,15.366365337346773,7.6483926360940915,22.28848441731821,2238.9960145410973,1408.5091494415944,580.3240826083178,250.1627824911851,86.83%
Batch_MPC_7day_2024_05_13_SE1_est,2025-05-22 23:27:53,2024-05-13,SE1,complete_MPC,105.33183026313782,-590.5658177769369,True,True,0.0,11.723972194132816,4.503038582315153,15.865636990758238,9.10542354833234,22.80298043108677,755.715305382071,2152.598683170222,346.4431661200041,-1743.3265439081551,345.91%
Batch_MPC_7day_2024_05_13_DK1_est,2025-05-22 23:29:42,2024-05-13,DK1,complete_MPC,111.86832046508788,336628.08715451433,True,False,0.3356955724092358,11.981029896510186,6.949760562538741,17.387678373674817,6.509974116876265,21.97841470015233,1692.8681308928572,6.068731628367978,803.0391109305928,883.7602883338965,60.73%
Batch_MPC_7day_2024_05_13_FI_est,2025-05-22 23:31:38,2024-05-13,FI,complete_MPC,175.82024097442627,22314977.02136224,False,False,22.31411027256157,-0.6721265779734652,85.67292595676143,13.6162778333525,-22.35406196758429,0.0,1243.8248348342074,0.0,170.4212992821743,1073.4035355520332,57.24%
Batch_MPC_7day_2024_05_20_NO2_est,2025-05-22 23:34:41,2024-05-20,NO2,complete_MPC,166.5016326904297,2161.749939679169,True,True,0.0,11.81635132115641,6.485064809045361,15.732074869152,7.001966838008215,22.950526274724705,4006.2051820844376,1217.5509917113195,1152.3515644587328,1636.3026259143849,54.93%
Batch_MPC_7day_2024_05_20_SE1_est,2025-05-22 23:37:32,2024-05-20,SE1,complete_MPC,103.36482691764832,337566.38502900186,True,False,0.3379452539739702,11.766879869225948,5.307131480049588,15.046816682886202,7.252130607239154,21.9761650185876,785.5212028049001,1594.259017551075,512.7163672272336,-1321.4541819734086,251.52%
Batch_MPC_7day_2024_05_20_DK1_est,2025-05-22 23:39:20,2024-05-20,DK1,complete_MPC,92.9464671611786,4300.924404595909,True,True,0.0,11.861358767396831,3.193039760216433,15.476424565374352,9.024518022085928,22.539078894164827,5308.19162029482,23.578818532573827,1934.0953941598773,3350.5174076023686,36.82%
Batch_MPC_7day_2024_05_20_FI_est,2025-05-22 23:40:57,2024-05-20,FI,complete_MPC,104.28125,185646.4755932029,True,False,0.1855562328595219,11.692609369122303,1.517441603258784,13.3525407787659,9.110511920773376,22.12855403970205,566.4817694745487,0.0,51.18729718711849,515.2944722874303,45.60%
Batch_MPC_7day_2024_05_27_NO2_est,2025-05-22 23:42:49,2024-05-27,NO2,complete_MPC,259.4858973026276,2302.949617679676,True,True,0.0,12.534584528649834,3.7614461025851473,15.2428566773606,9.52258732751944,23.79993656791417,4600.06247570933,1467.3238428226337,638.5099028969917,2494.228729989705,41.18%
Batch_MPC_7day_2024_05_27_SE1_est,2025-05-22 23:47:13,2024-05-27,SE1,complete_MPC,233.32308197021484,256298.6271019192,True,False,0.256498080171248,11.762243517235367,6.780511147326934,18.154932088392385,8.802060814344188,22.057612192390323,729.0946275564617,1661.1644708522294,262.3048874903185,-1194.3747307860865,269.70%
Batch_MPC_7day_2024_05_27_DK1_est,2025-05-22 23:51:10,2024-05-27,DK1,complete_MPC,17.605618238449097,22315277.9055344,False,False,22.31411027256157,-0.6985619887679859,33.087972391098326,13.30446128463394,-13.30446128463394,0.0,1271.8302921458728,36.22166815911238,146.75737508523994,1088.8512489015204,80.48%
Batch_MPC_7day_2024_05_27_FI_est,2025-05-22 23:51:32,2024-05-27,FI,complete_MPC,258.17123675346375,2246.348562979549,True,True,0.0,12.452753629164118,6.618902915621079,16.507578443702258,6.316407590010186,23.397711643500315,2576.001067385682,0.0,3849.692358871624,-1273.6912914859422,150.94%
Batch_MPC_7day_2024_06_03_NO2_est,2025-05-22 23:55:57,2024-06-03,NO2,complete_MPC,58.91659474372864,22315205.02165658,False,False,22.31411027256157,-0.7463736921449003,138.2931789801316,15.485844368457938,-28.663428818244007,0.0,1818.253791297504,535.5370239848088,270.21992979273296,1012.4968375199626,69.97%
Batch_MPC_7day_2024_06_03_SE1_est,2025-05-22 23:57:01,2024-06-03,SE1,complete_MPC,226.8946714401245,-511.9634190118412,True,True,0.0,12.335405437782496,8.630087837799117,17.274605672004267,5.176458308079226,23.14930258911888,1043.401518041548,1717.3665541797532,585.5068251600176,-1259.4718612982228,226.52%
Batch_MPC_7day_2024_06_03_DK1_est,2025-05-23 00:00:52,2024-06-03,DK1,complete_MPC,96.0096538066864,22317883.815950297,False,False,22.31411027256157,-0.7006400545760741,725.4071293630417,14.697049632666406,-64.94433015985588,0.0,4809.604005155647,14.416169236117774,1577.1912789596297,3217.9965569599,30.74%
Batch_MPC_7day_2024_06_03_FI_est,2025-05-23 00:02:33,2024-06-03,FI,complete_MPC,91.71721339225768,22315841.944995936,False,False,22.31411027256157,-0.6887528026791679,528.4013731218182,16.559961653023457,-54.44593790883506,0.0,2526.768444130984,0.0,210.59516682820592,2316.173277302778,33.49%
Batch_MPC_7day_2024_06_10_NO2_est,2025-05-23 00:04:11,2024-06-10,NO2,complete_MPC,243.98286032676697,680.5876487078401,True,True,0.0,12.605983241341647,6.737552557108111,16.04753340204131,7.176233467590002,24.37258637756588,3517.346925123516,2977.7045537228623,1154.4679278162637,-614.8255564156102,119.36%
Batch_MPC_7day_2024_06_10_SE1_est,2025-05-23 00:08:20,2024-06-10,SE1,complete_MPC,156.87366604804993,1439.5469951540772,True,True,0.0,12.39597985619814,6.6523875493791085,16.17644345007831,8.02088484561525,24.027299260187675,2759.085076722383,2239.167804399491,1730.9736409870638,-1211.0563686641722,147.94%
Batch_MPC_7day_2024_06_10_DK1_est,2025-05-23 00:11:01,2024-06-10,DK1,complete_MPC,181.0433521270752,3289.4834517914405,True,True,0.0,11.869993531861695,4.9815442383946,14.84233320040916,7.291803991548662,22.625136413383498,4058.354188580144,16.873492860673746,903.9180259539716,3137.5626697654984,21.78%
Batch_MPC_7day_2024_06_10_FI_est,2025-05-23 00:14:07,2024-06-10,FI,complete_MPC,96.74626779556274,200989.7303253681,True,False,0.1974902917204239,11.691210026434788,5.4693909730284,15.152916808442797,7.244583365402597,22.116619980841147,4047.952886158027,0.0,469.9530169922658,3577.999869165761,24.80%
Batch_MPC_7day_2024_06_17_NO2_est,2025-05-23 00:15:50,2024-06-17,NO2,complete_MPC,203.815774679184,22313996.044944897,False,False,22.31411027256157,-0.5422334768892239,112.3979403333122,12.834294453243585,-24.56033461458785,0.0,1470.4654658462914,1611.6543139032403,432.32583553301697,-573.5146835899659,112.92%
Batch_MPC_7day_2024_06_17_SE1_est,2025-05-23 00:19:19,2024-06-17,SE1,complete_MPC,120.74143815040588,216.5252055853548,True,True,0.0,12.271195560743177,4.017673566184936,16.33839588554747,8.561576100621522,24.504412440705472,2241.9289794546544,2046.6295266024367,1189.5052121807123,-994.2057593284948,146.18%
Batch_MPC_7day_2024_06_17_DK1_est,2025-05-23 00:21:24,2024-06-17,DK1,complete_MPC,142.522305727005,5567.937891541048,True,True,0.0,12.776905676729193,2.18327141872903,14.904466914043423,10.841441601878898,23.908603853255936,6205.4110240239615,16.963678298898778,1362.7346063766215,4825.712739348441,21.19%
Batch_MPC_7day_2024_06_17_FI_est,2025-05-23 00:23:51,2024-06-17,FI,complete_MPC,172.55586528778076,980.5498607235454,True,True,0.0,12.42598951369217,1.729039552649598,14.399876766688095,10.128286009768791,23.89657682306622,1656.1984385176202,0.0,367.30574929656416,1288.892689221056,40.87%
Batch_MPC_7day_2024_06_24_NO2_est,2025-05-23 00:26:51,2024-06-24,NO2,complete_MPC,148.65694856643677,901.6395861288356,True,True,0.0,12.629307725002072,8.222128433013385,17.980747851485475,8.733207041009457,23.716668648506964,3522.111273633417,1560.1985113513992,889.9460107302334,1071.9667515517845,63.43%
Batch_MPC_7day_2024_06_24_SE1_est,2025-05-23 00:29:24,2024-06-24,SE1,complete_MPC,156.2819948196411,1702641.6910300634,True,False,1.7024532451383934,11.14824507284274,11.844516613481044,17.450752248613426,5.474360214616944,20.611657027423178,1865.4595346428512,1898.7425765976027,951.4616625694324,-984.744704524184,155.32%
Batch_MPC_7day_2024_06_24_DK1_est,2025-05-23 00:32:04,2024-06-24,DK1,complete_MPC,171.9937446117401,699924.507961074,True,False,0.6956624578694992,11.872422024861748,2.338875378657172,15.215770690326446,9.085674962311614,21.61844781469207,4944.8522973654935,14.071656865407196,1437.5166331768128,3493.2640073232737,33.87%
Batch_MPC_7day_2024_06_24_FI_est,2025-05-23 00:35:01,2024-06-24,FI,complete_MPC,280.4182085990906,791.5228274491235,True,True,0.0,12.134437999378132,10.742997949128236,17.375939672638154,7.3154775321002035,22.5030493765854,1538.841563226571,0.0,376.9126848517573,1161.9288783748136,27.18%
Batch_MPC_7day_2024_07_01_NO2_est,2025-05-23 00:39:48,2024-07-01,NO2,complete_MPC,157.09502005577087,54386.331305860855,True,False,0.054210462012378,11.539060270801656,6.237909826536927,13.841948604956084,5.179785001684085,22.2598998105492,2155.8753847814223,1569.5066939938122,1026.9864621168672,-440.617771329257,121.27%
Batch_MPC_7day_2024_07_01_SE1_est,2025-05-23 00:42:30,2024-07-01,SE1,complete_MPC,130.59571242332458,297366.0491757989,True,False,0.3007390828710612,11.922167696573467,2.5590013639999265,14.065213559082594,8.627624618746495,22.01337118969051,1662.3495564057969,2392.9890662396,627.8953382318075,-1358.5348480656107,188.36%
Batch_MPC_7day_2024_07_01_DK1_est,2025-05-23 00:44:45,2024-07-01,DK1,complete_MPC,99.8873999118805,1814.2516958951533,True,True,0.0,11.84180991676974,2.604643706979424,14.075793138847136,8.210805999796477,22.63623333661542,2952.2943570381976,14.257405381782169,704.3483741599799,2233.688577496436,23.96%
Batch_MPC_7day_2024_07_01_FI_est,2025-05-23 00:46:29,2024-07-01,FI,complete_MPC,98.62293815612792,1089.8413454765027,True,True,0.0,12.390012315901082,7.277559024982683,16.797822543526305,8.30383853777765,24.174364644656485,1466.5579097241323,0.0,355.6202136755185,1110.937696048614,25.97%
Batch_MPC_7day_2024_07_08_NO2_est,2025-05-23 00:48:15,2024-07-08,NO2,complete_MPC,117.48152089118958,191547.0576873384,True,False,0.1900125167432875,11.79065998159025,6.163336226625223,17.14306493143055,7.865808672250374,22.124097755818283,3251.538726423092,1008.2319795265314,591.4974003793905,1651.8093465171696,44.14%
Batch_MPC_7day_2024_07_08_SE1_est,2025-05-23 00:50:17,2024-07-08,SE1,complete_MPC,128.54419088363647,159520.3994584194,True,False,0.1605287321189408,12.11535288229776,7.5837798106592675,16.559106945709235,6.853180910060928,22.15358154044263,2034.893538587105,2136.3941433940454,541.0018493612528,-642.5024541681931,135.79%
Batch_MPC_7day_2024_07_08_DK1_est,2025-05-23 00:52:30,2024-07-08,DK1,complete_MPC,154.57760572433472,485188.9235788635,True,False,0.4809953079492537,11.465182051833532,8.706598391291472,15.205694459284768,5.166822900740264,21.83311496461232,5220.829025280306,13.0018435296542,1246.2910360058052,3961.536145744847,22.50%
Batch_MPC_7day_2024_07_08_FI_est,2025-05-23 00:55:09,2024-07-08,FI,complete_MPC,190.2813649177552,756212.0454911464,True,False,0.7557190168160126,11.668058750738776,12.315438333782378,17.205600700259975,3.933846917377238,21.55839125574556,687.9482934941784,0.0,219.1988075622217,468.7494859319567,46.93%
Batch_MPC_7day_2024_07_15_NO2_est,2025-05-23 00:58:26,2024-07-15,NO2,complete_MPC,111.19922709465028,1701.7315561193868,True,True,0.0,13.286039574013964,4.140060664684719,16.65788093101421,10.348920093439473,26.6248615256791,3425.0651322891576,1268.6781585440322,367.4450767083297,1788.9418970367958,36.67%
Batch_MPC_7day_2024_07_15_SE1_est,2025-05-23 01:00:22,2024-07-15,SE1,complete_MPC,174.25949358940125,-1509.3718253320706,True,True,0.0,13.440871858923275,6.80096478089824,16.920038860878037,9.22523909211626,25.161933159546383,1819.390025154224,1768.0290745675964,384.738317549385,-333.377366962758,121.89%
Batch_MPC_7day_2024_07_15_DK1_est,2025-05-23 01:03:20,2024-07-15,DK1,complete_MPC,204.77871179580688,4276.426027298542,True,True,0.0,12.917297069268493,2.749999809778923,16.754828080844604,11.032513480865568,24.42338481524859,4929.362102712986,9.517977137748368,1350.196100729131,3569.648024846106,24.08%
Batch_MPC_7day_2024_07_15_FI_est,2025-05-23 01:06:49,2024-07-15,FI,complete_MPC,163.41278290748596,1270.120794678739,True,True,0.0,12.16742603185445,4.442626125090358,15.5200137359692,7.160960306575021,22.90594081411836,1351.80174078043,0.0,199.0219267186717,1152.7798140617583,17.69%
Batch_MPC_7day_2024_07_22_NO2_est,2025-05-23 01:09:40,2024-07-22,NO2,complete_MPC,267.84136629104614,2030.1752815876985,True,True,0.0,12.499270084296397,3.288428014184734,16.44980579054056,9.929361856197708,24.18998014134959,3539.490363808093,1022.2546063689064,362.4221546496234,2154.813602789564,33.38%
Batch_MPC_7day_2024_07_22_SE1_est,2025-05-23 01:14:12,2024-07-22,SE1,complete_MPC,268.70035338401794,-508.468665962705,True,True,0.0,12.193353003370383,5.66234406847238,15.10556898963135,6.492114151377116,23.339082028876337,1783.7188076230225,1046.1859879181684,287.82192255503423,449.7108971498199,73.07%
Batch_MPC_7day_2024_07_22_DK1_est,2025-05-23 01:18:45,2024-07-22,DK1,complete_MPC,93.6469738483429,5298.730846242227,True,True,0.0,12.802568752931055,2.470865988057405,16.024061446350657,10.63882823275501,25.159548784277057,5933.382742484936,7.148163504029412,1085.6401395599491,4840.594439420958,14.62%
Batch_MPC_7day_2024_07_22_FI_est,2025-05-23 01:20:23,2024-07-22,FI,complete_MPC,141.34252500534058,795857.1653969395,True,False,0.7941834496843043,11.789900281536374,9.673682116605123,18.04914872874924,5.5988662446190745,21.519926822877267,1990.0168261361705,0.0,605.6870560705565,1384.3297700656135,26.44%
Batch_MPC_7day_2024_07_29_NO2_est,2025-05-23 01:22:51,2024-07-29,NO2,complete_MPC,87.71801018714905,22316919.94729604,False,False,22.31411027256157,-0.7049539806038205,807.179388212705,14.43760749690714,-70.16078663934036,0.0,3874.4488288221096,1019.4145694387728,274.1721725900556,2580.8620867932814,38.01%
Batch_MPC_7day_2024_07_29_SE1_est,2025-05-23 01:24:24,2024-07-29,SE1,complete_MPC,290.60947036743164,22313148.47423128,False,False,22.31411027256157,-0.7643020291826479,199.72053042987,12.543038245256604,-33.73625763079437,0.0,230.0420079895692,703.6491178714659,43.64565750641719,-517.2527673883139,162.03%
Batch_MPC_7day_2024_07_29_DK1_est,2025-05-23 01:29:19,2024-07-29,DK1,complete_MPC,192.97025179862976,5117.162787256886,True,True,0.0,11.9804032886446,2.62415035026888,14.90370560044098,8.898536527962948,22.726609646568548,5663.831344012141,11.854727334453251,2411.8867886016333,3240.089828076055,45.81%
Batch_MPC_7day_2024_07_29_FI_est,2025-05-23 01:32:36,2024-07-29,FI,complete_MPC,167.56782388687134,978.9903379418206,True,True,0.0,12.523447242673528,2.91636312136798,14.874964767810027,9.752324899747263,23.188168716641936,1284.4989545915057,0.0,307.067362786515,977.4315918049908,22.48%
Batch_MPC_7day_2024_08_05_NO2_est,2025-05-23 01:35:31,2024-08-05,NO2,complete_MPC,113.9980936050415,1025.1688522357867,True,True,0.0,13.704544073168412,3.192505806605254,16.119129828032527,10.983931504500957,27.25877056443541,3570.605570629041,1287.943052094898,294.2291048506831,1988.4334136834595,31.03%
Batch_MPC_7day_2024_08_05_SE1_est,2025-05-23 01:37:29,2024-08-05,SE1,complete_MPC,146.43715906143188,1307796.5779629443,True,False,1.3087165457098031,11.488849348658569,15.478437519107397,18.216038327415788,5.932655737897413,21.005393726851768,984.111976963371,1591.727541194292,425.20116114147794,-1032.8167253723989,211.96%
Batch_MPC_7day_2024_08_05_DK1_est,2025-05-23 01:40:00,2024-08-05,DK1,complete_MPC,191.29809021949768,22316062.502578203,False,False,22.31411027256157,-0.669511538693039,142.8910884956066,14.934205315266077,-27.59035311632693,0.0,2138.048733925072,9.7272340278327,669.7805185033292,1458.5409813939102,66.47%
Batch_MPC_7day_2024_08_05_FI_est,2025-05-23 01:43:15,2024-08-05,FI,complete_MPC,137.1375515460968,528.3844044186369,True,True,0.0,12.282681051422328,10.096135518843887,18.22305334060845,8.201415034321997,24.015353746559217,855.0049997414336,0.0,258.33744814589545,596.6675515955382,36.61%
Batch_MPC_7day_2024_08_12_NO2_est,2025-05-23 01:45:40,2024-08-12,NO2,complete_MPC,113.57955431938171,137785.33862204518,True,False,0.1356856457131741,12.297280824295866,3.4898514423674687,15.58567927211644,9.515941298447297,22.1784246268484,4699.524148772275,1306.268436689439,613.8802959001415,2779.3754161826946,35.39%
Batch_MPC_7day_2024_08_12_SE1_est,2025-05-23 01:47:38,2024-08-12,SE1,complete_MPC,181.3305366039276,-944.6376452942936,True,True,0.0,13.03976532151071,10.066986406993674,17.936666859439285,8.073085737156703,25.112371469199275,1156.1923799405995,947.81134567816,638.9338548637569,-430.5528206013172,141.79%
Batch_MPC_7day_2024_08_12_DK1_est,2025-05-23 01:50:44,2024-08-12,DK1,complete_MPC,284.19911789894104,6742.417694984604,True,True,0.0,12.198059170872812,1.4373737366583712,15.27914027677296,10.641153777679946,22.56274495888554,7396.12345314591,11.96743161272843,1100.2257948144556,6283.930226718727,14.25%
Batch_MPC_7day_2024_08_12_FI_est,2025-05-23 01:55:32,2024-08-12,FI,complete_MPC,150.71662831306458,542815.0592612568,True,False,0.5419128143781897,11.912531613806,9.453884502813995,16.41906175902491,5.794830502038721,21.77219745818338,1543.917344672942,0.0,861.5530035657866,682.3643411071555,65.38%
Batch_MPC_7day_2024_08_19_NO2_est,2025-05-23 01:58:10,2024-08-19,NO2,complete_MPC,239.577386379242,22314808.226613007,False,False,22.31411027256157,-0.5591496050048576,286.16122067658364,16.954996131764414,-39.75059022715894,0.0,2023.6039499826068,884.6979943967121,781.0492222494156,357.856733336479,83.92%
Batch_MPC_7day_2024_08_19_SE1_est,2025-05-23 02:02:14,2024-08-19,SE1,complete_MPC,170.04196214675903,22313212.484411526,False,False,22.31411027256157,-0.5372681297582449,810.5195873087512,15.537312427374228,-70.38260831335346,0.0,253.4419870680114,1205.196301984961,117.30517200261184,-1069.0594869195618,1518.42%
Batch_MPC_7day_2024_08_19_DK1_est,2025-05-23 02:05:08,2024-08-19,DK1,complete_MPC,93.82948970794678,2634.346790888597,True,True,0.0,12.69578401132476,4.594715475610573,17.141283539563204,9.108658759306492,24.417674046342164,3803.3645424237993,11.7597751061779,847.2583311755133,2944.346436142108,10.67%
Batch_MPC_7day_2024_08_19_FI_est,2025-05-23 02:06:46,2024-08-19,FI,complete_MPC,97.03706336021423,22313950.430561803,False,False,22.31411027256157,-0.7361441750751134,831.8102731120097,17.1803178281937,-67.37746722204669,0.0,368.946731976776,0.0,612.2468316336356,-243.3000996568596,146.69%
Batch_MPC_7day_2024_08_26_NO2_est,2025-05-23 02:08:30,2024-08-26,NO2,complete_MPC,166.75031399726868,46807.8555804973,True,False,0.0452459139023027,12.037464364446055,1.7280844500613088,14.532833817289164,9.54003855073836,22.26886435865927,3202.1741659093746,865.9557055137008,315.4487696275744,2020.7696907680995,34.41%
Batch_MPC_7day_2024_08_26_SE1_est,2025-05-23 02:11:22,2024-08-26,SE1,complete_MPC,124.37275457382202,764602.2985619262,True,False,0.7656730792475557,12.318994369155048,13.4960932372628,17.131628084876446,4.31023400425849,21.54843719331401,163.00705433923858,918.8398958874,74.41298729989333,-830.2458288480547,645.63%
Batch_MPC_7day_2024_08_26_DK1_est,2025-05-23 02:13:30,2024-08-26,DK1,complete_MPC,199.39544320106504,3218.941498651397,True,True,0.0,12.09637832433062,2.6291817280315843,14.546046274493245,9.29637729665599,22.50630677840392,6389.774214009081,3587.987859603781,1281.9264695545046,1519.8598848507957,75.38%
Batch_MPC_7day_2024_08_26_FI_est,2025-05-23 02:16:54,2024-08-26,FI,complete_MPC,139.00728678703308,399170.4710603824,True,False,0.3992906811287007,12.10333278398901,9.46191546404673,18.2148112249705,8.885462571073276,21.91481959143287,245.7987145108308,0.0,718.2071374742059,-472.40842296337513,185.98%
Batch_MPC_7day_2024_09_02_NO2_est,2025-05-23 02:19:20,2024-09-02,NO2,complete_MPC,132.79965543746948,2202.8765905090822,True,True,0.0,12.965789686808469,2.662383712914256,15.939284106971629,10.420959950803027,25.1246642977624,4007.2005069054967,1230.2354168792451,907.6438200993445,1869.321269926907,48.20%
Batch_MPC_7day_2024_09_02_SE1_est,2025-05-23 02:21:38,2024-09-02,SE1,complete_MPC,149.85071754455566,22313341.405027594,False,False,22.31411027256157,-0.4623438667858557,873.4711903668056,18.300548597298643,-73.19137174948877,0.0,627.0083819803127,1761.7690305779558,187.8126991641301,-1322.5733477617732,335.41%
Batch_MPC_7day_2024_09_02_DK1_est,2025-05-23 02:24:12,2024-09-02,DK1,complete_MPC,80.84079885482788,22310282.22415644,False,False,22.31411027256157,-0.679444818911777,867.121094667373,16.244294387573348,-73.00394709795002,0.0,6544.910439905299,7999.150112570684,2252.067229487771,-3706.306902153155,156.55%
Batch_MPC_7day_2024_09_02_FI_est,2025-05-23 02:25:37,2024-09-02,FI,complete_MPC,95.6796863079071,2247.318550673727,True,True,0.0,12.815562273958282,2.890320976093619,15.11290024925141,9.810503884581202,24.779360760828368,3037.1762562405725,0.0,474.7652395600415,2562.411016680531,18.72%
Batch_MPC_7day_2024_09_09_NO2_est,2025-05-23 02:27:20,2024-09-09,NO2,complete_MPC,180.1523425579071,22314277.57109936,False,False,22.31411027256157,-0.700608930687017,28.507921677435643,12.12497285564698,-12.12497285564698,0.0,683.7780973441643,525.1352087995688,107.84154975624622,50.80133878834928,98.51%
Batch_MPC_7day_2024_09_09_SE1_est,2025-05-23 02:30:24,2024-09-09,SE1,complete_MPC,224.6526424884796,22306166.254952583,False,False,22.31411027256157,-0.7643076755427649,819.6354582233397,15.731420843419937,-68.59728997728817,0.0,264.6260514374566,2226.5677816702373,68.90769888192065,-2030.8494291147013,684.97%
Batch_MPC_7day_2024_09_09_DK1_est,2025-05-23 02:34:13,2024-09-09,DK1,complete_MPC,184.36320066452024,22307788.47365092,False,False,22.31411027256157,-0.707057896851071,34.037676740167576,13.50001077740797,-13.50001077740797,0.0,1439.5647581774465,14.27801423366196,677.9653117470782,747.3214321967062,86.34%
Batch_MPC_7day_2024_09_09_FI_est,2025-05-23 02:37:22,2024-09-09,FI,complete_MPC,95.97733736038208,3987.622062625774,True,True,0.0,12.522120313516128,8.933001571970717,16.838316666927376,7.451287084240008,22.850980126254854,4957.138855442686,0.0,1946.9173230434155,3010.2215323992705,47.97%
Batch_MPC_7day_2024_09_16_NO2_est,2025-05-23 02:39:05,2024-09-16,NO2,complete_MPC,103.13861465454102,1911.369444249216,True,True,0.0,12.581465472838117,8.056674911104839,17.18705654570929,7.003611693914101,23.41599285679714,3919.191758714257,1791.47458577058,437.7576075695496,1689.9595653741271,51.46%
Batch_MPC_7day_2024_09_16_SE1_est,2025-05-23 02:40:53,2024-09-16,SE1,complete_MPC,133.46965551376343,66.87401810253732,True,True,0.0,13.703836185616431,6.383703659298399,17.62671936114119,8.948331581108562,24.83111945688638,1409.3553170237744,918.329746476882,-8.130622342324443,499.1561928892168,56.45%
Batch_MPC_7day_2024_09_16_DK1_est,2025-05-23 02:43:10,2024-09-16,DK1,complete_MPC,206.6979660987854,22315568.27076097,False,False,22.31411027256157,-0.7006086386375571,220.2377694078588,13.248136842660928,-36.10981350629616,0.0,3252.3966389176435,28.51206050334119,736.4863277747593,2487.398250639543,61.85%
Batch_MPC_7day_2024_09_16_FI_est,2025-05-23 02:46:41,2024-09-16,FI,complete_MPC,92.33609437942503,5373.667308292321,True,True,0.0,11.842233111368728,2.720764589323556,15.340425790245355,9.625254050976942,22.603963416421053,5828.6374178581,0.0,485.9162866507326,5342.721131207368,22.76%
Batch_MPC_7day_2024_09_23_NO2_est,2025-05-23 02:48:21,2024-09-23,NO2,complete_MPC,299.1603105068207,22314621.315874524,False,False,22.31411027256157,-0.7642995984291792,264.67064133696374,14.349727839602364,-38.13339404955574,0.0,1749.4391570924302,846.1612761808677,211.9168680080417,691.3610129035208,74.72%
Batch_MPC_7day_2024_09_23_SE1_est,2025-05-23 02:53:25,2024-09-23,SE1,complete_MPC,302.54149317741394,-750.8647858683779,True,True,0.0,11.900861065442523,16.031005046840253,17.79820526653028,5.590932790216762,23.23067809935538,899.4080458465804,1063.0287672640516,462.491983800516,-626.1127052179871,178.66%
Batch_MPC_7day_2024_09_23_DK1_est,2025-05-23 02:58:31,2024-09-23,DK1,complete_MPC,124.71213126182556,22313523.151386265,False,False,22.31411027256157,-0.6369212092875063,807.816731500206,15.264012436074786,-68.24660427219055,0.0,4132.328287225948,40.38234571093834,2224.6456705535825,1867.300270961427,55.16%
Batch_MPC_7day_2024_09_23_FI_est,2025-05-23 03:00:40,2024-09-23,FI,complete_MPC,128.93736839294434,681.0226563648539,True,True,0.0,12.211965468808934,5.385931482285633,16.169941357830936,6.561210813073302,24.79504569705469,1973.9969077720432,0.0,1116.7458874740514,857.2510202979918,53.83%
Batch_MPC_7day_2024_09_30_NO2_est,2025-05-23 03:02:56,2024-09-30,NO2,complete_MPC,202.93970465660087,2252.0746357366315,True,True,0.0,12.76165353909927,2.670982077411898,15.563038165448468,10.5672217588359,23.802869474315937,4426.98138063707,1016.5288317306834,866.3867853802084,2544.0657635261787,37.78%
Batch_MPC_7day_2024_09_30_SE1_est,2025-05-23 03:06:24,2024-09-30,SE1,complete_MPC,234.12031602859497,1531907.031918053,True,False,1.531664490175249,11.877564705624678,15.643801815898424,18.948279266950586,7.650457280531583,20.78244578238632,2075.253609362497,1263.1050437446945,534.8862462133814,277.26231940442153,87.37%
Batch_MPC_7day_2024_09_30_DK1_est,2025-05-23 03:10:22,2024-09-30,DK1,complete_MPC,152.68379998207092,2949.754325787145,True,True,0.0,12.26559597030622,2.646540819341062,15.37965900152304,9.84681571743002,23.17344570688852,5435.031449875312,51.13912611113373,1544.7728282581352,3839.119495506043,24.34%
Batch_MPC_7day_2024_09_30_FI_est,2025-05-23 03:12:59,2024-09-30,FI,complete_MPC,246.71088457107544,22315232.240597226,False,False,22.31411027256157,-0.71973058432729,134.91359980538215,15.794527297829465,-27.2500714465176,0.0,1342.0737810528535,0.0,175.66903556585407,1166.4047454869997,87.08%
Batch_MPC_7day_2024_10_07_NO2_est,2025-05-23 03:17:13,2024-10-07,NO2,complete_MPC,114.16856169700624,507444.9373160483,True,False,0.5059572602688078,11.962953454812814,2.095851878988128,13.981059484696438,9.408234749433348,21.808153012292763,3628.367761355996,1264.867594497096,625.9823261969137,1737.5178406619866,49.22%
Batch_MPC_7day_2024_10_07_SE1_est,2025-05-23 03:19:12,2024-10-07,SE1,complete_MPC,195.41009616851807,22313586.72139312,False,False,22.31411027256157,-0.7642947378762469,434.30460706242553,14.452819191677028,-50.11094820942644,0.0,1036.457059201909,1517.0667189069536,321.7711862046197,-802.3808459096642,162.43%
Batch_MPC_7day_2024_10_07_DK1_est,2025-05-23 03:22:31,2024-10-07,DK1,complete_MPC,144.90411353111267,1042049.3692750586,True,False,1.038304507944865,11.744351716005625,3.1986037175556583,15.105259713611105,8.337097111974792,21.275805764616702,4604.405482500597,15.30377287200952,766.8595760675366,3822.242133561051,13.43%
Batch_MPC_7day_2024_10_07_FI_est,2025-05-23 03:25:01,2024-10-07,FI,complete_MPC,156.3379349708557,358929.9291904053,True,False,0.358271132486724,12.127038295780125,2.4038738921346674,14.075744366497403,8.27957998566454,21.955839140074847,1910.8157636955189,0.0,238.46888362424232,1672.3468800712765,26.77%
Batch_MPC_7day_2024_10_14_NO2_est,2025-05-23 03:27:44,2024-10-14,NO2,complete_MPC,224.1360485553741,1761.1282493679084,True,True,0.0,14.039621424224975,5.188058465904795,18.008823035991256,10.411909464998828,28.40236600230072,3955.7514875476168,887.0343320899791,605.9238996620251,2462.7932557956124,28.01%
Batch_MPC_7day_2024_10_14_SE1_est,2025-05-23 03:31:33,2024-10-14,SE1,complete_MPC,122.98377513885498,337243.99833610514,True,False,0.3384580205747305,11.295047086773163,6.510878899310787,16.161087033662895,8.098064144407552,21.97565225198684,801.6972910666623,2002.74002375675,185.49472162743464,-1386.5374543175224,265.53%
Batch_MPC_7day_2024_10_14_DK1_est,2025-05-23 03:33:40,2024-10-14,DK1,complete_MPC,113.00416541099548,4838.639190300904,True,True,0.0,13.270376511777442,11.108514027120773,19.87180382678975,8.900975392953285,25.38075679462157,6359.596672353491,25.13574443653644,2208.932956328336,4125.527971588619,26.72%
Batch_MPC_7day_2024_10_14_FI_est,2025-05-23 03:35:37,2024-10-14,FI,complete_MPC,87.5373649597168,1369.8669215201107,True,True,0.0,12.87629518199969,17.54456066124276,19.8712993538579,8.043971355193364,24.621765735295263,2114.6245778518514,0.0,211.79908318352025,1902.8254946683312,20.53%
Batch_MPC_7day_2024_10_21_NO2_est,2025-05-23 03:37:12,2024-10-21,NO2,complete_MPC,128.65793704986572,1935.870371140281,True,True,0.0,12.521848427604564,7.927571171342025,17.94039389315771,8.919037866545423,23.177037703635445,3576.122916213872,469.6853595936554,708.0292268722956,2398.408329747921,28.86%
Batch_MPC_7day_2024_10_21_SE1_est,2025-05-23 03:39:25,2024-10-21,SE1,complete_MPC,279.8882474899292,653260.5600556876,True,False,0.6545169085528251,11.412096772543316,6.199190134495226,15.731376980327576,7.850414833296204,21.659593364008742,104.21384816471168,1032.1783322927022,-9.86361173110778,-918.1008723968828,775.02%
Batch_MPC_7day_2024_10_21_DK1_est,2025-05-23 03:44:09,2024-10-21,DK1,complete_MPC,125.07147192955016,6924.865081494219,True,True,0.0,12.01755468345014,3.0427763157237715,15.865117781408957,9.197285305876113,22.93088840902988,7484.224811856884,13.758746156905158,1873.339886381744,5597.126179318235,24.18%
Batch_MPC_7day_2024_10_21_FI_est,2025-05-23 03:46:19,2024-10-21,FI,complete_MPC,113.52057361602785,78.8504531988741,True,True,0.0,11.872379986258924,12.756242408629786,15.9784646598898,5.540806670390559,23.684035975084445,925.6972761969736,0.0,872.1186812801077,53.57859491686577,95.83%
Batch_MPC_7day_2024_10_28_NO2_est,2025-05-23 03:48:19,2024-10-28,NO2,complete_MPC,238.2116451263428,2350.455376284868,True,True,0.0,12.15442285098946,2.959456740592308,16.854016540788656,10.034365283108173,22.434961463846072,3645.335063238756,726.2811677753523,419.7618013744052,2499.292094088999,30.77%
Batch_MPC_7day_2024_10_28_SE1_est,2025-05-23 03:52:22,2024-10-28,SE1,complete_MPC,150.31030464172363,826525.0271051709,True,False,0.8279281341694791,11.137305717457156,12.273287284500544,15.524734909164296,1.864173030599744,21.48618213839209,243.4324834987401,835.98288537782,206.5029389390332,-799.0533408181132,415.18%
Batch_MPC_7day_2024_10_28_DK1_est,2025-05-23 03:54:57,2024-10-28,DK1,complete_MPC,79.58093452453613,22318662.42928419,False,False,22.31411027256157,-0.7440876234227229,430.86012511592406,13.48574911991428,-49.64448803188736,0.0,5039.846335293551,30.59790445618602,558.827826767576,4450.420604069788,34.13%
Batch_MPC_7day_2024_10_28_FI_est,2025-05-23 03:56:20,2024-10-28,FI,complete_MPC,192.42538690567017,345738.0467768284,True,False,0.345420690606474,12.02416642953952,4.35330662508928,15.494993312347995,8.353472478726651,21.968689581955097,714.9333542695312,0.0,309.48649870937663,405.4468555601545,68.46%
Batch_MPC_7day_2024_11_04_NO2_est,2025-05-23 03:59:40,2024-11-04,NO2,complete_MPC,107.73541736602785,125865.35768164386,True,False,0.1241316603430355,11.222865224336498,4.724776347642534,14.642845896087543,7.140235625878205,22.18997861221853,4046.854287440319,2501.76093804124,950.1056600611098,594.9876893379694,85.65%
Batch_MPC_7day_2024_11_04_SE1_est,2025-05-23 04:01:32,2024-11-04,SE1,complete_MPC,131.12371730804443,822.4661581082573,True,True,0.0,15.191153160876745,5.784593256883015,19.027942493764343,10.36800294670833,28.857859145924216,2164.6936073291827,927.7343119261284,7.360688898063568,1229.598606504991,27.68%
Batch_MPC_7day_2024_11_04_DK1_est,2025-05-23 04:03:48,2024-11-04,DK1,complete_MPC,138.84227323532104,1597339.988947105,True,False,1.589231132078421,10.842154358513236,1.6308231828607458,12.956646590406097,9.186948813804626,20.72487914048315,8974.429123440212,195.3125172546482,2986.565025151109,5792.551581034455,42.49%
Batch_MPC_7day_2024_11_04_FI_est,2025-05-23 04:06:11,2024-11-04,FI,complete_MPC,173.72163200378418,22315005.37527414,False,False,22.31411027256157,-0.728211869176961,44.41750796261523,15.727395992248786,-15.727395992248786,0.0,969.8024099733368,0.0,50.07956071404432,919.7228492592926,73.36%
Batch_MPC_7day_2024_11_11_NO2_est,2025-05-23 04:09:12,2024-11-11,NO2,complete_MPC,259.5029389858246,22315583.46097245,False,False,22.31411027256157,-0.687018127913857,769.4316002879648,15.234195277246492,-69.39247620412172,0.0,3559.7758319527343,1456.262850920398,292.3985130967551,1811.114467935581,58.64%
Batch_MPC_7day_2024_11_11_SE1_est,2025-05-23 04:13:36,2024-11-11,SE1,complete_MPC,120.35441708564758,-1122.4502910670176,True,True,0.0,12.256633564797037,15.295109453593357,19.665023901800087,5.866743566335728,22.808876776719195,1285.0687103271334,1302.9072617865904,206.7216576341335,-224.5602090935905,117.85%
Batch_MPC_7day_2024_11_11_DK1_est,2025-05-23 04:15:41,2024-11-11,DK1,complete_MPC,117.9072904586792,1279961.701105943,True,False,1.2745412739202069,11.584813691924449,10.474734829526804,15.151073923776252,3.564221238502327,21.039568998641364,8521.68942474214,86.67341516767988,2938.908276507426,5496.107733067036,36.15%
Batch_MPC_7day_2024_11_11_FI_est,2025-05-23 04:17:43,2024-11-11,FI,complete_MPC,192.7283902168274,2060.574819872087,True,True,0.0,11.97663036591559,6.965514400392611,16.93953402379137,7.693440664527827,22.35316790775368,2304.541200258192,14.041140075225028,286.0242068265346,2004.4758533564325,15.86%
Batch_MPC_7day_2024_11_18_NO2_est,2025-05-23 04:21:03,2024-11-18,NO2,complete_MPC,70.83567214012146,22314540.70377729,False,False,22.31411027256157,-0.7005913374006875,157.00617714465366,11.997814100731258,-31.353213977309,0.0,3363.2166833082315,2657.453532507727,675.9332775067635,29.82987329374123,99.59%
Batch_MPC_7day_2024_11_18_SE1_est,2025-05-23 04:22:18,2024-11-18,SE1,complete_MPC,35.655455112457275,22313851.08202258,False,False,22.31411027256157,-0.7197150336476241,69.63805893111527,10.539912304170056,-19.035489681232274,0.0,1135.018120023701,1154.6147518051407,3170.02967534793,-3189.6263071293697,213.75%
Batch_MPC_7day_2024_11_18_DK1_est,2025-05-23 04:22:58,2024-11-18,DK1,complete_MPC,172.24611687660217,22320454.180964604,False,False,22.31411027256157,-0.6646235164938469,726.1090561893695,13.702630949190592,-66.52170753257973,0.0,7271.290875322573,98.5607906365846,1498.4624640609422,5674.267620625045,27.29%
Batch_MPC_7day_2024_11_18_FI_est,2025-05-23 04:25:55,2024-11-18,FI,complete_MPC,175.70444512367249,3254.0185214678795,True,True,0.0,12.311724991872362,7.457721992859632,17.879564363338005,8.423914742045596,25.35189247934707,5448.140770940802,272.1137980584121,1562.155350734514,3613.871622147876,39.60%
Batch_MPC_7day_2024_11_25_NO2_est,2025-05-23 04:28:57,2024-11-25,NO2,complete_MPC,86.76168465614319,22314394.3628388,False,False,22.31411027256157,-0.7194006630261864,596.3808103937565,18.4655618602551,-56.95877700864332,0.0,3410.807242360649,1939.862436629268,1051.0972139913133,419.8475917400679,90.23%
Batch_MPC_7day_2024_11_25_SE1_est,2025-05-23 04:30:29,2024-11-25,SE1,complete_MPC,103.29011559486388,1421.2109427897772,True,True,0.0,14.228891764126988,1.894017372972867,17.42142633416563,12.989598588475724,28.77246691776638,3000.044305463985,1679.6419292284995,411.3494507224451,909.0529255130408,60.17%
Batch_MPC_7day_2024_11_25_DK1_est,2025-05-23 04:32:17,2024-11-25,DK1,complete_MPC,79.3297610282898,22317485.01962796,False,False,22.31411027256157,-0.7010568679086563,771.0653940718453,19.38505520997485,-65.42454003170377,0.0,5076.066672921271,100.9068147781641,1435.002524936932,3540.1573332061744,48.13%
Batch_MPC_7day_2024_11_25_FI_est,2025-05-23 04:33:41,2024-11-25,FI,complete_MPC,77.86765742301941,22316136.214302573,False,False,22.31411027256157,-0.693735753257314,422.2275928864016,16.81371564178444,-50.109665317266085,0.0,2775.9193850481474,144.77612179759095,842.2703618827727,1788.872901367784,56.77%
Batch_MPC_7day_2024_12_02_NO2_est,2025-05-23 04:35:06,2024-12-02,NO2,complete_MPC,218.2546844482422,22314333.2487329,False,False,22.31411027256157,-0.6513940447717931,224.60107202397828,15.673901104139066,-36.71628300934768,0.0,3059.794697828495,2088.095864645208,999.5206088801508,-27.821775696863256,100.46%
Batch_MPC_7day_2024_12_02_SE1_est,2025-05-23 04:38:49,2024-12-02,SE1,complete_MPC,189.5346457958221,22313242.385234684,False,False,22.31411027256157,-0.6702504961380739,20.27267769093259,9.835243679764202,-9.835243679764202,0.0,34.167857109922,1234.0178188576187,92.645550040844,-1292.4955117885409,178.54%
Batch_MPC_7day_2024_12_02_DK1_est,2025-05-23 04:42:03,2024-12-02,DK1,complete_MPC,257.7408356666565,6802.625806783296,True,True,0.0,11.936662990361024,5.221701637070897,15.964678264470272,7.879941368484893,22.859576015952964,8171.601384494926,250.9929756998922,1794.203663231729,6126.4047455633045,23.40%
Batch_MPC_7day_2024_12_02_FI_est,2025-05-23 04:46:25,2024-12-02,FI,complete_MPC,195.1629500389099,22315314.60724563,False,False,22.31411027256157,-0.657593529519017,113.33756540974416,15.568198420890806,-26.668649133542274,0.0,1613.527622025253,195.68674721349404,633.0593951501696,784.7814796615894,83.89%
Batch_MPC_7day_2024_12_09_NO2_est,2025-05-23 04:49:48,2024-12-09,NO2,complete_MPC,75.61424374580383,22319418.14442854,False,False,22.31411027256157,-0.6992969613831957,423.68529899242753,16.658243218036475,-51.61863631788573,0.0,10093.17470863898,5142.19965911882,1934.5550469864545,3016.420002533706,73.36%
Batch_MPC_7day_2024_12_09_SE1_est,2025-05-23 04:51:08,2024-12-09,SE1,complete_MPC,117.30894541740416,-787.3778145861078,True,True,0.0,14.744190007756542,18.42485068211473,19.87184665390388,5.903292136792729,28.60051493962103,949.8033009759224,2154.328239868599,188.84373050892336,-1393.3686694016,264.62%
Batch_MPC_7day_2024_12_09_DK1_est,2025-05-23 04:53:10,2024-12-09,DK1,complete_MPC,137.74455165863037,22322290.862054914,False,False,22.31411027256157,-0.7414731104043327,531.1692008272494,15.731966814995076,-57.739509695479455,0.0,10395.477427942244,1275.7288675026389,2966.6205657607893,6153.127994678815,56.35%
Batch_MPC_7day_2024_12_09_FI_est,2025-05-23 04:55:32,2024-12-09,FI,complete_MPC,113.81862711906432,204.16294269449224,True,True,0.0,12.692124753353305,26.3528234365914,18.94241941887406,4.067807089954442,22.988158332602804,2260.5423140753364,389.10433152581777,1903.5613859227497,-32.123403373230985,100.85%
Batch_MPC_7day_2024_12_16_NO2_est,2025-05-23 04:57:33,2024-12-16,NO2,complete_MPC,8.782338380813599,22313774.08921192,False,False,22.31411027256157,0.0,0.0,0.0,0.0,0.0,1.7569514117558016,180.35864289879245,17.837939385719068,-196.4396308727557,108.76%
Batch_MPC_7day_2024_12_16_SE1_est,2025-05-23 04:57:47,2024-12-16,SE1,complete_MPC,204.6321303844452,22311906.902520243,False,False,22.31411027256157,-0.7412887288439844,360.53313628984,19.871596055598463,-46.80563387331606,0.0,699.3213706459594,939.026298290832,55.60914767478665,-295.3140753196593,127.47%
Batch_MPC_7day_2024_12_16_DK1_est,2025-05-23 05:01:16,2024-12-16,DK1,complete_MPC,7.560348272323608,22313900.25521733,False,False,22.31411027256157,0.0,0.0,0.0,0.0,0.0,7.225566561808718e-07,26.169614560572253,23.10193141414444,-49.27154525216004,102.10%
Batch_MPC_7day_2024_12_16_FI_est,2025-05-23 05:01:28,2024-12-16,FI,complete_MPC,177.42790246009827,22316085.69569227,False,False,22.31411027256157,-0.6424563914140184,947.6213347964948,19.871967111664308,-73.73929304124312,0.0,3886.635902227301,293.7712688648995,1997.7035589193729,1595.1610744430286,68.23%
Batch_MPC_7day_2024_12_23_NO2_est,2025-05-23 05:04:33,2024-12-23,NO2,complete_MPC,123.79202389717102,1100.2200091170666,True,True,0.0,12.363140165825996,13.243025495841035,19.044010813484824,8.072999306067643,22.33474848866777,3260.724773955657,805.9246433524503,1015.2343565759084,1439.5657740272982,51.77%
Batch_MPC_7day_2024_12_23_SE1_est,2025-05-23 05:06:41,2024-12-23,SE1,complete_MPC,251.35727763175964,-983.6201073978928,True,True,0.0,15.484201330271809,9.113219054627788,19.87160541485362,8.265775733949743,32.24930954733748,889.9532187636071,539.4350595467834,275.08668161615714,75.4314776006666,89.16%
Batch_MPC_7day_2024_12_23_DK1_est,2025-05-23 05:10:58,2024-12-23,DK1,complete_MPC,101.52293491363524,5973.942867641922,True,True,0.0,11.61967647540816,2.88369537613539,16.572293433486003,9.108303111610011,22.65182784945637,8050.627959273213,245.32288578346984,2815.016763442544,4990.288310047199,38.77%
Batch_MPC_7day_2024_12_23_FI_est,2025-05-23 05:12:44,2024-12-23,FI,complete_MPC,218.22247195243835,-662.3678124859198,True,True,0.0,14.969540997923987,13.41605147396176,19.87200018951827,9.322302244556814,30.42012580813853,1553.1021651026745,343.7388621641469,1103.5909719507777,105.77233098774992,93.09%
Batch_MPC_7day_2024_12_30_NO2_est,2025-05-23 05:16:29,2024-12-30,NO2,complete_MPC,58.441757917404175,22314572.282737423,False,False,22.31411027256157,-0.7199168674147671,353.15222233933764,11.799115134394537,-44.71716538338829,0.0,1850.270145487654,1819.2979638894897,18.1341045932112,12.8380770049531,99.72%
Batch_MPC_7day_2024_12_30_SE1_est,2025-05-23 05:17:32,2024-12-30,SE1,complete_MPC,190.94028544425964,191912.2851437762,True,False,0.1928890170788157,12.24131665998308,11.29341546952736,19.04467375051769,7.126927997623575,22.121221255482755,638.8971386207692,716.6701678349455,82.01191197731823,-159.7849411914945,123.09%
Batch_MPC_7day_2024_12_30_DK1_est,2025-05-23 05:20:48,2024-12-30,DK1,complete_MPC,126.42029976844788,22315071.05978752,False,False,22.31411027256157,-0.7005946012132939,582.270650640896,17.594505571430467,-59.11920719041501,0.0,2360.588402510853,182.7820035695996,756.3346676170257,1421.4717313242277,72.58%
Batch_MPC_7day_2024_12_30_FI_est,2025-05-23 05:22:59,2024-12-30,FI,complete_MPC,108.94333362579346,1597490.6847885402,True,False,1.5945159064417496,11.84302237252705,14.492729863113992,19.04394181312424,7.046887463039568,20.71959436611982,4488.703148444842,403.90631230956114,1501.8220779241692,2582.9747582111117,45.41%
