sim_name,sim_date,simulation_day,bidding_zone,run_id,elapsed_time,f,Ran Successfully,Reached Weightgoal,eps,DLI_avg,DLI variance,DLI_max,DLI_min,Final fresh weight,Costs,CM Earnings,AM Earnings,Total,Cost Reduction,Termination Message
Batch7_relativeprices_newobj_MPC_7day_2024_04_01_NO2_exact_actrate025,2025-06-07 14:42:49,2024-04-01,NO2,complete_MPC,154.1560182571411,7556515.997734521,True,False,0.0829416449175859,10.851664526926172,1.027258174848272,12.878938459030875,9.20625143935215,22.231168627643985,3451.324026876958,159.2246196720642,66.71679212665227,3225.382615078241,20.54%,
Batch7_relativeprices_newobj_MPC_7day_2024_04_01_SE1_exact_actrate025,2025-06-07 14:45:30,2024-04-01,SE1,complete_MPC,168.16361737251282,7942513.267322137,True,False,0.0886608488813429,11.260199712518446,1.03451663625091,12.956767273181876,9.865343342737155,22.225449423680228,2913.703858162617,1439.2620588690231,103.99769644111058,1370.4441028524832,57.48%,
Batch7_relativeprices_newobj_MPC_7day_2024_04_01_DK1_exact_actrate025,2025-06-07 14:48:25,2024-04-01,DK1,complete_MPC,200.76510190963745,7913474.92344491,True,True,0.0,11.426762095233222,1.2614490913371963,13.12424170678645,9.637359045188376,22.48374334269445,3491.066259975934,6.436797336139772,172.42074378648817,3312.208718853306,18.31%,
Batch7_relativeprices_newobj_MPC_7day_2024_04_01_FI_exact_actrate025,2025-06-07 14:51:52,2024-04-01,FI,complete_MPC,157.06736135482788,8015057.058471073,True,False,0.249613480115169,11.224108954510266,0.6952234195238849,12.867632933414898,10.02030195164098,22.0644967924464,2772.152969916714,0.0,86.7170508029688,2685.435919113745,25.16%,
Batch7_relativeprices_newobj_MPC_7day_2024_04_08_NO2_exact_actrate025,2025-06-07 14:54:40,2024-04-08,NO2,complete_MPC,191.23762583732605,7890312.000177631,True,True,0.0,11.302941839680066,0.8437742483487523,13.488837815398853,10.259816854038531,22.345200918818485,2473.1840995945904,141.7795131498709,85.25544362093109,2246.149142823788,16.40%,
Batch7_relativeprices_newobj_MPC_7day_2024_04_08_SE1_exact_actrate025,2025-06-07 14:57:58,2024-04-08,SE1,complete_MPC,179.85067176818848,8074838.023389751,True,True,0.0,11.56183134578774,0.6967377455370095,13.586503025877274,10.812197377413844,22.83334066725041,1108.4596805321366,990.0718694745532,131.78667141276043,-13.398860355176964,100.96%,
Batch7_relativeprices_newobj_MPC_7day_2024_04_08_DK1_exact_actrate025,2025-06-07 15:01:04,2024-04-08,DK1,complete_MPC,193.62825560569763,8032617.836902588,True,True,0.0,11.685642465527735,0.4394804146097849,12.784835274575904,10.471533189998716,22.56161651658886,1947.7540481094068,5.836382296967112,189.70471141043987,1752.212954402,24.84%,
Batch7_relativeprices_newobj_MPC_7day_2024_04_08_FI_exact_actrate025,2025-06-07 15:04:24,2024-04-08,FI,complete_MPC,170.12296891212463,8115235.836426653,True,True,0.0,11.638540863292263,0.9673024509306296,13.370598177626803,10.282688141706757,22.47974411040663,1165.618000463814,0.0,111.49314527805636,1054.1248551857575,38.67%,
Batch7_relativeprices_newobj_MPC_7day_2024_04_15_NO2_exact_actrate025,2025-06-07 15:07:26,2024-04-15,NO2,complete_MPC,168.43991208076477,7996416.690684015,True,False,0.0305757203471763,11.317976349862317,0.7900416498640535,12.509846685897962,10.174114635116029,22.283534552214395,4575.332931445493,118.88841505480777,123.899305633902,4332.545210756784,11.46%,
Batch7_relativeprices_newobj_MPC_7day_2024_04_15_SE1_exact_actrate025,2025-06-07 15:10:21,2024-04-15,SE1,complete_MPC,166.68306064605713,8280057.012860112,True,False,0.2571628166368072,11.229662259864146,1.0850488181367266,13.231912102830703,9.606279067477187,22.056947455924764,4033.121925956031,338.8039687411761,196.67885431164763,3497.639102903207,21.65%,
Batch7_relativeprices_newobj_MPC_7day_2024_04_15_DK1_exact_actrate025,2025-06-07 15:13:14,2024-04-15,DK1,complete_MPC,162.0675914287567,8207386.382752411,True,False,0.1189356550724447,11.35094303980975,0.9627631147284804,13.329643862428483,10.102141363822582,22.195174617489126,5121.490569097003,2.729087287122776,358.1232319157108,4760.638249894169,18.95%,
Batch7_relativeprices_newobj_MPC_7day_2024_04_15_FI_exact_actrate025,2025-06-07 15:16:02,2024-04-15,FI,complete_MPC,201.46059465408325,8374615.025433214,True,False,0.19464039787238,11.332973148190607,1.1537009463973211,13.98613250673728,9.924343446447736,22.11946987468919,4180.42691763868,0.0,259.8534127871398,3920.57350485154,21.72%,
Batch7_relativeprices_newobj_MPC_7day_2024_04_22_NO2_exact_actrate025,2025-06-07 15:19:35,2024-04-22,NO2,complete_MPC,193.03598403930664,7808864.506701576,True,False,0.0817060473733271,10.968478724188886,0.2072747379768493,11.680492376209177,10.104518868925789,22.232404225188244,5364.929286101362,173.1037782845333,62.578956989479934,5129.246550827349,13.99%,
Batch7_relativeprices_newobj_MPC_7day_2024_04_22_SE1_exact_actrate025,2025-06-07 15:22:54,2024-04-22,SE1,complete_MPC,171.38440537452698,7964157.932872668,True,True,0.0,11.254609291242245,0.6396448657469909,12.858437861183802,10.300017885590044,22.353278743050325,5875.2029548112405,337.1127287622355,253.5482183588756,5284.542007690129,14.64%,
Batch7_relativeprices_newobj_MPC_7day_2024_04_22_DK1_exact_actrate025,2025-06-07 15:25:52,2024-04-22,DK1,complete_MPC,173.330796957016,7825340.237109958,True,True,0.0,11.234270981505102,0.4152931085073987,12.109243583731097,10.175906359013013,22.379437839312804,5927.330194710024,6.449400880127187,181.9508559659571,5738.929937863939,13.67%,
Batch7_relativeprices_newobj_MPC_7day_2024_04_22_FI_exact_actrate025,2025-06-07 15:28:51,2024-04-22,FI,complete_MPC,186.32442808151245,7817004.128317588,True,True,0.0,11.265979395252296,0.5294374183044691,12.198031678554765,9.84331775061174,22.3385613617123,5955.298236051052,0.0,350.1848735931478,5605.113362457904,16.05%,
Batch7_relativeprices_newobj_MPC_7day_2024_04_29_NO2_exact_actrate025,2025-06-07 15:32:09,2024-04-29,NO2,complete_MPC,172.23214983940125,8220570.385741997,True,True,0.0,11.65569201862441,0.4514272247407577,13.021582286209,10.327121310104346,22.6553764765942,2994.7273283972186,622.7023936222579,133.86856773122304,2238.156367043737,30.32%,
Batch7_relativeprices_newobj_MPC_7day_2024_04_29_SE1_exact_actrate025,2025-06-07 15:35:08,2024-04-29,SE1,complete_MPC,177.5089066028595,8218335.984152459,True,True,0.0,11.516470686259453,0.9883330776725304,13.512073376948116,10.059268135522371,22.76886603022474,2350.870660325096,664.5445414071856,232.6279546835765,1453.6981642343333,42.74%,
Batch7_relativeprices_newobj_MPC_7day_2024_04_29_DK1_exact_actrate025,2025-06-07 15:38:12,2024-04-29,DK1,complete_MPC,163.18713116645813,8282640.105012083,True,True,0.0,11.762747986349783,0.771844605545567,12.79494814531409,10.38581984170402,22.52587931116146,3106.770340761839,2.725635928353162,349.3936169417757,2754.65108789171,27.84%,
Batch7_relativeprices_newobj_MPC_7day_2024_04_29_FI_exact_actrate025,2025-06-07 15:41:01,2024-04-29,FI,complete_MPC,184.34495425224304,12856345.77413265,False,False,11.819516329346389,0.0,0.0,0.0,0.0,0.0,32.77509521534976,0.0,4.943381619088386,27.831713596261373,99.40%,"CM failed at iteration 0: Error in Opti::solve [OptiNode] at .../casadi/core/optistack.cpp:217:.../casadi/core/optistack_internal.cpp:1334: Assertion ""return_success(accept_limit)"" failed:Solver failed. You may use opti.debug.value to investigate the latest values of variables. return_status is 'Maximum_Iterations_Exceeded'"
Batch7_relativeprices_newobj_MPC_7day_2024_05_06_NO2_exact_actrate025,2025-06-07 15:44:17,2024-05-06,NO2,complete_MPC,168.84543347358704,7616686.391405239,True,True,0.0,10.938622487417616,0.7701129618336121,12.873741266171876,10.015218322273618,22.556122242991865,3536.263150437535,227.07103428560853,71.8346360992468,3237.3574800526794,23.63%,
Batch7_relativeprices_newobj_MPC_7day_2024_05_06_SE1_exact_actrate025,2025-06-07 15:47:13,2024-05-06,SE1,complete_MPC,162.45895338058472,7928765.483851417,True,True,0.0,11.3321433688751,0.5968569986433171,12.844680831801648,10.332329989751498,22.445827784065184,1667.5475282908187,487.16492716715226,59.31501810587472,1121.0675830177918,43.19%,
Batch7_relativeprices_newobj_MPC_7day_2024_05_06_DK1_exact_actrate025,2025-06-07 15:50:01,2024-05-06,DK1,complete_MPC,169.34096336364746,7693196.227788692,True,False,0.0001120077848071,11.043057670822476,0.2791187301203911,12.278374940898884,10.431841162392786,22.313998264776764,4278.306364769116,5.682862781827673,189.43883776844189,4083.184664218847,23.26%,
Batch7_relativeprices_newobj_MPC_7day_2024_05_06_FI_exact_actrate025,2025-06-07 15:52:57,2024-05-06,FI,complete_MPC,153.08312797546387,8044599.576701432,True,True,0.0,11.531210448646172,0.8211247055085825,12.816418401797684,10.25714423929509,22.53751666404007,2169.8313256222164,0.0,87.42591001464038,2082.405415607576,45.86%,
Batch7_relativeprices_newobj_MPC_7day_2024_05_13_NO2_exact_actrate025,2025-06-07 15:55:41,2024-05-13,NO2,complete_MPC,163.38544702529907,8231257.472442307,True,False,0.2285459365987634,11.216935631070534,0.973491967252208,13.525001619015526,10.183163791153923,22.085564335962808,1569.0063388739843,154.2794272197048,46.993415071067375,1367.7334965832124,28.00%,
Batch7_relativeprices_newobj_MPC_7day_2024_05_13_SE1_exact_actrate025,2025-06-07 15:58:32,2024-05-13,SE1,complete_MPC,192.85620379447937,8071339.719957088,True,True,0.0,11.254732590554935,1.4204672641732528,13.293098143958646,9.33965881417695,22.405401527419027,462.51164075753104,692.922367083265,102.05429852463406,-332.4650248503681,146.90%,
Batch7_relativeprices_newobj_MPC_7day_2024_05_13_DK1_exact_actrate025,2025-06-07 16:01:51,2024-05-13,DK1,complete_MPC,157.4288911819458,8116638.405667911,True,False,0.0282077806713125,11.345138733305046,1.154064680892624,13.23015639083787,9.968331312211903,22.28590249189026,1311.5199909029177,4.201624172430461,77.65804033372551,1229.6603263967615,45.36%,
Batch7_relativeprices_newobj_MPC_7day_2024_05_13_FI_exact_actrate025,2025-06-07 16:04:34,2024-05-13,FI,complete_MPC,132.33426642417908,7985730.8693580255,True,True,0.0,11.539319530161388,1.0127334028989012,13.167631268049846,10.372234534120976,22.53509247759612,1088.307909941639,0.0,50.30678562089781,1038.0011243207414,58.65%,
Batch7_relativeprices_newobj_MPC_7day_2024_05_20_NO2_exact_actrate025,2025-06-07 16:06:58,2024-05-20,NO2,complete_MPC,190.294371843338,7741341.8522750335,True,True,0.0,11.000926215029734,0.4637093887639179,11.96168897573651,9.79892090483039,22.57494022050668,3305.0674130459643,191.8398024419968,98.97130761438328,3014.256302989584,16.98%,
Batch7_relativeprices_newobj_MPC_7day_2024_05_20_SE1_exact_actrate025,2025-06-07 16:10:15,2024-05-20,SE1,complete_MPC,173.46941924095154,8185315.743408759,True,False,0.0959202131646534,11.45887987405042,0.8804360438379677,13.558046509528204,10.367785178712303,22.21819005939692,484.95578083788695,328.2614491784996,79.89588550278417,76.79844615660322,91.19%,
Batch7_relativeprices_newobj_MPC_7day_2024_05_20_DK1_exact_actrate025,2025-06-07 16:13:15,2024-05-20,DK1,complete_MPC,160.41934394836426,7918970.179687603,True,True,0.0,11.245958366209017,1.2339183209718358,13.60144966114494,9.831859115789172,22.398930540254103,4379.101555302066,8.052611608311981,553.0335362948903,3818.015407398864,28.01%,
Batch7_relativeprices_newobj_MPC_7day_2024_05_20_FI_exact_actrate025,2025-06-07 16:16:02,2024-05-20,FI,complete_MPC,132.23463463783264,7891737.866934055,True,True,0.0,11.462212621889158,0.9104993330247224,12.716741015090818,10.377942682174162,22.34579525105936,398.262756293804,0.0,15.271248337530302,382.99150795627367,59.57%,
Batch7_relativeprices_newobj_MPC_7day_2024_05_27_NO2_exact_actrate025,2025-06-07 16:18:26,2024-05-27,NO2,complete_MPC,159.01479935646057,7805147.733064641,True,True,0.0,11.298380143318589,0.5057580248177369,12.66052386603479,10.297451331279966,22.53654495315765,3903.7222465600216,257.27972742524213,91.71278284263428,3554.7297362921454,16.17%,
Batch7_relativeprices_newobj_MPC_7day_2024_05_27_SE1_exact_actrate025,2025-06-07 16:21:12,2024-05-27,SE1,complete_MPC,159.51899766921997,7866308.331335749,True,False,0.1120501039709367,11.159669248513344,0.5506550285332111,12.636868903792966,10.368031787176966,22.202060168590634,500.205618014341,373.2035780168482,49.38652526924072,77.61551472825212,88.97%,
Batch7_relativeprices_newobj_MPC_7day_2024_05_27_DK1_exact_actrate025,2025-06-07 16:23:58,2024-05-27,DK1,complete_MPC,162.04287099838257,7798791.398140055,True,False,0.0458025737117324,11.264570568701632,0.6298459133268384,12.59482106533558,10.433499828755515,22.26830769884984,4908.292070550934,11.088340170598286,211.7236518020248,4685.480078578311,16.00%,
Batch7_relativeprices_newobj_MPC_7day_2024_05_27_FI_exact_actrate025,2025-06-07 16:26:46,2024-05-27,FI,complete_MPC,182.5960986614228,12856316.332235638,False,False,11.819516329346389,0.0,0.0,0.0,0.0,0.0,0.6386038782642428,0.0,0.603111861285935,0.0354920169783078,100.00%,"CM failed at iteration 0: Error in Opti::solve [OptiNode] at .../casadi/core/optistack.cpp:217:.../casadi/core/optistack_internal.cpp:1334: Assertion ""return_success(accept_limit)"" failed:Solver failed. You may use opti.debug.value to investigate the latest values of variables. return_status is 'Maximum_Iterations_Exceeded'"
Batch7_relativeprices_newobj_MPC_7day_2024_06_03_NO2_exact_actrate025,2025-06-07 16:30:00,2024-06-03,NO2,complete_MPC,162.6733136177063,7967502.732078956,True,True,0.0,11.399413447734126,0.6667842138164993,13.247466660539718,10.146846576222934,22.37837211617793,3051.539059778101,117.79954825688898,163.41879062037705,2770.320720900835,17.82%,
Batch7_relativeprices_newobj_MPC_7day_2024_06_03_SE1_exact_actrate025,2025-06-07 16:32:49,2024-06-03,SE1,complete_MPC,163.10460424423218,8020495.09596974,True,False,0.0291418272375167,11.334302128677056,0.5777180660113845,13.11417919184152,10.452898259695507,22.28496844532405,667.1446036327774,449.6731459330268,111.49910168687455,105.972356012876,89.35%,
Batch7_relativeprices_newobj_MPC_7day_2024_06_03_DK1_exact_actrate025,2025-06-07 16:35:39,2024-06-03,DK1,complete_MPC,154.73346614837646,8138391.135516097,True,False,0.0002161261511268,11.55450905445922,1.3950415453561185,13.923424964447364,10.209576996648828,22.313894146410444,3775.995341861416,4.436741146074634,393.4627019309549,3378.095898784386,27.29%,
Batch7_relativeprices_newobj_MPC_7day_2024_06_03_FI_exact_actrate025,2025-06-07 16:38:20,2024-06-03,FI,complete_MPC,138.6041624546051,8341123.81696943,True,False,0.2229497025287123,11.394267700802729,1.0829789125863083,14.32383609487809,10.265596346891968,22.09116057003286,1938.733601348512,0.0,318.8055522290936,1619.928049119418,53.48%,
Batch7_relativeprices_newobj_MPC_7day_2024_06_10_NO2_exact_actrate025,2025-06-07 16:40:50,2024-06-10,NO2,complete_MPC,187.4019639492035,8068396.507052335,True,True,0.0,11.49738893445218,1.0103471420060477,13.767252260372686,10.257756295693838,22.697634562201,2825.9662969950227,726.2054236193555,124.10394497130444,1975.6569284043624,37.80%,
Batch7_relativeprices_newobj_MPC_7day_2024_06_10_SE1_exact_actrate025,2025-06-07 16:44:04,2024-06-10,SE1,complete_MPC,158.1396427154541,7826113.269481876,True,True,0.0,11.344048523968723,0.189525841606335,11.916766561540976,10.418387261954363,22.622846605453702,2330.483018581737,419.56438785509823,71.12146070038658,1839.797170026252,27.17%,
Batch7_relativeprices_newobj_MPC_7day_2024_06_10_DK1_exact_actrate025,2025-06-07 16:46:48,2024-06-10,DK1,complete_MPC,157.18846607208252,8260725.042026214,True,False,0.1449328349603043,11.448536565704991,0.7885985823206924,14.098170787781427,10.489727096837242,22.169177437601267,3419.858767711992,4.779122933320451,331.4260088438176,3083.653635934854,23.12%,
Batch7_relativeprices_newobj_MPC_7day_2024_06_10_FI_exact_actrate025,2025-06-07 16:49:32,2024-06-10,FI,complete_MPC,129.92930626869202,8061710.806151049,True,False,0.1661802032104553,11.468899141447842,0.6209271558299433,12.871333691286932,10.003290281851804,22.14793006935112,3413.593461401621,0.0,370.96762042938633,3042.6258409722345,36.05%,
Batch7_relativeprices_newobj_MPC_7day_2024_06_17_NO2_exact_actrate025,2025-06-07 16:51:53,2024-06-17,NO2,complete_MPC,23.38655972480774,12856265.349986527,False,False,11.819516329346389,0.0,0.0,0.0,0.0,0.0,30.649924591868885,186.20166473732223,7.036095309199238,-162.5878354546526,103.66%,"CM failed at iteration 0: Error in Opti::solve [OptiNode] at .../casadi/core/optistack.cpp:217:.../casadi/core/optistack_internal.cpp:1334: Assertion ""return_success(accept_limit)"" failed:Solver failed. You may use opti.debug.value to investigate the latest values of variables. return_status is 'Error_In_Step_Computation'"
Batch7_relativeprices_newobj_MPC_7day_2024_06_17_SE1_exact_actrate025,2025-06-07 16:52:23,2024-06-17,SE1,complete_MPC,162.5877387523651,7896533.532453078,True,True,0.0,11.344626535287826,0.2905222594961224,12.46509061687859,10.633716262969823,22.75710295811629,1943.7670018267104,556.6843673190425,133.5275839994204,1253.5550505082472,41.78%,
Batch7_relativeprices_newobj_MPC_7day_2024_06_17_DK1_exact_actrate025,2025-06-07 16:55:12,2024-06-17,DK1,complete_MPC,198.5298628807068,8012293.382128308,True,True,0.0,11.408693404365568,0.5200664402401661,12.89633339296547,10.53144286418494,22.4325640710737,5163.775149491639,4.804470065821073,286.92277095980563,4872.047908466013,20.44%,
Batch7_relativeprices_newobj_MPC_7day_2024_06_17_FI_exact_actrate025,2025-06-07 16:58:37,2024-06-17,FI,complete_MPC,136.72179985046387,7884625.142910602,True,True,0.0,11.44508140757678,0.9298900400108095,12.931586272819716,10.369161909349842,22.3152790976366,1201.572594913696,0.0,54.03317055779204,1147.5394243559035,47.35%,
Batch7_relativeprices_newobj_MPC_7day_2024_06_24_NO2_exact_actrate025,2025-06-07 17:01:05,2024-06-24,NO2,complete_MPC,160.99825191497803,8325723.691572415,True,False,0.4365226821294534,11.056821621275905,0.5692523937146379,12.133280459159764,9.260791368143614,21.87758759043212,2636.021827028808,278.5471879873795,131.55428455119568,2225.920354490232,24.06%,
Batch7_relativeprices_newobj_MPC_7day_2024_06_24_SE1_exact_actrate025,2025-06-07 17:03:53,2024-06-24,SE1,complete_MPC,156.04752445220947,8148015.212006749,True,False,0.2493695294426992,11.233028395903878,0.8303399825721822,12.420433367907007,9.594745723400685,22.064740743118872,1588.353603777244,276.33413012547135,155.52800386160726,1156.4914697901654,35.03%,
Batch7_relativeprices_newobj_MPC_7day_2024_06_24_DK1_exact_actrate025,2025-06-07 17:06:35,2024-06-24,DK1,complete_MPC,153.71532034873962,7876082.712526613,True,False,0.0137549149840943,11.2407791866988,0.6943343125456274,13.080984176058772,10.168267100353113,22.30035535757748,3902.493418457699,4.39811044888793,282.14939295796665,3615.9459150508446,31.55%,
Batch7_relativeprices_newobj_MPC_7day_2024_06_24_FI_exact_actrate025,2025-06-07 17:09:16,2024-06-24,FI,complete_MPC,151.20756435394287,8414842.685420243,True,False,0.4130731686649227,11.330694946889302,0.8330494989190165,12.822105114750997,9.812508425975864,21.90103710389665,1342.4680450347253,0.0,155.09752169738655,1187.370523337339,25.59%,
Batch7_relativeprices_newobj_MPC_7day_2024_07_01_NO2_exact_actrate025,2025-06-07 17:11:59,2024-07-01,NO2,complete_MPC,170.77454781532288,7765486.710827133,True,False,0.0547051888083984,11.156445308079736,0.6484126000072098,12.67211772862074,9.833262706636088,22.259405083753173,1757.9537557582769,325.75323528650705,97.32384092015462,1334.8766795516149,35.55%,
Batch7_relativeprices_newobj_MPC_7day_2024_07_01_SE1_exact_actrate025,2025-06-07 17:14:57,2024-07-01,SE1,complete_MPC,161.009254693985,7837579.813197172,True,False,0.1492918236078679,10.960592804915214,0.5241303660649907,12.76746351995827,9.802166538370862,22.164818448953703,1292.007168745237,295.64366619144363,93.33316575319785,903.0303368005956,41.26%,
Batch7_relativeprices_newobj_MPC_7day_2024_07_01_DK1_exact_actrate025,2025-06-07 17:17:44,2024-07-01,DK1,complete_MPC,165.6975598335266,7984527.970941776,True,False,0.1036383737250545,11.459329912602024,0.9549335171716976,12.836188415823557,9.84384923440618,22.21047189883652,2069.3703642617675,1.1689036672581468,84.51391869523937,1983.6875418992693,32.47%,
Batch7_relativeprices_newobj_MPC_7day_2024_07_01_FI_exact_actrate025,2025-06-07 17:20:36,2024-07-01,FI,complete_MPC,158.0747218132019,8088305.668142435,True,True,0.0,11.476618018128407,0.9123499212131738,13.614831170146246,10.167470968155447,23.75247433038196,1243.7644025103934,0.0,135.32286874099654,1108.441533769397,26.14%,
Batch7_relativeprices_newobj_MPC_7day_2024_07_08_NO2_exact_actrate025,2025-06-07 17:23:25,2024-07-08,NO2,complete_MPC,155.82987189292908,7775132.079040092,True,True,0.0,10.99209843255455,0.4575505106277818,12.485121319430572,10.15179615969656,22.45027216500834,2700.95499057376,161.41598257889734,39.33603239727488,2500.202975597588,15.45%,
Batch7_relativeprices_newobj_MPC_7day_2024_07_08_SE1_exact_actrate025,2025-06-07 17:26:08,2024-07-08,SE1,complete_MPC,165.58768701553345,8149884.273236435,True,False,0.5277012333130706,10.966663522586092,0.9218257413582648,12.39890179444818,8.71334142835213,21.7864090392485,1652.0112691702325,721.0072515203408,57.10278372971257,873.9012339201792,51.32%,
Batch7_relativeprices_newobj_MPC_7day_2024_07_08_DK1_exact_actrate025,2025-06-07 17:29:00,2024-07-08,DK1,complete_MPC,11.92370867729187,12856352.50023881,False,False,11.819516329346389,0.0,0.0,0.0,0.0,0.0,46.56285027766876,1.089231272285853,0.0059427941946169,45.46767621118829,99.11%,"CM failed at iteration 0: Error in Opti::solve [OptiNode] at .../casadi/core/optistack.cpp:217:.../casadi/core/optistack_internal.cpp:1334: Assertion ""return_success(accept_limit)"" failed:Solver failed. You may use opti.debug.value to investigate the latest values of variables. return_status is 'Search_Direction_Becomes_Too_Small'"
Batch7_relativeprices_newobj_MPC_7day_2024_07_08_FI_exact_actrate025,2025-06-07 17:29:19,2024-07-08,FI,complete_MPC,180.7255706787109,8345673.931087779,True,False,0.013351672748854,11.567874458522,2.08407844957946,15.08055360083296,9.437884468699508,22.30075859981272,609.568208709969,0.0,209.7177077052085,399.8505010047604,54.73%,
Batch7_relativeprices_newobj_MPC_7day_2024_07_15_NO2_exact_actrate025,2025-06-07 17:32:31,2024-07-15,NO2,complete_MPC,185.0831401348114,7716475.873130218,True,True,0.0,10.929467644103116,0.2458530849202963,11.8709321296568,10.328386210826787,22.315981717280486,2583.7912871418,306.85068865517724,54.00725129038037,2222.933347196242,21.30%,
Batch7_relativeprices_newobj_MPC_7day_2024_07_15_SE1_exact_actrate025,2025-06-07 17:35:43,2024-07-15,SE1,complete_MPC,209.0251281261444,7847662.333537939,True,False,0.0060913834673925,11.302980926741204,0.4158959317939945,12.238632921997096,10.19980517757395,22.30801888909418,1515.7764622562138,489.73411281357016,65.76540497581851,960.2769444668252,36.95%,
Batch7_relativeprices_newobj_MPC_7day_2024_07_15_DK1_exact_actrate025,2025-06-07 17:39:19,2024-07-15,DK1,complete_MPC,158.8090169429779,7870617.253112683,True,True,0.0,11.277020135323662,0.4066075845390671,12.805873699320202,10.609129973378302,22.417931509405577,3864.088194240879,7.961889147733874,441.2481025162472,3414.878202576898,27.37%,
Batch7_relativeprices_newobj_MPC_7day_2024_07_15_FI_exact_actrate025,2025-06-07 17:42:05,2024-07-15,FI,complete_MPC,173.85320734977722,8081400.346518523,True,False,0.0904750849122173,11.25456033864015,1.1184963770590028,13.599814018304087,10.057361412039867,22.22363518764936,1104.5461267506512,0.0,106.20025287149808,998.3458738791531,28.71%,
Batch7_relativeprices_newobj_MPC_7day_2024_07_22_NO2_exact_actrate025,2025-06-07 17:45:12,2024-07-22,NO2,complete_MPC,169.29427194595337,7772346.802688913,True,True,0.0,11.045903226427155,0.2319126294402704,12.224922955324402,10.426335863377538,22.61229857396551,2938.261624982149,223.75023283035765,67.63930553039472,2646.872086621397,18.17%,
Batch7_relativeprices_newobj_MPC_7day_2024_07_22_SE1_exact_actrate025,2025-06-07 17:48:09,2024-07-22,SE1,complete_MPC,176.17753434181213,7926370.933516797,True,False,0.259926776339622,11.051140285279288,0.8133311300726973,12.579849344432546,9.638726184355653,22.05418349622195,1560.5177993406253,278.1415871524167,58.69625694981698,1223.6799552383918,26.73%,
Batch7_relativeprices_newobj_MPC_7day_2024_07_22_DK1_exact_actrate025,2025-06-07 17:51:12,2024-07-22,DK1,complete_MPC,176.09402537345886,8224197.813860911,True,True,0.0,11.389129519142696,0.804579576174342,13.846244558591229,10.513513538259035,22.72208925542632,4815.427125627001,4.650106124724317,490.800991880875,4319.976027621402,23.80%,
Batch7_relativeprices_newobj_MPC_7day_2024_07_22_FI_exact_actrate025,2025-06-07 17:54:15,2024-07-22,FI,complete_MPC,181.0142149925232,7838068.341142658,True,False,0.0945833377141838,10.973406133763657,0.39198135330871,12.5058953791209,10.04992307000488,22.219526934847387,1742.6444606235618,0.0,70.07087564278933,1672.5735849807725,11.12%,
Batch7_relativeprices_newobj_MPC_7day_2024_07_29_NO2_exact_actrate025,2025-06-07 17:57:28,2024-07-29,NO2,complete_MPC,15.540831089019775,12856301.486113574,False,False,11.819516329346389,0.0,0.0,0.0,0.0,0.0,22.86931448977593,17.12406151258035,2.241609462795765,3.5036435143998155,99.92%,"CM failed at iteration 0: Error in Opti::solve [OptiNode] at .../casadi/core/optistack.cpp:217:.../casadi/core/optistack_internal.cpp:1334: Assertion ""return_success(accept_limit)"" failed:Solver failed. You may use opti.debug.value to investigate the latest values of variables. return_status is 'Search_Direction_Becomes_Too_Small'"
Batch7_relativeprices_newobj_MPC_7day_2024_07_29_SE1_exact_actrate025,2025-06-07 17:57:50,2024-07-29,SE1,complete_MPC,32.1576247215271,12856243.897796055,False,False,11.819516329346389,0.0,0.0,0.0,0.0,0.0,-0.1843684929330926,59.58365422851833,0.0,-59.768022721451416,107.17%,"CM failed at iteration 0: Error in Opti::solve [OptiNode] at .../casadi/core/optistack.cpp:217:.../casadi/core/optistack_internal.cpp:1334: Assertion ""return_success(accept_limit)"" failed:Solver failed. You may use opti.debug.value to investigate the latest values of variables. return_status is 'Error_In_Step_Computation'"
Batch7_relativeprices_newobj_MPC_7day_2024_07_29_DK1_exact_actrate025,2025-06-07 17:58:29,2024-07-29,DK1,complete_MPC,165.81390857696533,7812606.222109193,True,True,0.0,10.989322869849078,0.3495266984068302,12.64446400941686,10.373880086478012,22.349452518056484,4785.808375864758,6.948831493563627,471.767571008532,4307.091973362662,27.96%,
Batch7_relativeprices_newobj_MPC_7day_2024_07_29_FI_exact_actrate025,2025-06-07 18:01:21,2024-07-29,FI,complete_MPC,265.616290807724,7960065.160794401,True,False,0.0485890947707048,11.263281952425968,0.7800510137271727,13.038238904771278,9.466928936681548,22.265521177790863,995.9542859151824,0.0,142.90125807194673,853.0530278432356,32.35%,
Batch7_relativeprices_newobj_MPC_7day_2024_08_05_NO2_exact_actrate025,2025-06-07 18:05:59,2024-08-05,NO2,complete_MPC,152.21645855903623,7893472.276307121,True,True,0.0,11.160708680257631,0.6546419519957105,12.612480356525907,10.367997813718386,22.358928948093013,2451.654427468789,112.76932352206988,32.305618474383905,2306.579485472336,19.99%,
Batch7_relativeprices_newobj_MPC_7day_2024_08_05_SE1_exact_actrate025,2025-06-07 18:08:37,2024-08-05,SE1,complete_MPC,162.28983116149902,8040628.811486385,True,False,0.0590946984204805,11.171501065005977,0.9354679324466388,12.990803123271562,9.672122324818249,22.25501557414109,795.776295587797,301.97014212282136,47.23360832777884,446.5725451371968,51.59%,
Batch7_relativeprices_newobj_MPC_7day_2024_08_05_DK1_exact_actrate025,2025-06-07 18:11:26,2024-08-05,DK1,complete_MPC,136.24566864967346,8038019.500636484,True,True,0.0,11.371104513680958,1.0285828893118714,12.947202692760662,10.440264318477707,22.42698471575692,3169.376893709197,7.842247084872833,43.09242531652887,3118.442221307795,28.30%,
Batch7_relativeprices_newobj_MPC_7day_2024_08_05_FI_exact_actrate025,2025-06-07 18:13:48,2024-08-05,FI,complete_MPC,163.9563193321228,8147270.015181609,True,False,0.1228054734639094,11.345918608400194,0.8381532764766395,13.497371409675488,10.36867339103754,22.19130479909766,695.7247265622971,0.0,22.040085333138023,673.6846412291591,28.42%,
Batch7_relativeprices_newobj_MPC_7day_2024_08_12_NO2_exact_actrate025,2025-06-07 18:16:43,2024-08-12,NO2,complete_MPC,174.04898309707642,8230119.046844028,True,False,0.4885030951355844,10.948368070465584,0.8420286335513698,12.986352241954346,9.359697388356452,21.825607177425987,4052.905784163748,274.4153811409751,81.58661904424896,3696.903783978524,14.07%,
Batch7_relativeprices_newobj_MPC_7day_2024_08_12_SE1_exact_actrate025,2025-06-07 18:19:44,2024-08-12,SE1,complete_MPC,154.6129868030548,8048535.58856872,True,True,0.0,11.454241803962264,1.2078485330958473,13.192425150354984,9.324815474584268,22.851848515135995,933.8460436366868,249.22966183396065,91.01723468959298,593.5991471131332,42.38%,
Batch7_relativeprices_newobj_MPC_7day_2024_08_12_DK1_exact_actrate025,2025-06-07 18:22:25,2024-08-12,DK1,complete_MPC,136.98745822906494,7732363.656386409,True,True,0.0,11.002759156862172,0.3399241827952787,12.67837705625101,10.194451502700913,22.32137862092953,6216.637720770073,3.9766599648920806,468.9819301030336,5743.679130702148,21.62%,
Batch7_relativeprices_newobj_MPC_7day_2024_08_12_FI_exact_actrate025,2025-06-07 18:24:48,2024-08-12,FI,complete_MPC,159.64240074157715,8448433.335123526,True,False,0.0671189530483644,11.676034278264668,1.854520662725189,14.115275135180385,9.13434781215443,22.246991319513207,1269.2913195579183,0.0,211.7902057941526,1057.5011137637655,46.34%,
Batch7_relativeprices_newobj_MPC_7day_2024_08_19_NO2_exact_actrate025,2025-06-07 18:27:39,2024-08-19,NO2,complete_MPC,171.69744992256165,8047955.60903842,True,True,0.0,11.598269925983464,0.592371550765773,13.126930126237632,10.459317116147671,22.419954368530064,1774.246584243051,193.366944967296,95.6854216323509,1485.1942176434045,33.25%,
Batch7_relativeprices_newobj_MPC_7day_2024_08_19_SE1_exact_actrate025,2025-06-07 18:30:37,2024-08-19,SE1,complete_MPC,149.8790180683136,7997974.5075595,True,False,0.0210119908361541,11.533366999188235,0.3643098703538407,12.134604446758082,10.207447212864658,22.293098281725417,0.0682366567796574,222.70743343418687,50.24226247760633,-272.8814592550137,462.06%,
Batch7_relativeprices_newobj_MPC_7day_2024_08_19_DK1_exact_actrate025,2025-06-07 18:33:13,2024-08-19,DK1,complete_MPC,148.0084547996521,8068725.591289477,True,True,0.0,11.520680277593856,0.7476809986923035,12.845142924321166,10.184545479824116,22.33124575145342,2340.909204598871,3.784200742652402,190.36908446089475,2146.755919395324,34.87%,
Batch7_relativeprices_newobj_MPC_7day_2024_08_19_FI_exact_actrate025,2025-06-07 18:35:47,2024-08-19,FI,complete_MPC,168.82824897766113,8175519.996012277,True,True,0.0,11.77062294607815,1.156382244472133,13.06853788677968,9.225345609285228,22.797782192997783,31.982448774544466,0.0,90.30060296867316,-58.318154194128695,111.19%,
Batch7_relativeprices_newobj_MPC_7day_2024_08_26_NO2_exact_actrate025,2025-06-07 18:38:47,2024-08-26,NO2,complete_MPC,153.8010973930359,7687300.188799212,True,True,0.0,10.862385448709224,0.1843756414322795,11.549353846137798,10.368001670020917,22.31861161524132,2731.590749746488,269.1828596743224,50.19905242669401,2412.2088376454712,21.70%,
Batch7_relativeprices_newobj_MPC_7day_2024_08_26_SE1_exact_actrate025,2025-06-07 18:41:28,2024-08-26,SE1,complete_MPC,170.2801673412323,8401241.180996649,True,False,0.3905543055747991,11.356144510163425,0.9166504361408324,13.204715938380076,10.029556273489987,21.92355596698677,107.737691551324,266.45183255619634,57.754307493464594,-216.4684484983369,242.26%,
Batch7_relativeprices_newobj_MPC_7day_2024_08_26_DK1_exact_actrate025,2025-06-07 18:44:24,2024-08-26,DK1,complete_MPC,150.29884147644043,7908870.962443313,True,True,0.0,11.159738581495263,0.5018696209315422,12.766729971706836,10.209800660302534,22.341936739225137,5301.912620676072,571.5907620267072,547.3214254734978,4183.000433175867,32.25%,
Batch7_relativeprices_newobj_MPC_7day_2024_08_26_FI_exact_actrate025,2025-06-07 18:47:01,2024-08-26,FI,complete_MPC,200.4927749633789,8403687.293957587,True,False,0.1607746752920213,11.612123473430168,1.243303225945206,14.460031905979662,10.574232734218851,22.15333559726955,110.44180765303564,0.0,52.96323470760896,57.47857294542669,89.54%,
Batch7_relativeprices_newobj_MPC_7day_2024_09_02_NO2_exact_actrate025,2025-06-07 18:50:32,2024-09-02,NO2,complete_MPC,149.9856882095337,7870654.934956389,True,True,0.0,11.163563063176062,0.1966657070216504,12.352428981944485,10.368044834430831,22.578691299963246,3304.0871146187933,300.67658557380054,78.50108341142624,2924.9094456335665,18.95%,
Batch7_relativeprices_newobj_MPC_7day_2024_09_02_SE1_exact_actrate025,2025-06-07 18:53:09,2024-09-02,SE1,complete_MPC,160.83368396759033,8025057.252235283,True,True,0.0,11.457989537084094,0.6047628855216793,12.870661974488575,10.18823601885896,22.70631324356288,494.6679674712335,641.0870493054924,80.43081856371424,-226.8499003979732,140.38%,
Batch7_relativeprices_newobj_MPC_7day_2024_09_02_DK1_exact_actrate025,2025-06-07 18:55:56,2024-09-02,DK1,complete_MPC,148.15889286994934,8116528.4833463505,True,True,0.0,11.503779561063451,1.0400401667709842,13.621613472242132,10.401690968800176,23.490830856317388,6111.8892412747455,3026.42582724589,469.73763136327045,2615.725782665585,60.09%,
Batch7_relativeprices_newobj_MPC_7day_2024_09_02_FI_exact_actrate025,2025-06-07 18:58:30,2024-09-02,FI,complete_MPC,177.5122504234314,8068201.860514542,True,True,0.0,11.56734098658291,1.002361218358611,13.84968192966194,10.383964805250969,22.56602725038796,1908.4904042792173,0.0,406.8223161609443,1501.668088118273,52.37%,
Batch7_relativeprices_newobj_MPC_7day_2024_09_09_NO2_exact_actrate025,2025-06-07 19:01:39,2024-09-09,NO2,complete_MPC,153.84636878967285,7780276.750513229,True,True,0.0,11.05170961326316,0.3638706845145046,12.210272508364907,9.73038073360465,22.36534669856796,2914.2503298269608,151.84915885859957,107.48904753460758,2654.912123433754,22.18%,
Batch7_relativeprices_newobj_MPC_7day_2024_09_09_SE1_exact_actrate025,2025-06-07 19:04:19,2024-09-09,SE1,complete_MPC,160.33168625831604,8112037.238199581,True,False,0.0697334495001733,11.382677904763996,1.0051048156853817,13.188604953276602,9.731770406478034,22.2443768230614,386.6356044876218,940.8794481762324,81.54060204860703,-635.7844457372178,283.13%,
Batch7_relativeprices_newobj_MPC_7day_2024_09_09_DK1_exact_actrate025,2025-06-07 19:07:06,2024-09-09,DK1,complete_MPC,153.04952311515808,8327602.211595491,True,False,0.0381641226629305,11.539613779112615,1.1815760595196598,13.91399966008949,10.065667779467944,22.27594614989864,5076.022789107412,7.153142244704488,287.88734981819863,4780.982297044509,12.63%,
Batch7_relativeprices_newobj_MPC_7day_2024_09_09_FI_exact_actrate025,2025-06-07 19:09:45,2024-09-09,FI,complete_MPC,156.25231289863586,8133828.861514826,True,False,0.0465173076054838,11.565295511454952,0.7341227544159792,13.000929722057572,10.372942974676016,22.267592964956087,3945.6091757948975,0.0,349.9011806396192,3595.707995155279,37.84%,
Batch7_relativeprices_newobj_MPC_7day_2024_09_16_NO2_exact_actrate025,2025-06-07 19:12:32,2024-09-16,NO2,complete_MPC,161.94131088256836,7801236.651778799,True,True,0.0,11.040991539066484,0.2729971645814457,11.876925515896222,10.195258315537655,22.390602659000944,3191.3052774213584,308.55112187066305,93.9908612799039,2788.7632942707914,19.90%,
Batch7_relativeprices_newobj_MPC_7day_2024_09_16_SE1_exact_actrate025,2025-06-07 19:15:21,2024-09-16,SE1,complete_MPC,166.95092940330505,8152995.851492697,True,False,0.1077447606278916,11.476254091972349,0.505477908366947,12.515125107850864,9.985654790977634,22.20636551193368,1168.8354645737447,314.306549799158,227.80161181700487,626.7273029575819,45.32%,
Batch7_relativeprices_newobj_MPC_7day_2024_09_16_DK1_exact_actrate025,2025-06-07 19:18:14,2024-09-16,DK1,complete_MPC,143.71320724487305,7847290.109713828,True,True,0.0,11.18840431096922,0.4824612458953324,12.671947709619072,9.954417991523028,22.42732070741836,5525.669818080632,5.72062658198856,399.0105996843116,5120.938591814332,21.45%,
Batch7_relativeprices_newobj_MPC_7day_2024_09_16_FI_exact_actrate025,2025-06-07 19:20:44,2024-09-16,FI,complete_MPC,152.7419557571411,8236741.507012317,True,True,0.0,11.612096353669427,1.5359204111455886,14.221485425554356,10.156795404656313,22.4838551125078,4849.8036148169285,0.0,389.6805177607054,4460.123097056223,35.52%,
Batch7_relativeprices_newobj_MPC_7day_2024_09_23_NO2_exact_actrate025,2025-06-07 19:23:28,2024-09-23,NO2,complete_MPC,151.74990606307983,7827638.6565572,True,False,0.0394691526680759,11.098917422686192,0.4088600534117115,12.647332346688389,10.548915324450672,22.27464111989349,2530.468657281495,243.2696571102065,60.47249490928682,2226.7265052620014,18.58%,
Batch7_relativeprices_newobj_MPC_7day_2024_09_23_SE1_exact_actrate025,2025-06-07 19:26:06,2024-09-23,SE1,complete_MPC,172.63589358329773,7984724.333466575,True,True,0.0,11.457252123780291,0.7629816818105877,13.160192772848283,10.161037660807333,22.644057303975654,740.5881980753189,367.70382992884913,57.81915079238583,315.065217354084,60.42%,
Batch7_relativeprices_newobj_MPC_7day_2024_09_23_DK1_exact_actrate025,2025-06-07 19:29:05,2024-09-23,DK1,complete_MPC,150.75958609580994,8223166.105815266,True,False,0.0413666887504859,11.57355932286609,0.5336775653112247,13.04565319598722,10.48499814391171,22.272743583811085,3833.932701467397,10.758082612150382,330.32015834188604,3492.8544605133607,16.12%,
Batch7_relativeprices_newobj_MPC_7day_2024_09_23_FI_exact_actrate025,2025-06-07 19:31:42,2024-09-23,FI,complete_MPC,149.63173580169678,8080109.261871604,True,True,0.0,11.605432161081463,1.4910693989200965,13.991526966857547,9.740616724785063,22.55158053063912,1368.8398573086174,0.0,193.3346257644205,1175.505231544197,36.70%,
Batch7_relativeprices_newobj_MPC_7day_2024_09_30_NO2_exact_actrate025,2025-06-07 19:34:23,2024-09-30,NO2,complete_MPC,170.21839714050293,7960953.88124509,True,True,0.0,11.238438063340796,0.8746680599690563,13.089848048707651,10.286170242627447,22.32813189695153,3555.865040723984,199.8557029648621,77.18063076785812,3278.8287069912635,19.81%,
Batch7_relativeprices_newobj_MPC_7day_2024_09_30_SE1_exact_actrate025,2025-06-07 19:37:19,2024-09-30,SE1,complete_MPC,183.733900308609,8635551.030372858,True,False,0.4747520799448246,11.447908018659032,2.592973634751233,14.395464395148752,9.472856902650406,21.839358192616743,1986.587383946084,439.3813001863656,142.98933285726986,1404.216750902449,36.06%,
Batch7_relativeprices_newobj_MPC_7day_2024_09_30_DK1_exact_actrate025,2025-06-07 19:40:29,2024-09-30,DK1,complete_MPC,172.5979664325714,8112564.680800967,True,False,0.0235204913019337,11.35154473227499,0.684013354658201,13.389380354988754,10.329053119880967,22.29058978125964,4672.990149931367,14.160878705204592,298.9512529504342,4359.878018275728,14.08%,
Batch7_relativeprices_newobj_MPC_7day_2024_09_30_FI_exact_actrate025,2025-06-07 19:43:28,2024-09-30,FI,complete_MPC,124.26278924942017,7962676.231079627,True,True,0.0,11.588774278902214,0.4114591197148217,12.358472922453291,10.066029471163349,22.366857612444377,6215.546399763641,0.0,1394.94592404369,4820.600475719951,46.61%,
Batch7_relativeprices_newobj_MPC_7day_2024_10_07_NO2_exact_actrate025,2025-06-07 19:45:44,2024-10-07,NO2,complete_MPC,152.0883812904358,7844570.504746184,True,False,0.1203923323090272,11.08145488381419,0.5395491692110622,12.823215365152336,10.143387806469292,22.193717940252544,3146.2857682643444,359.20203174531173,51.50147396689661,2735.582262552136,20.06%,
Batch7_relativeprices_newobj_MPC_7day_2024_10_07_SE1_exact_actrate025,2025-06-07 19:48:22,2024-10-07,SE1,complete_MPC,168.18420267105105,8097398.445225241,True,False,0.0173755556216619,11.571726731525796,0.9161979500865636,13.012091219146456,10.268463417422463,22.29673471693991,1012.610658254695,385.7503756219291,46.7253988008008,580.134883831965,54.86%,
Batch7_relativeprices_newobj_MPC_7day_2024_10_07_DK1_exact_actrate025,2025-06-07 19:51:17,2024-10-07,DK1,complete_MPC,151.75977492332458,8099697.7710831715,True,False,0.3313900789473116,11.192336941910106,0.3079504184007493,12.169812730633971,10.389738896105309,21.98272019361426,3935.2496351152586,3.5693038453055608,204.02272301612217,3727.657608253831,15.57%,
Batch7_relativeprices_newobj_MPC_7day_2024_10_07_FI_exact_actrate025,2025-06-07 19:53:54,2024-10-07,FI,complete_MPC,121.68319487571716,8510978.74989495,True,False,0.4209785780270785,11.5673904908415,0.84034094160001,12.95924820493964,10.553545771873246,21.89313169453449,1185.3062593300133,0.0,114.5674432061669,1070.7388161238464,53.11%,
Batch7_relativeprices_newobj_MPC_7day_2024_10_14_NO2_exact_actrate025,2025-06-07 19:56:07,2024-10-14,NO2,complete_MPC,153.92540431022644,7866789.423775148,True,True,0.0,11.187407810890347,0.3298817024129355,12.20132711861254,10.368030791128229,22.44718572299482,2993.603560830153,128.67277545514548,75.39900850625385,2789.531776868754,18.46%,
Batch7_relativeprices_newobj_MPC_7day_2024_10_14_SE1_exact_actrate025,2025-06-07 19:58:48,2024-10-14,SE1,complete_MPC,149.81614565849304,7928220.774177038,True,False,0.1520679527624793,11.289755642668952,0.7145681991673707,12.877935881611007,10.368004103149758,22.16204231979909,655.4938461891129,490.98548224132736,42.72835060949767,121.78001333828789,85.46%,
Batch7_relativeprices_newobj_MPC_7day_2024_10_14_DK1_exact_actrate025,2025-06-07 20:01:24,2024-10-14,DK1,complete_MPC,163.7094008922577,8514770.154573644,True,True,0.0,11.792174053806198,2.484049549854122,15.139283303451158,10.32965542531582,22.35294479397997,5275.583534812558,12.656534299783878,571.2434951844571,4691.683505328318,16.66%,
Batch7_relativeprices_newobj_MPC_7day_2024_10_14_FI_exact_actrate025,2025-06-07 20:04:14,2024-10-14,FI,complete_MPC,120.39627265930176,8268725.967509177,True,False,0.1299530602660539,11.514570618508213,2.5563945799623946,14.788429455890274,9.718891880891723,22.18415721229552,1564.0046679340362,0.0,197.11959410377483,1366.8850738302613,42.91%,
Batch7_relativeprices_newobj_MPC_7day_2024_10_21_NO2_exact_actrate025,2025-06-07 20:06:25,2024-10-21,NO2,complete_MPC,148.98880696296692,7710898.16555023,True,True,0.0,10.946668633671251,0.2791068149943428,11.70895107314081,10.180772850564466,22.3729415988842,3169.251983170248,79.76210017593704,78.71187485969183,3010.778008134619,10.70%,
Batch7_relativeprices_newobj_MPC_7day_2024_10_21_SE1_exact_actrate025,2025-06-07 20:09:01,2024-10-21,SE1,complete_MPC,149.38726925849917,7878228.828518268,True,True,0.0,11.38126163569572,0.9575004247294288,13.391025387444104,9.73276292715058,22.94350685895156,93.01636896026493,304.61997527342464,43.08944344951915,-254.69304976267887,287.26%,
Batch7_relativeprices_newobj_MPC_7day_2024_10_21_DK1_exact_actrate025,2025-06-07 20:11:37,2024-10-21,DK1,complete_MPC,141.34988832473755,7759689.806888942,True,True,0.0,10.944485213362826,0.5231026961948451,13.192615660057944,10.371101728250936,22.33924372755234,6433.918273990339,10.493449308338146,185.66071818851373,6237.764106493487,15.50%,
Batch7_relativeprices_newobj_MPC_7day_2024_10_21_FI_exact_actrate025,2025-06-07 20:14:04,2024-10-21,FI,complete_MPC,181.71223163604736,12856315.384613656,False,False,11.819516329346389,0.0,0.0,0.0,0.0,0.0,-0.5612303002616075,0.0,0.0001877058688697,-0.5614180061304772,100.04%,"CM failed at iteration 0: Error in Opti::solve [OptiNode] at .../casadi/core/optistack.cpp:217:.../casadi/core/optistack_internal.cpp:1334: Assertion ""return_success(accept_limit)"" failed:Solver failed. You may use opti.debug.value to investigate the latest values of variables. return_status is 'Maximum_Iterations_Exceeded'"
Batch7_relativeprices_newobj_MPC_7day_2024_10_28_NO2_exact_actrate025,2025-06-07 20:17:17,2024-10-28,NO2,complete_MPC,160.19865441322327,7811440.94702413,True,True,0.0,11.161111974054988,0.6786523800418548,12.653830567572946,10.125908783312523,22.330385962512864,2991.455612234792,193.2336220194305,47.2442899488401,2750.9777002665205,23.79%,
Batch7_relativeprices_newobj_MPC_7day_2024_10_28_SE1_exact_actrate025,2025-06-07 20:20:04,2024-10-28,SE1,complete_MPC,139.64067220687866,8355280.303818094,True,False,0.2131024652806985,11.409026400182585,1.136804036719428,13.067897181076688,9.82142562516485,22.101007807280872,200.7123360690162,248.5770507267166,34.33981364211117,-82.20452829981157,132.42%,
Batch7_relativeprices_newobj_MPC_7day_2024_10_28_DK1_exact_actrate025,2025-06-07 20:22:30,2024-10-28,DK1,complete_MPC,137.6735966205597,7893005.882099352,True,True,0.0,11.166809140424444,0.5458368487606547,12.498747852826137,10.067835370181696,22.43456284172022,6025.470244720423,15.408266417547049,287.0252127724268,5723.036765530449,15.30%,
Batch7_relativeprices_newobj_MPC_7day_2024_10_28_FI_exact_actrate025,2025-06-07 20:24:53,2024-10-28,FI,complete_MPC,149.89624500274658,8156799.046087635,True,False,0.1042312398376879,11.53447903783437,1.3221465043099885,13.1920040011512,9.783868585143844,22.209879032723883,248.43601727859,0.0,40.82031282930987,207.6157044492801,83.85%,
Batch7_relativeprices_newobj_MPC_7day_2024_11_04_NO2_exact_actrate025,2025-06-07 20:27:34,2024-11-04,NO2,complete_MPC,159.16328477859497,7557579.990159721,True,True,0.0,10.80831949243906,0.3985697919939988,12.016326976406248,9.315093394842751,22.47752769185649,3750.104646049992,722.2474724525237,11.558713718778645,3016.29845987869,27.26%,
Batch7_relativeprices_newobj_MPC_7day_2024_11_04_SE1_exact_actrate025,2025-06-07 20:30:20,2024-11-04,SE1,complete_MPC,159.59135341644287,8331332.51361971,True,True,0.0,11.842478023968464,0.8448357005220895,13.587839700404922,10.368080993806617,22.901137203744742,1553.128269859115,180.0336629410474,296.3631193370284,1076.7314875810396,36.67%,
Batch7_relativeprices_newobj_MPC_7day_2024_11_04_DK1_exact_actrate025,2025-06-07 20:33:06,2024-11-04,DK1,complete_MPC,148.0467884540558,7695543.470754626,True,True,0.0,10.92839788671458,0.2712752670745698,12.049723084454062,10.137309196120228,22.48611487796069,8776.997248545687,34.84280433892794,258.750728779706,8483.403715427054,15.77%,
Batch7_relativeprices_newobj_MPC_7day_2024_11_04_FI_exact_actrate025,2025-06-07 20:35:41,2024-11-04,FI,complete_MPC,242.1357774734497,8251616.40893282,True,True,0.0,11.77547929829473,1.0042854912233632,13.289308922956522,10.346865903656363,22.33058718588533,2755.8079922055786,0.0,539.066099541141,2216.7418926644377,35.79%,
Batch7_relativeprices_newobj_MPC_7day_2024_11_11_NO2_exact_actrate025,2025-06-07 20:39:54,2024-11-11,NO2,complete_MPC,163.94937777519226,7812333.348545103,True,False,0.146195902228758,10.78146107755017,0.4790658159729283,12.578155642284257,9.841783965287007,22.167914370332813,3607.618167383994,344.2936215577879,18.976173246772564,3244.348372579433,25.90%,
Batch7_relativeprices_newobj_MPC_7day_2024_11_11_SE1_exact_actrate025,2025-06-07 20:42:45,2024-11-11,SE1,complete_MPC,158.94228625297546,8137614.603549257,True,True,0.0,11.651721720715472,0.9058618275352626,13.274143245814756,9.90376410713244,22.349266669623173,902.4044299469526,371.4374634094136,159.14019253284218,371.82677400469686,70.45%,
Batch7_relativeprices_newobj_MPC_7day_2024_11_11_DK1_exact_actrate025,2025-06-07 20:45:30,2024-11-11,DK1,complete_MPC,137.48275470733645,8131901.828027737,True,False,0.1059044007962377,11.425822371910328,0.6870914520282364,12.890295871350048,10.044282452784046,22.208205871765333,7260.028204749146,10.709052578321051,332.51356586033364,6916.805586310491,19.64%,
Batch7_relativeprices_newobj_MPC_7day_2024_11_11_FI_exact_actrate025,2025-06-07 20:47:54,2024-11-11,FI,complete_MPC,134.977787733078,8247429.918640088,True,True,0.0,11.711689672261231,1.359839387900234,13.249762944335934,10.143434189627309,22.458126487745204,1711.786976372635,12.834831909047464,112.00055190700614,1586.9515925565815,33.39%,
Batch7_relativeprices_newobj_MPC_7day_2024_11_18_NO2_exact_actrate025,2025-06-07 20:50:20,2024-11-18,NO2,complete_MPC,167.68192291259766,7917396.112216073,True,False,0.2240585786673961,11.107796281229762,0.6388145443513815,12.606948772328856,9.436436787986402,22.09005169389417,6156.478753568768,990.6027886145588,123.93972773179064,5041.93623722242,30.14%,
Batch7_relativeprices_newobj_MPC_7day_2024_11_18_SE1_exact_actrate025,2025-06-07 20:53:14,2024-11-18,SE1,complete_MPC,161.51298022270203,8246658.316064684,True,True,0.0,11.84117605585378,1.320922744860341,13.897357037709655,10.398646720065734,23.518516056855525,2176.251298935791,431.45256341706806,161.7658055574581,1583.032929961265,43.54%,
Batch7_relativeprices_newobj_MPC_7day_2024_11_18_DK1_exact_actrate025,2025-06-07 20:56:02,2024-11-18,DK1,complete_MPC,146.81329703330994,7647909.00548333,True,True,0.0,11.09326934549543,0.4267890389990704,12.632148786054373,10.453874427868058,22.33055793700885,6657.124379861433,24.915985899062683,105.31101771022604,6526.897376252145,16.37%,
Batch7_relativeprices_newobj_MPC_7day_2024_11_18_FI_exact_actrate025,2025-06-07 20:58:35,2024-11-18,FI,complete_MPC,152.35448288917542,7890102.059439391,True,True,0.0,11.359150530116471,1.0920706086657768,13.203681642522628,9.943763209170278,22.462328777506272,4455.067117728373,77.60788560797701,270.51070397084067,4106.948528149555,31.36%,
Batch7_relativeprices_newobj_MPC_7day_2024_11_25_NO2_exact_actrate025,2025-06-07 21:01:18,2024-11-25,NO2,complete_MPC,144.10092306137085,7863661.018273898,True,True,0.0,11.21359867106551,0.5451433577528675,12.973603103374623,10.44908631738781,22.56158104108033,4050.2653133961767,389.6736928831036,138.23997569128997,3522.351644821783,18.05%,
Batch7_relativeprices_newobj_MPC_7day_2024_11_25_SE1_exact_actrate025,2025-06-07 21:03:49,2024-11-25,SE1,complete_MPC,150.63645577430725,8201616.705787906,True,True,0.0,11.728544697829404,0.4915515780023117,12.877570976802703,10.782204718435118,23.191764267006743,2050.0217103151545,284.6436644350073,296.4716533344238,1468.9063925457233,35.65%,
Batch7_relativeprices_newobj_MPC_7day_2024_11_25_DK1_exact_actrate025,2025-06-07 21:06:26,2024-11-25,DK1,complete_MPC,149.92058563232422,7997914.83306227,True,True,0.0,11.4214925115632,0.4962776075303692,13.230388398315618,10.40372472110203,22.65814254131578,5935.817525841985,28.995797163483864,233.9956594331057,5672.826069245395,16.88%,
Batch7_relativeprices_newobj_MPC_7day_2024_11_25_FI_exact_actrate025,2025-06-07 21:09:03,2024-11-25,FI,complete_MPC,162.7236487865448,8142749.55302094,True,True,0.0,11.687734005057315,0.4297563797002366,12.532980122542185,10.676553391523012,23.3977894200624,3335.919567692041,116.37457122601408,496.1298521530088,2723.4151443130177,34.19%,
Batch7_relativeprices_newobj_MPC_7day_2024_12_02_NO2_exact_actrate025,2025-06-07 21:11:57,2024-12-02,NO2,complete_MPC,149.30561470985413,7940729.615998277,True,False,0.0893602272950779,11.214455924923556,0.7161845728053318,12.67199964196353,9.785295804373668,22.224750045266493,4753.571756861687,550.0061581489193,189.62784277477,4013.937755937999,33.18%,
Batch7_relativeprices_newobj_MPC_7day_2024_12_02_SE1_exact_actrate025,2025-06-07 21:14:33,2024-12-02,SE1,complete_MPC,164.0652379989624,8334638.947925707,True,True,0.0,11.612133583716014,1.1091614683579956,14.087725783018897,10.546719622115305,22.96666302406037,1085.5360835915249,412.2327775762205,183.91056317747208,489.39274283783226,70.26%,
Batch7_relativeprices_newobj_MPC_7day_2024_12_02_DK1_exact_actrate025,2025-06-07 21:17:23,2024-12-02,DK1,complete_MPC,140.51951670646667,7852156.927226269,True,True,0.0,11.363111154196291,0.3291087413513637,12.151271184514783,10.312896957944847,22.842769530579247,6977.28101780049,69.61966728936378,357.415425456348,6550.245925054778,18.10%,
Batch7_relativeprices_newobj_MPC_7day_2024_12_02_FI_exact_actrate025,2025-06-07 21:19:51,2024-12-02,FI,complete_MPC,161.9490263462067,7993949.950593673,True,True,0.0,11.484774776379409,0.7039288208167215,12.912555567165718,10.34676386333507,22.428130469575187,3100.033176657796,64.02453482873663,257.7144637972137,2778.2941780318456,42.97%,
Batch7_relativeprices_newobj_MPC_7day_2024_12_09_NO2_exact_actrate025,2025-06-07 21:22:44,2024-12-09,NO2,complete_MPC,139.24713110923767,8089185.446635685,True,False,0.0960486666368432,11.14839887305775,0.7896306521082115,12.71258486384719,9.89372201261252,22.218061605924728,8239.316509708417,1130.249242321847,752.7472138834509,6356.320053503118,43.86%,
Batch7_relativeprices_newobj_MPC_7day_2024_12_09_SE1_exact_actrate025,2025-06-07 21:25:10,2024-12-09,SE1,complete_MPC,147.37819290161133,8115476.218138922,True,False,0.022679778180688,11.43936052223996,1.5191206205354857,13.778822150652964,9.129212146630088,22.291430494380883,667.3226096852328,674.3979817181782,102.58216116177,-109.65753319471544,112.96%,
Batch7_relativeprices_newobj_MPC_7day_2024_12_09_DK1_exact_actrate025,2025-06-07 21:27:44,2024-12-09,DK1,complete_MPC,135.69796299934387,8156948.897799048,True,False,0.2837317643583859,11.034228651785886,0.697564077546554,12.776293524385942,9.846781116808828,22.030378508203185,9831.390809190065,176.50963653724378,1063.8848393656206,8590.9963332872,39.06%,
Batch7_relativeprices_newobj_MPC_7day_2024_12_09_FI_exact_actrate025,2025-06-07 21:30:06,2024-12-09,FI,complete_MPC,138.71162223815918,8226021.36774932,True,False,0.0849279323145637,11.593380086577108,2.3052999754474346,14.120131133016518,8.18177309911492,22.229182340247007,1926.9328981462395,95.08210770977956,616.156888032913,1215.6939024035469,67.96%,
Batch7_relativeprices_newobj_MPC_7day_2024_12_16_NO2_exact_actrate025,2025-06-07 21:32:36,2024-12-16,NO2,complete_MPC,160.5030438899994,8037550.153217237,True,True,0.0,11.37021349072426,1.8844494049331983,14.041577153732849,9.762806953440132,22.560229709239767,1914.619042562609,145.0636996589448,40.698383624821446,1728.8569592788424,22.87%,
Batch7_relativeprices_newobj_MPC_7day_2024_12_16_SE1_exact_actrate025,2025-06-07 21:35:24,2024-12-16,SE1,complete_MPC,156.9906928539276,8267731.651820037,True,True,0.0,11.686110249349554,1.4846741183447678,14.353472811231502,9.117234380817044,22.41926260552692,884.1076795567787,328.6200543586865,90.95461723352564,464.5330079645666,56.79%,
Batch7_relativeprices_newobj_MPC_7day_2024_12_16_DK1_exact_actrate025,2025-06-07 21:38:07,2024-12-16,DK1,complete_MPC,148.37771725654602,8023995.812518586,True,True,0.0,11.48337627861572,0.8971661747196292,13.531984660387389,10.394017169843456,22.4014148389057,1637.8008561560075,16.556045556342287,20.152934240303185,1601.091876359362,31.85%,
Batch7_relativeprices_newobj_MPC_7day_2024_12_16_FI_exact_actrate025,2025-06-07 21:40:42,2024-12-16,FI,complete_MPC,147.721999168396,8114400.555135182,True,True,0.0,11.479647628997032,1.9612402310164336,14.20995236324728,9.467314434274162,22.32499437107529,2806.4763903891253,121.5218734673436,454.9157209478097,2230.038795973972,55.59%,
Batch7_relativeprices_newobj_MPC_7day_2024_12_23_NO2_exact_actrate025,2025-06-07 21:43:21,2024-12-23,NO2,complete_MPC,168.61259412765503,7920111.214581397,True,False,0.19841357392405,10.9625542375081,0.673537664858211,12.98699998765047,10.150970582917148,22.11569669863752,2761.193161010355,192.3191587974245,74.79953533257013,2494.0744668803604,16.44%,
Batch7_relativeprices_newobj_MPC_7day_2024_12_23_SE1_exact_actrate025,2025-06-07 21:46:16,2024-12-23,SE1,complete_MPC,155.56606197357178,8477745.943477513,True,True,0.0,11.921712073698526,3.0983657395731847,14.779365595752928,7.944893045252769,22.988295052667794,700.9971172498038,268.97384214911744,218.97926852033183,213.04400658035445,69.38%,
Batch7_relativeprices_newobj_MPC_7day_2024_12_23_DK1_exact_actrate025,2025-06-07 21:48:59,2024-12-23,DK1,complete_MPC,139.30070042610168,7891748.588135595,True,True,0.0,11.117650967747467,0.7001515061348899,13.334414828734335,10.184937583876165,22.41052997412169,7433.625643037192,34.720936884866745,371.3258551538894,7027.578850998436,13.77%,
Batch7_relativeprices_newobj_MPC_7day_2024_12_23_FI_exact_actrate025,2025-06-07 21:51:24,2024-12-23,FI,complete_MPC,139.62156510353088,8265511.264080605,True,True,0.0,11.88695137811671,0.42989077895440286,13.011604238980603,10.80349894435362,23.066194037239917,1328.0005279284676,116.81899571399418,189.15000953221966,1022.0315226822538,33.19%,
