sim_name,sim_date,simulation_day,bidding_zone,run_id,elapsed_time,f,Ran Successfully,Reached Weightgoal,eps,DLI_avg,DLI variance,DLI_max,DLI_min,Final fresh weight,Costs,CM Earnings Up,CM Earnings Down,CM Earnings,AM Earnings Up,AM Earnings Down,AM Earnings,Total,Cost Reduction,Termination Message
Batch8_trimmedprices_MPC_7day_2024_04_01_NO2_est_actrate025,2025-06-12 09:49:07,2024-04-01,NO2,complete_MPC,180.2764675617218,7491107.527289579,True,False,0.0307350169554148,10.829737121033435,0.9863507220091026,12.87894285544197,9.126059646804684,22.28337525560616,3407.400247166161,101.63141523334778,51.34763848962913,152.97905372297691,21.51006811702607,-34.45795173887872,-12.94788362185265,3267.369077065037,19.51%,
Batch8_trimmedprices_MPC_7day_2024_04_01_SE1_est_actrate025,2025-06-12 09:52:15,2024-04-01,SE1,complete_MPC,163.0168914794922,7798501.763443417,True,False,0.0865867441546832,11.15471652911228,0.8709391276149578,12.81075459886572,9.652687691199596,22.227523528406888,2645.824609127916,209.09131429119344,1227.9722262907244,1437.0635405819178,15.758925233655988,-80.40236803741834,-64.64344280376235,1273.4045113497607,60.49%,
Batch8_trimmedprices_MPC_7day_2024_04_01_DK1_est_actrate025,2025-06-12 09:55:05,2024-04-01,DK1,complete_MPC,183.12749552726743,7817769.2845116975,True,True,0.0,11.339547861086723,1.1257925891828575,12.925578802678658,9.5401428596844,22.31929663838172,3105.4794860573584,13.090126463403932,0.0,13.090126463403932,53.97781690585815,-138.12925850314315,-84.151441597285,3176.54080119124,21.65%,
Batch8_trimmedprices_MPC_7day_2024_04_01_FI_est_actrate025,2025-06-12 09:58:15,2024-04-01,FI,complete_MPC,230.78378915786743,7903867.382761481,True,False,0.2448802999871802,11.119887719789244,0.7343502683241632,12.613446668194747,9.930729428884064,22.06922997257439,2593.6735371789773,0.0,0.0,0.0,34.691030900282904,-71.10486497296552,-36.41383407268261,2630.08737125166,26.70%,
Batch8_trimmedprices_MPC_7day_2024_04_08_NO2_est_actrate025,2025-06-12 10:02:18,2024-04-08,NO2,complete_MPC,199.70723152160645,7909898.3895240305,True,True,0.0,11.307160450731176,0.8786316500290787,13.572875243347756,10.16101693317908,22.3360463041862,2286.8864298512085,98.18541045959012,73.75670657630637,171.9421170358965,7.507992152599285,-70.12147967594863,-62.61348752334935,2177.5578003386613,18.95%,
Batch8_trimmedprices_MPC_7day_2024_04_08_SE1_est_actrate025,2025-06-12 10:05:46,2024-04-08,SE1,complete_MPC,205.22053027153007,8102818.377666891,True,True,0.0,11.50350619996839,0.4829038850872763,13.558667774967455,10.92643013758331,22.5219921085002,900.333833630106,259.62272222910906,739.011703823908,998.634426053017,24.664480275898377,-85.82476726876546,-61.16028699286708,-37.14030543004392,102.67%,
Batch8_trimmedprices_MPC_7day_2024_04_08_DK1_est_actrate025,2025-06-12 10:09:20,2024-04-08,DK1,complete_MPC,208.91646790504456,7949384.683203067,True,True,0.0,11.594911373382768,0.5934726781632083,12.791860236006656,10.291915781737472,22.50184812195127,1570.5651347820608,11.733687929724184,0.0,11.733687929724184,30.226040501573376,-185.45394174797147,-155.2279012463981,1714.0593480987343,26.47%,
Batch8_trimmedprices_MPC_7day_2024_04_08_FI_est_actrate025,2025-06-12 10:12:56,2024-04-08,FI,complete_MPC,170.4211835861206,8090134.564745483,True,True,0.0,11.605048095243358,1.0305946750269723,13.37388534037988,10.090163106469523,22.453137555005974,1041.5081418481518,0.0,0.0,0.0,22.554526665004687,-78.64763942734193,-56.09311276233724,1097.6012546104891,36.14%,
Batch8_trimmedprices_MPC_7day_2024_04_15_NO2_est_actrate025,2025-06-12 10:15:59,2024-04-15,NO2,complete_MPC,161.67218899726868,8081379.252009765,True,True,0.0,11.519741238201629,0.748689552116688,12.944689644358633,10.134484012055538,22.97287739497733,4177.295243447455,107.53952371725627,36.461633277814855,144.00115699507114,8.051062726325044,-143.9043309246278,-135.85326819830274,4169.147354650686,14.80%,
Batch8_trimmedprices_MPC_7day_2024_04_15_SE1_est_actrate025,2025-06-12 10:18:48,2024-04-15,SE1,complete_MPC,170.880136013031,8129040.116996978,True,False,0.0684695037906415,11.38317203583709,0.6441342393504966,13.27695406327037,10.072807892480448,22.24564076877093,3652.1770697148377,128.48293901650925,318.36390283462464,446.8468418511339,20.127541821444748,-124.32671003918256,-104.19916821773782,3309.529396081441,25.86%,
Batch8_trimmedprices_MPC_7day_2024_04_15_DK1_est_actrate025,2025-06-12 10:21:46,2024-04-15,DK1,complete_MPC,209.80500674247745,8145223.711463956,True,False,0.1938894396760986,11.149032253501948,0.9855115582484874,13.204651060556394,10.02730042249722,22.120220832885472,4633.001044922768,7.158191154871313,0.0,7.158191154871313,46.64151181398873,-199.4191417740181,-152.77762996002937,4778.620483727927,18.64%,
Batch8_trimmedprices_MPC_7day_2024_04_15_FI_est_actrate025,2025-06-12 10:25:22,2024-04-15,FI,complete_MPC,179.15344643592834,8203349.474334863,True,False,0.0355026435443761,11.39315258647144,0.968396963336092,13.97325105808502,10.184975087353934,22.278607629017195,3698.165584619289,0.0,0.0,0.0,40.75215394874451,-224.381828254596,-183.6296743058515,3881.795258925141,22.50%,
Batch8_trimmedprices_MPC_7day_2024_04_22_NO2_est_actrate025,2025-06-12 10:28:33,2024-04-22,NO2,complete_MPC,159.0657181739807,7910306.869122891,True,False,0.4077364710557489,10.725327530857976,0.2899004451977013,11.466201986512884,9.649808164924297,21.906373801505826,5062.834973590038,136.85194805222852,29.901212444589056,166.75316049681757,25.068114438159547,-34.40943090536153,-9.341316467201985,4905.423129560423,17.74%,
Batch8_trimmedprices_MPC_7day_2024_04_22_SE1_est_actrate025,2025-06-12 10:31:19,2024-04-22,SE1,complete_MPC,175.12108492851257,7981503.520239685,True,True,0.0,11.30193145521333,0.5868631481448943,12.92031633102932,10.266912576508176,22.43335953589778,5246.879278972633,190.2560701921481,144.1451596178241,334.40122980997216,46.23317263676951,-221.68351359512872,-175.45034095835922,5087.92839012102,17.81%,
Batch8_trimmedprices_MPC_7day_2024_04_22_DK1_est_actrate025,2025-06-12 10:34:21,2024-04-22,DK1,complete_MPC,205.3157181739807,7859061.020976407,True,False,0.0848732792243858,11.147461788078392,0.2931385740119114,11.845973873295913,10.119410709266234,22.229236993337185,5468.001736061053,5.225844401901753,0.0,5.225844401901753,62.22185635021082,-134.55832652926304,-72.33647017905221,5535.112361838204,16.74%,
Batch8_trimmedprices_MPC_7day_2024_04_22_FI_est_actrate025,2025-06-12 10:37:53,2024-04-22,FI,complete_MPC,158.89841723442078,7889594.143098522,True,False,0.1860250268687693,11.089503007180392,0.5521140268785057,12.12444628175751,9.632325080506812,22.1280852456928,5426.961438473268,0.0,0.0,0.0,106.5710067970372,-276.57865683438536,-170.00765003734813,5596.969088510616,16.17%,
Batch8_trimmedprices_MPC_7day_2024_04_29_NO2_est_actrate025,2025-06-12 10:40:44,2024-04-29,NO2,complete_MPC,175.44680547714233,8130821.618587438,True,True,0.0,11.545562513983922,0.425093038993149,12.890655945152236,10.367923132441334,22.489743394147325,2716.0690403485232,595.9972020529264,56.0616468673084,652.0588489202347,11.718097398627604,-99.865446798452,-88.1473493998244,2152.1575408281133,33.00%,
Batch8_trimmedprices_MPC_7day_2024_04_29_SE1_est_actrate025,2025-06-12 10:43:46,2024-04-29,SE1,complete_MPC,209.4569444656372,8130595.778561063,True,True,0.0,11.480878201918102,0.60547722769778,13.173090995600806,10.47752163948633,22.98167328237676,2048.8850380060026,575.7914626623144,312.30488356955715,888.0963462318716,26.50370330487485,-153.96074262055967,-127.45703931568482,1288.2457310898158,49.25%,
Batch8_trimmedprices_MPC_7day_2024_04_29_DK1_est_actrate025,2025-06-12 10:47:22,2024-04-29,DK1,complete_MPC,179.04235696792605,8284828.293375181,True,True,0.0,11.720128727006486,0.7630657809389866,13.087962964171716,10.36797983589554,22.523296755776503,2770.797149062272,12.684327904844192,0.0,12.684327904844192,134.9090129226591,-184.23775528621616,-49.32874236355707,2807.441563520985,26.46%,
Batch8_trimmedprices_MPC_7day_2024_04_29_FI_est_actrate025,2025-06-12 10:50:28,2024-04-29,FI,complete_MPC,154.7769796848297,8129373.5844736975,True,True,0.0,11.52987209560946,0.7019089956908423,12.684750387424607,10.359344907760416,22.461442383423908,2796.8853232912115,0.0,0.0,0.0,0.001593850012168,-539.9449874275838,-539.9433935775717,3336.828716868783,27.67%,
Batch8_trimmedprices_MPC_7day_2024_05_06_NO2_est_actrate025,2025-06-12 10:53:14,2024-05-06,NO2,complete_MPC,165.1570167541504,7548198.48817263,True,True,0.0,10.817086784955292,0.8904215942971756,13.04314157514591,9.901943344399108,22.421721568671256,3404.876784179767,195.89997731414,53.79279059065769,249.6927679047977,6.900292578907583,-52.87702204897321,-45.97672947006563,3201.160745745035,24.48%,
Batch8_trimmedprices_MPC_7day_2024_05_06_SE1_est_actrate025,2025-06-12 10:56:07,2024-05-06,SE1,complete_MPC,146.48222136497498,7886115.899138475,True,True,0.0,11.352511893603175,0.6689280177673926,12.65907636437884,10.264530128708014,22.60460539134951,1520.0961756083834,57.13404802423544,386.9281429706697,444.0621909949051,4.777507731720154,-44.99302338901846,-40.21551565729831,1116.2495002707767,43.43%,
Batch8_trimmedprices_MPC_7day_2024_05_06_DK1_est_actrate025,2025-06-12 10:58:40,2024-05-06,DK1,complete_MPC,163.46564555168152,7689039.938337003,True,False,0.0107712017305487,11.01282650365497,0.2144104695792443,12.055275499487609,10.368000405393689,22.303339070831026,4062.532345412438,9.28972322809597,0.0,9.28972322809597,75.65888053218062,-131.71816924202545,-56.05928870984481,4109.301910894187,22.77%,
Batch8_trimmedprices_MPC_7day_2024_05_06_FI_est_actrate025,2025-06-12 11:01:30,2024-05-06,FI,complete_MPC,146.85078525543213,8030350.411329025,True,True,0.0,11.54806879179182,0.8077612070270994,12.76671682143988,10.280722937518236,22.61701812349421,2048.1491956519103,0.0,0.0,0.0,2.180063771294198,-68.77413505352445,-66.59407128223025,2114.7432669341406,45.02%,
Batch8_trimmedprices_MPC_7day_2024_05_13_NO2_est_actrate025,2025-06-12 11:04:08,2024-05-13,NO2,complete_MPC,165.35595536231995,8144774.327939174,True,False,0.1790614447879761,11.145557935603934,0.961077343908008,13.33439482249846,10.279636761223692,22.135048827773595,1475.0662006754003,90.24837384215829,62.14992948031015,152.39830332246845,2.801160305526192,-33.81488953885558,-31.01372923332939,1353.6816265862612,28.74%,
Batch8_trimmedprices_MPC_7day_2024_05_13_SE1_est_actrate025,2025-06-12 11:07:01,2024-05-13,SE1,complete_MPC,171.3314847946167,7968787.21433805,True,True,0.0,11.266693489649224,1.2874563456073156,13.29303462527974,9.540316979848846,22.43781012819912,338.7507801143765,80.01866628656055,552.6215657690047,632.6402320555653,22.81569199558368,-49.35390998845253,-26.538217992868848,-267.35123394832,137.71%,
Batch8_trimmedprices_MPC_7day_2024_05_13_DK1_est_actrate025,2025-06-12 11:09:59,2024-05-13,DK1,complete_MPC,152.01069235801697,8076517.407980987,True,False,0.0304453188725979,11.29876955521067,0.9927165163318392,13.182100090461084,10.161206621267556,22.283664953688973,1277.9920782607603,13.473189336340536,0.0,13.473189336340536,24.45530021394136,-31.759221688132502,-7.303921474191146,1271.822810398611,43.49%,
Batch8_trimmedprices_MPC_7day_2024_05_13_FI_est_actrate025,2025-06-12 11:12:38,2024-05-13,FI,complete_MPC,138.682519197464,7995741.616738193,True,True,0.0,11.54998406036134,1.0060440414946954,13.153772403134596,10.368000870290937,22.572605548178164,1052.7387794600186,0.0,0.0,0.0,0.9759988090765976,-29.90605220181858,-28.930053392741986,1081.6688328527605,56.91%,
Batch8_trimmedprices_MPC_7day_2024_05_20_NO2_est_actrate025,2025-06-12 11:15:08,2024-05-20,NO2,complete_MPC,159.0247941017151,7622286.970127183,True,True,0.0,10.798782031951587,0.304021546904459,11.71071108844084,9.85593281969964,22.34684854098995,3145.200619583261,127.80907326235452,59.90327327384399,187.7123465361985,17.988299256895004,-46.42471709844303,-28.43641784154802,2985.9246908886107,17.76%,
Batch8_trimmedprices_MPC_7day_2024_05_20_SE1_est_actrate025,2025-06-12 11:17:54,2024-05-20,SE1,complete_MPC,172.1650092601776,8181203.815153315,True,False,0.2032983665794177,11.35614135783774,1.068994591683733,13.531272814847178,9.74726106737689,22.11081190598216,410.1815995632604,147.68501688302058,262.9015080357018,410.5865249187224,28.52090690549563,-35.41492057162608,-6.894013666130448,6.489088310668436,99.26%,
Batch8_trimmedprices_MPC_7day_2024_05_20_DK1_est_actrate025,2025-06-12 11:20:53,2024-05-20,DK1,complete_MPC,169.81402564048767,7811459.9582728995,True,True,0.0,11.13314265597314,1.4892770472909325,13.588723695057492,9.411020838767747,22.375815341572444,4099.313188222883,14.622439590637516,0.0,14.622439590637516,265.6403376914584,-239.3007554328989,26.33958225855946,4058.351166373686,23.48%,
Batch8_trimmedprices_MPC_7day_2024_05_20_FI_est_actrate025,2025-06-12 11:23:50,2024-05-20,FI,complete_MPC,139.18515801429749,7953529.530109349,True,False,0.057033727424443,11.491751493744026,0.908640429027826,12.740641000489532,10.36801012217374,22.257076545137128,389.0386462480682,0.0,0.0,0.0,1.2899248836892354,-10.497734899080717,-9.207810015391482,398.24645626345966,57.96%,
Batch8_trimmedprices_MPC_7day_2024_05_27_NO2_est_actrate025,2025-06-12 11:26:21,2024-05-27,NO2,complete_MPC,145.72461867332458,7772420.574133693,True,True,0.0,11.213823581262428,0.4318650023329897,12.619498512363316,10.366995167876157,22.36533306324789,3657.435579116797,237.86464831952367,39.44102036066084,277.3056686801846,3.414229289759037,-77.48902565577197,-74.07479636601293,3454.204706802625,18.54%,
Batch8_trimmedprices_MPC_7day_2024_05_27_SE1_est_actrate025,2025-06-12 11:28:53,2024-05-27,SE1,complete_MPC,138.34153270721436,7816732.169456323,True,True,0.0,11.260767249210662,0.7040524575785129,12.977768706259944,10.367998266245252,22.35153590404372,470.7225247925952,94.79747158670254,261.56148418721693,356.3589557739195,30.16079899677801,-15.194925256464176,14.96587374031383,99.3976952783619,85.88%,
Batch8_trimmedprices_MPC_7day_2024_05_27_DK1_est_actrate025,2025-06-12 11:31:18,2024-05-27,DK1,complete_MPC,160.59782552719116,7706508.375498988,True,True,0.0,11.186586071276135,0.5902613604180728,12.621224038507108,10.329009633042425,22.320238310493647,4620.747882759779,14.839288603282917,0.0,14.839288603282917,27.203593346253392,-191.8966274994428,-164.6930341531894,4770.601628309686,14.48%,
Batch8_trimmedprices_MPC_7day_2024_05_27_FI_est_actrate025,2025-06-12 11:34:06,2024-05-27,FI,complete_MPC,159.1215798854828,8094203.857730762,True,True,0.0,11.58574126368565,0.8499897057438051,13.174599360369186,10.196177522195711,22.52085269841019,1159.9249654915902,0.0,0.0,0.0,40.71434636147744,-287.902804799148,-247.18845843767053,1407.1134239292608,43.72%,
Batch8_trimmedprices_MPC_7day_2024_06_03_NO2_est_actrate025,2025-06-12 11:36:57,2024-06-03,NO2,complete_MPC,172.97031235694885,7981163.040933519,True,False,0.0427408797393269,11.380162164622885,0.6084282102709284,13.034500763492789,10.161164312124306,22.271369392822244,2744.78562805632,150.38294525506797,63.57756867203007,213.960513927098,8.392832034616283,-159.48924588348729,-151.096413848871,2681.9215279780933,20.45%,
Batch8_trimmedprices_MPC_7day_2024_06_03_SE1_est_actrate025,2025-06-12 11:39:57,2024-06-03,SE1,complete_MPC,144.4605598449707,8165528.680074306,True,False,0.282578130712217,11.247805290406216,0.6725775388066165,13.097234173272884,10.07326289469519,22.03153214184936,564.4393961249336,162.69232008018503,456.4869155813121,619.1792356614972,49.7358049177643,-63.06679583144587,-13.330990913681577,-41.40884862288195,104.16%,
Batch8_trimmedprices_MPC_7day_2024_06_03_DK1_est_actrate025,2025-06-12 11:42:28,2024-06-03,DK1,complete_MPC,163.0102949142456,8051657.5586004015,True,False,0.0146780453289814,11.488523063331412,1.3478514081978676,13.58107172239323,10.169016305876916,22.29943222723259,3372.79350743689,13.113085114074746,0.0,13.113085114074746,84.44255479194979,-311.68157840501897,-227.2390236130692,3586.919445935885,22.80%,
Batch8_trimmedprices_MPC_7day_2024_06_03_FI_est_actrate025,2025-06-12 11:45:17,2024-06-03,FI,complete_MPC,138.51833534240723,8284053.392961273,True,False,0.206367408775467,11.38069441755176,1.1414259546312695,14.325317357367368,10.368007201503293,22.107742863786104,1587.0769556550615,0.0,0.0,0.0,8.22233890324137,-279.69793604343954,-271.47559714019815,1858.55255279526,46.63%,
Batch8_trimmedprices_MPC_7day_2024_06_10_NO2_est_actrate025,2025-06-12 11:47:48,2024-06-10,NO2,complete_MPC,170.99860095977783,8000937.520674301,True,True,0.0,11.4061675443816,1.05957787493784,13.754040738630492,10.15219454831739,22.658475604309064,2548.12991315035,617.262793425173,52.01094314544133,669.2737365706142,9.298000799897286,-118.28599556155667,-108.9879947616594,1987.8441713413952,37.42%,
Batch8_trimmedprices_MPC_7day_2024_06_10_SE1_est_actrate025,2025-06-12 11:50:46,2024-06-10,SE1,complete_MPC,143.4140031337738,7752818.87070415,True,True,0.0,11.21774406640495,0.2249895730960345,11.99741701828323,10.309426565195722,22.445504330496,2075.6474493769733,111.73496675328724,403.0043564542576,514.7393232075449,4.660166253278757,-62.44353157393846,-57.7833653206597,1618.691491490088,35.93%,
Batch8_trimmedprices_MPC_7day_2024_06_10_DK1_est_actrate025,2025-06-12 11:53:16,2024-06-10,DK1,complete_MPC,151.77549028396606,8242804.337195164,True,False,0.0591771572948687,11.49920801312279,0.8906644694911592,14.111297799243578,10.394608940001248,22.254933115266702,2920.647260501308,10.48317749133729,0.0,10.48317749133729,32.84614953770809,-370.2752562293118,-337.4291066916037,3247.593189701574,19.04%,
Batch8_trimmedprices_MPC_7day_2024_06_10_FI_est_actrate025,2025-06-12 11:55:54,2024-06-10,FI,complete_MPC,120.54238986968994,8058309.497179255,True,False,0.1672700166572376,11.463379138093048,0.6155801594884631,12.87099584068246,10.018664449299663,22.146840255904333,2900.092401971796,0.0,0.0,0.0,7.426917628209527,-356.6356942423077,-349.20877661409816,3249.301178585894,31.71%,
Batch8_trimmedprices_MPC_7day_2024_06_17_NO2_est_actrate025,2025-06-12 11:58:07,2024-06-17,NO2,complete_MPC,155.89459085464478,7759342.767143141,True,True,0.0,11.029009526166227,0.2833296948869448,12.18672098500904,10.368000675511986,22.42487204308967,3623.788679045905,624.9674165286444,26.43923061704761,651.4066471456921,3.237963300060249,-62.0307694061839,-58.79280610612365,3031.174838006337,31.72%,
Batch8_trimmedprices_MPC_7day_2024_06_17_SE1_est_actrate025,2025-06-12 12:00:50,2024-06-17,SE1,complete_MPC,159.31863856315613,7852345.821867904,True,True,0.0,11.244128552592745,0.3469440950575967,12.551057605493137,10.366650091657064,22.701193118054867,1737.1456877142334,72.29539831326957,489.8722621153638,562.1676604286333,26.13020274986038,-62.374469141157576,-36.2442663912972,1211.2222936768974,43.74%,
Batch8_trimmedprices_MPC_7day_2024_06_17_DK1_est_actrate025,2025-06-12 12:03:36,2024-06-17,DK1,complete_MPC,144.71285796165466,8014519.408582422,True,True,0.0,11.407076510364124,0.4902293720201011,12.772962755641018,10.442288629612523,22.45931083029905,4831.447168015916,9.044323070033949,0.0,9.044323070033949,135.96244669833737,-228.63285329211288,-92.67040659377554,4915.073251539658,19.73%,
Batch8_trimmedprices_MPC_7day_2024_06_17_FI_est_actrate025,2025-06-12 12:06:07,2024-06-17,FI,complete_MPC,131.60807466506958,7920748.586313302,True,True,0.0,11.507367367342194,0.7721588318832543,12.931008882281432,10.368001809373904,22.489644954448007,1152.849165506895,0.0,0.0,0.0,11.50526385305246,-39.221300347744446,-27.716036494691984,1180.5652020015868,45.84%,
Batch8_trimmedprices_MPC_7day_2024_06_24_NO2_est_actrate025,2025-06-12 12:08:31,2024-06-24,NO2,complete_MPC,162.40796208381653,8059752.213418371,True,False,0.2478714461953224,10.97577806794146,0.3762020960762129,12.1448966208824,9.794072770672004,22.06623882636625,2485.3266147311047,232.09596507742776,39.19314530067437,271.2891103781021,23.34547774929354,-89.78541785141104,-66.4399401021175,2280.47744445512,22.20%,
Batch8_trimmedprices_MPC_7day_2024_06_24_SE1_est_actrate025,2025-06-12 12:11:20,2024-06-24,SE1,complete_MPC,144.42267990112305,8139966.625864978,True,False,0.2998537737721918,11.141129558706684,0.8205917153234714,12.27654010539196,9.65957363819644,22.01425649878938,1411.057360037692,88.01720740216268,273.0884991096087,361.10570651177136,35.55715657397309,-113.33298159474155,-77.77582502076847,1127.727478546689,36.65%,
Batch8_trimmedprices_MPC_7day_2024_06_24_DK1_est_actrate025,2025-06-12 12:13:51,2024-06-24,DK1,complete_MPC,142.14639711380005,7845802.391174427,True,False,0.0246556036199656,11.245194329355636,0.8537353340718469,13.148223425402414,10.119381526030686,22.289454668941605,3656.784951932441,10.652460428706808,0.0,10.652460428706808,102.83542829079038,-231.6668105449384,-128.83138225414797,3774.963873757882,28.53%,
Batch8_trimmedprices_MPC_7day_2024_06_24_FI_est_actrate025,2025-06-12 12:16:20,2024-06-24,FI,complete_MPC,168.48281145095825,8369396.948063059,True,False,0.341416634766535,11.36390026609137,0.817598641030944,12.783667056671334,9.719758837916372,21.97269363779504,1202.455387975932,0.0,0.0,0.0,42.48140912785301,-101.3886963382352,-58.90728721038218,1261.3626751863144,20.95%,
Batch8_trimmedprices_MPC_7day_2024_07_01_NO2_est_actrate025,2025-06-12 12:19:20,2024-07-01,NO2,complete_MPC,170.13917541503906,7843588.804776901,True,True,0.0,11.258657386697582,0.7161015232874574,13.167124722839487,10.181635218372492,22.32983126782407,1698.9963926590242,190.17569981333912,129.4989178392851,319.6746176526242,41.45347906259139,-23.704115225676347,17.749363836915045,1361.572411169485,34.26%,
Batch8_trimmedprices_MPC_7day_2024_07_01_SE1_est_actrate025,2025-06-12 12:22:18,2024-07-01,SE1,complete_MPC,151.44404649734497,7740048.952767448,True,False,0.030813233832152,10.992505383096583,0.4429658002244571,12.775328464886954,10.161295339165925,22.28329703872942,1217.2328933669364,70.85300557106204,205.60536008187103,276.4583656529331,37.951153338928286,-36.4697303643202,1.481422974608087,939.2931047393952,38.90%,
Batch8_trimmedprices_MPC_7day_2024_07_01_DK1_est_actrate025,2025-06-12 12:24:56,2024-07-01,DK1,complete_MPC,159.6961419582367,8017182.925227962,True,False,0.1624819775675696,11.416996159281744,0.8327656651190378,12.839930059359602,10.11620479939186,22.151628294994,1974.7820100940296,2.44643965325933,0.0,2.44643965325933,30.969926910731573,-55.07884862559207,-24.108921714860493,1996.4444921556308,32.03%,
Batch8_trimmedprices_MPC_7day_2024_07_01_FI_est_actrate025,2025-06-12 12:27:42,2024-07-01,FI,complete_MPC,159.85258769989014,8117215.669660406,True,True,0.0,11.532920627681165,1.0453309990588122,14.10572271753182,10.137710940077683,23.9162189971931,1112.3142220469329,0.0,0.0,0.0,29.50767116621028,-82.54475505160914,-53.03708388539887,1165.3513059323318,22.34%,
Batch8_trimmedprices_MPC_7day_2024_07_08_NO2_est_actrate025,2025-06-12 12:30:34,2024-07-08,NO2,complete_MPC,158.9031662940979,7752034.423049328,True,False,0.0095872030703105,10.961601489920817,0.4065528823822427,12.428120137220269,9.998763982254331,22.30452306949126,2561.176878659101,169.93513167331523,28.428291827140093,198.36342350045533,13.563618079767386,-32.47971165520215,-18.916093575434765,2381.7295487340803,19.46%,
Batch8_trimmedprices_MPC_7day_2024_07_08_SE1_est_actrate025,2025-06-12 12:33:20,2024-07-08,SE1,complete_MPC,153.44174933433533,8058632.266409622,True,False,0.4443979895753642,10.94606791047346,0.6923703451574235,12.48201115208687,9.123605013741546,21.869712282986207,1554.1330858469505,66.86077355196718,666.9712183238544,733.8319918758216,19.018559264776872,-41.99126795941076,-22.972708694633884,843.2738026657628,53.03%,
Batch8_trimmedprices_MPC_7day_2024_07_08_DK1_est_actrate025,2025-06-12 12:36:00,2024-07-08,DK1,complete_MPC,164.2634210586548,8052480.106198951,True,True,0.0,11.402717588688736,0.7135955762270638,13.099613912922674,10.390873275291952,22.338961788199285,3981.403613289656,11.81395800953072,0.0,11.81395800953072,59.33059888439367,-348.2459226893127,-288.915323804919,4258.504979085044,16.69%,
Batch8_trimmedprices_MPC_7day_2024_07_08_FI_est_actrate025,2025-06-12 12:38:51,2024-07-08,FI,complete_MPC,166.00160717964172,8338739.625291379,True,True,0.0,11.607192374463038,1.7354061161622834,15.079992761184569,9.746942698145205,22.425510937538025,528.810141426576,0.0,0.0,0.0,23.32368224686185,-49.387816955391656,-26.064134708529807,554.8742761351058,37.18%,
Batch8_trimmedprices_MPC_7day_2024_07_15_NO2_est_actrate025,2025-06-12 12:41:48,2024-07-15,NO2,complete_MPC,152.40008068084717,7723604.838068376,True,True,0.0,10.93464266144986,0.2524960448806164,11.908547432786994,10.300385023402878,22.315705208058045,2477.388037814246,305.37305077689496,38.95137065169867,344.3244214285936,0.6939040444326731,-55.620126488321006,-54.926222443888335,2187.989838829541,22.54%,
Batch8_trimmedprices_MPC_7day_2024_07_15_SE1_est_actrate025,2025-06-12 12:44:28,2024-07-15,SE1,complete_MPC,164.89720392227173,7796427.148935012,True,False,0.000247707863803,11.265871436920822,0.4131703623764871,12.361868092428717,10.128253107907362,22.313862564697768,1416.050239973436,95.88250141588492,385.7737072821144,481.6562086979993,9.23131891904583,-44.52392531973269,-35.292606400686864,969.6866376761236,36.33%,
Batch8_trimmedprices_MPC_7day_2024_07_15_DK1_est_actrate025,2025-06-12 12:47:19,2024-07-15,DK1,complete_MPC,161.3631408214569,7775034.565322517,True,False,0.0050836766085637,11.20183471821261,0.4935134594057438,12.715022534797525,10.366287067375922,22.309026595953007,3480.288461289832,15.710377232069828,0.0,15.710377232069828,143.93612928162608,-293.6876420628537,-149.7515127812276,3614.32959683899,23.12%,
Batch8_trimmedprices_MPC_7day_2024_07_15_FI_est_actrate025,2025-06-12 12:50:07,2024-07-15,FI,complete_MPC,150.21099853515625,8130431.087987838,True,False,0.1433935146690892,11.209779124944236,1.154946423769884,13.607894235748043,10.048085877764152,22.17071675789248,1043.9936026944283,0.0,0.0,0.0,29.8926243104283,-40.19332841702616,-10.30070410659786,1054.294306801026,24.72%,
Batch8_trimmedprices_MPC_7day_2024_07_22_NO2_est_actrate025,2025-06-12 12:52:49,2024-07-22,NO2,complete_MPC,167.71226143836975,7736160.899309737,True,True,0.0,10.935414476002451,0.3863541842197108,12.199299197108,9.932092144712309,22.42418127117329,2772.368783844221,214.1791438899711,13.186557245215678,227.3657011351868,5.848344910818492,-52.00972129290382,-46.16137638208533,2591.16445909112,19.89%,
Batch8_trimmedprices_MPC_7day_2024_07_22_SE1_est_actrate025,2025-06-12 12:55:44,2024-07-22,SE1,complete_MPC,142.52361631393433,7849216.883751171,True,False,0.169050240588362,11.051287172147438,0.6897466561756244,12.620648222251958,9.71175792374444,22.14506003197321,1462.423199999478,76.42645111362583,194.4280991741048,270.8545502877306,6.551549319963174,-49.81960789833607,-43.2680585783729,1234.8367082901204,26.06%,
Batch8_trimmedprices_MPC_7day_2024_07_22_DK1_est_actrate025,2025-06-12 12:58:13,2024-07-22,DK1,complete_MPC,251.870142698288,7939974.999356656,True,True,0.0,11.179702743659211,0.7676539007762939,13.164065574633389,10.253580157143109,22.383182068253408,4222.396048894498,10.914762022443345,0.0,10.914762022443345,197.28282679865205,-370.4913484894952,-173.20852169084313,4384.689808562898,22.66%,
Batch8_trimmedprices_MPC_7day_2024_07_22_FI_est_actrate025,2025-06-12 13:02:32,2024-07-22,FI,complete_MPC,142.28298711776733,7888598.078720618,True,False,0.1814754304968353,10.910785140659272,0.5217876506341981,12.451122161452588,9.927393880103033,22.132634842064736,1646.0709015196214,0.0,0.0,0.0,21.37104458093963,-48.13821744379687,-26.76717286285724,1672.838074382479,11.11%,
Batch8_trimmedprices_MPC_7day_2024_07_29_NO2_est_actrate025,2025-06-12 13:05:06,2024-07-29,NO2,complete_MPC,148.33186292648315,7694727.935692771,True,True,0.0,10.85342140260344,0.2528361451296326,12.282315309030782,10.368000396242769,22.34338856728484,3552.7449754822374,164.69163102961244,24.92386457497061,189.61549560458303,1.690981870205489e-07,-35.25354809918985,-35.25354793009166,3398.383027807746,18.38%,
Batch8_trimmedprices_MPC_7day_2024_07_29_SE1_est_actrate025,2025-06-12 13:07:41,2024-07-29,SE1,complete_MPC,138.7850091457367,7523699.557743509,True,True,0.0,10.84485626129964,0.5198512263792683,12.308931600851691,9.744887885223951,22.41203146977625,699.1371872276918,38.13884103722711,261.69753779411354,299.83637883134065,13.448117694565358,-8.96755789191394,4.480559802651419,394.8202485936997,52.65%,
Batch8_trimmedprices_MPC_7day_2024_07_29_DK1_est_actrate025,2025-06-12 13:10:07,2024-07-29,DK1,complete_MPC,140.10614395141602,7666758.05338607,True,True,0.0,10.862237381081815,0.4075582156655469,12.505050953796992,10.161067474918386,22.38946634075196,4522.778115033668,12.5591231807061,0.0,12.5591231807061,408.5993519389111,-233.0073618392612,175.59199009964993,4334.6270017533125,27.50%,
Batch8_trimmedprices_MPC_7day_2024_07_29_FI_est_actrate025,2025-06-12 13:12:34,2024-07-29,FI,complete_MPC,144.64461255073547,8019766.924604479,True,False,0.0604194314373209,11.274655039156071,0.5968243880311344,13.093763404384534,10.161015181276694,22.25369084112425,858.1477686580902,0.0,0.0,0.0,18.645147374333817,-111.00343731846472,-92.35828994413092,950.5060586022212,24.62%,
Batch8_trimmedprices_MPC_7day_2024_08_05_NO2_est_actrate025,2025-06-12 13:15:10,2024-08-05,NO2,complete_MPC,148.1015167236328,7909149.861669799,True,True,0.0,11.17803598859225,0.612706822855319,12.469872235200777,10.36799847064312,22.36380466507492,2323.9249812384896,90.1857105452716,76.5752419246283,166.7609524698999,4.664426530155039e-05,-40.7642659331269,-40.7642192888616,2197.928248057451,23.76%,
Batch8_trimmedprices_MPC_7day_2024_08_05_SE1_est_actrate025,2025-06-12 13:17:45,2024-08-05,SE1,complete_MPC,139.53682136535645,7979326.131433063,True,True,0.0,11.130072884064353,0.8512850128223672,13.42042597687704,10.079597639176704,22.331447465980805,662.6363213972437,66.59857749890905,193.04015370194364,259.6387312008527,11.476751695437068,-19.629296589026293,-8.152544893589225,411.1501350899802,55.43%,
Batch8_trimmedprices_MPC_7day_2024_08_05_DK1_est_actrate025,2025-06-12 13:20:11,2024-08-05,DK1,complete_MPC,137.34051203727722,8007577.821709048,True,True,0.0,11.343860626586585,1.0477247611102478,12.8614848277346,10.368001550220704,22.382455601190745,3079.2361071485207,13.204213929034916,0.0,13.204213929034916,0.0003911307966494,-44.18673372596276,-44.18634259516611,3110.218235814652,28.49%,
Batch8_trimmedprices_MPC_7day_2024_08_05_FI_est_actrate025,2025-06-12 13:22:35,2024-08-05,FI,complete_MPC,150.48456835746765,8051767.774188871,True,True,0.0,11.43263770089311,0.9797201830918794,13.703426384022665,10.36800050102078,22.48436398618498,651.2972309251427,0.0,0.0,0.0,5.984605870445373,-11.070677994578704,-5.086072124133333,656.383303049276,30.26%,
Batch8_trimmedprices_MPC_7day_2024_08_12_NO2_est_actrate025,2025-06-12 13:25:18,2024-08-12,NO2,complete_MPC,123.80638003349304,8209289.76222694,True,False,0.4541422403871138,10.99321908929801,0.8818001147303055,12.875512678295763,9.353329306045367,21.859968032174457,3870.949435900469,237.1586726485104,67.24043192477508,304.3991045732855,20.42578461403492,-73.52482997541597,-53.09904536138105,3619.649376688564,15.86%,
Batch8_trimmedprices_MPC_7day_2024_08_12_SE1_est_actrate025,2025-06-12 13:27:29,2024-08-12,SE1,complete_MPC,143.77016592025757,7940832.359419249,True,True,0.0,11.389228782381243,0.907481062826827,13.069187345814274,9.46870926530259,22.68812587227459,845.9083762923883,44.33696353881207,186.37861059525991,230.715574134072,18.061405954443835,-63.04604783467407,-44.98464188023024,660.1774440385466,35.92%,
Batch8_trimmedprices_MPC_7day_2024_08_12_DK1_est_actrate025,2025-06-12 13:29:59,2024-08-12,DK1,complete_MPC,144.94208359718323,7794435.696201168,True,False,0.1280581829094877,10.89980575858781,0.3488808575402583,12.601000378177828,10.118504004175186,22.186052089652083,5923.010745813444,10.757813514482244,0.0,10.757813514482244,223.6099886858892,-216.4294927660218,7.180495919867383,5905.072436379094,19.42%,
Batch8_trimmedprices_MPC_7day_2024_08_12_FI_est_actrate025,2025-06-12 13:32:30,2024-08-12,FI,complete_MPC,153.2264380455017,8444376.945831914,True,False,0.222892024169802,11.503697274338773,2.01588526758707,13.84728509573268,9.532445670994562,22.09121824839177,1098.5226056075155,0.0,0.0,0.0,52.09030365695628,-113.24231767533156,-61.15201401837527,1159.6746196258907,41.16%,
Batch8_trimmedprices_MPC_7day_2024_08_19_NO2_est_actrate025,2025-06-12 13:35:15,2024-08-19,NO2,complete_MPC,153.54582905769348,8099406.460384336,True,True,0.0,11.593283890861528,0.7740639374789338,12.917601080270993,10.331744297841167,22.363405144460952,1569.3461299404091,156.80598026904835,54.07506091000045,210.8810411790488,17.87479591202327,-136.5275457804242,-118.65274986840092,1477.117838629761,33.62%,
Batch8_trimmedprices_MPC_7day_2024_08_19_SE1_est_actrate025,2025-06-12 13:37:56,2024-08-19,SE1,complete_MPC,139.3387541770935,7995685.353471384,True,False,0.1263042023590443,11.34415165354154,0.2684028481682755,12.136656812350424,10.298712284015268,22.187806070202527,-60.59126421163,52.68365806322591,184.24977703111628,236.9334350943422,16.435746499861228,-35.74619806105866,-19.31045156119743,-278.21424774477475,469.13%,
Batch8_trimmedprices_MPC_7day_2024_08_19_DK1_est_actrate025,2025-06-12 13:40:22,2024-08-19,DK1,complete_MPC,178.95296025276184,8045606.63570985,True,False,0.0034551636644941,11.489864845667295,0.8708319109195896,13.076549914426494,9.934686795705034,22.31065510889708,2062.7825850980125,11.572133713887034,0.0,11.572133713887034,10.128442270384816,-209.3775007592004,-199.2490584888156,2250.459509872941,31.72%,
Batch8_trimmedprices_MPC_7day_2024_08_19_FI_est_actrate025,2025-06-12 13:43:27,2024-08-19,FI,complete_MPC,238.1589322090149,8076480.469352973,True,True,0.0,11.632880059846858,1.5838108516041962,12.90975858885919,8.477256070131894,22.45963611539406,-41.0402777296124,0.0,0.0,0.0,39.85669462861996,-51.92693586022584,-12.070241231605875,-28.97003649800652,105.56%,
Batch8_trimmedprices_MPC_7day_2024_08_26_NO2_est_actrate025,2025-06-12 13:47:37,2024-08-26,NO2,complete_MPC,159.4947624206543,7731134.686860476,True,True,0.0,10.93368276693447,0.1330905232229217,11.5415571083342,10.36781988994693,22.503507766709586,2630.400971937358,266.6094351969899,22.83263433443117,289.4420695314211,5.616842972393109,-62.10276547056655,-56.48592249817344,2397.44482490411,22.18%,
Batch8_trimmedprices_MPC_7day_2024_08_26_SE1_est_actrate025,2025-06-12 13:50:24,2024-08-26,SE1,complete_MPC,152.14276957511902,8436554.068084005,True,False,0.5406481234080864,11.309189920245846,0.8419719911171964,13.187339091178044,10.262354488457255,21.773462149153485,87.13064446463493,114.25664580083706,145.892866161174,260.14951196201105,19.91209121406217,-11.861255122017504,8.050836092044664,-181.0697035894208,219.00%,
Batch8_trimmedprices_MPC_7day_2024_08_26_DK1_est_actrate025,2025-06-12 13:53:03,2024-08-26,DK1,complete_MPC,159.0536286830902,7840588.087536785,True,True,0.0,11.079783125854863,0.4856877345404804,12.73817950348999,10.208911566037663,22.44525235940493,4844.466214815399,695.7217633523721,0.0,695.7217633523721,156.84160325098003,-468.21145075838587,-311.36984750740584,4460.114298970433,27.76%,
Batch8_trimmedprices_MPC_7day_2024_08_26_FI_est_actrate025,2025-06-12 13:55:48,2024-08-26,FI,complete_MPC,187.61336612701416,8431692.764947968,True,False,0.1159557309003993,11.685860498841857,1.651785904740156,14.60571475401308,10.575041993831746,22.19815454166117,86.24856129275234,0.0,0.0,0.0,6.628161443881343,-26.51242317025478,-19.88426172637344,106.13282301912578,80.68%,
Batch8_trimmedprices_MPC_7day_2024_09_02_NO2_est_actrate025,2025-06-12 13:59:07,2024-09-02,NO2,complete_MPC,138.16289234161377,7839722.588064028,True,True,0.0,11.165462050069358,0.1974330779692896,12.535561938965644,10.584946254209385,22.557008496901048,3103.607438843878,221.4408615954085,24.132871277569805,245.57373287297835,1.4864643220501268,-85.63991731625242,-84.1534529942023,2942.187158965102,18.47%,
Batch8_trimmedprices_MPC_7day_2024_09_02_SE1_est_actrate025,2025-06-12 14:01:33,2024-09-02,SE1,complete_MPC,152.87256407737732,8037114.772680555,True,True,0.0,11.487209331906854,0.5254530688743557,12.82863789572838,10.51939198832278,22.73873139602445,420.9560975722737,151.4789247875397,465.4472967801088,616.9262215676486,7.344036155801821,-50.9126757994212,-43.56863964361938,-152.40148435175544,127.13%,
Batch8_trimmedprices_MPC_7day_2024_09_02_DK1_est_actrate025,2025-06-12 14:04:12,2024-09-02,DK1,complete_MPC,300.28905749320984,7991106.530104732,True,True,0.0,11.4245611265982,1.0771287899720678,13.142163818630266,10.209796592132795,23.37838944856309,5776.13422090747,2970.3684794460337,0.0,2970.3684794460337,232.02916791283235,-299.74229203587265,-67.7131241230403,2873.478865584477,56.16%,
Batch8_trimmedprices_MPC_7day_2024_09_02_FI_est_actrate025,2025-06-12 14:09:19,2024-09-02,FI,complete_MPC,175.7060477733612,8117819.639087263,True,True,0.0,11.591889084611152,0.9201006696723452,13.850389648001316,10.368003465714978,22.67334399340533,1470.2053656650182,0.0,0.0,0.0,0.000221166596327,-432.4214048905094,-432.4211837239131,1902.626549388932,39.65%,
Batch8_trimmedprices_MPC_7day_2024_09_09_NO2_est_actrate025,2025-06-12 14:12:26,2024-09-09,NO2,complete_MPC,160.31871604919434,7758115.73912329,True,False,0.0098154764457198,10.974100657369812,0.446314531616812,12.158708155622126,9.303992539133246,22.30429479611585,2730.2514691357333,161.3072380862788,30.99632668698603,192.30356477326484,10.464972288511309,-102.51549063421837,-92.05051834570706,2629.9984227081754,22.91%,
Batch8_trimmedprices_MPC_7day_2024_09_09_SE1_est_actrate025,2025-06-12 14:15:14,2024-09-09,SE1,complete_MPC,152.00649857521057,8247299.635487789,True,False,0.1911618726812882,11.35512652936693,1.2325124443862736,13.542121552516656,9.289860503421536,22.122948399880283,362.52683625756566,711.4752150766017,168.20911797471885,879.6843330513206,12.725306023672536,-24.924808354615543,-12.199502330943009,-504.957994462812,245.45%,
Batch8_trimmedprices_MPC_7day_2024_09_09_DK1_est_actrate025,2025-06-12 14:17:52,2024-09-09,DK1,complete_MPC,161.72791147232056,8383404.00383947,True,False,0.1139000865631203,11.490193775543402,1.237296633150332,13.914000439146417,9.938694442336995,22.20021018599845,4875.164457014353,7.793736890316241,0.0,7.793736890316241,125.806667642848,-179.7270004145257,-53.92033277167768,4921.2910528957145,10.07%,
Batch8_trimmedprices_MPC_7day_2024_09_09_FI_est_actrate025,2025-06-12 14:20:41,2024-09-09,FI,complete_MPC,145.04330134391785,8144360.322034915,True,False,0.058781189386412,11.54669679945567,0.7555714193046594,13.11856694846545,10.368000073269885,22.25532908317516,3819.806566006132,0.0,0.0,0.0,165.47087953932513,-119.1716961423611,46.299183396964025,3773.507382609168,34.77%,
Batch8_trimmedprices_MPC_7day_2024_09_16_NO2_est_actrate025,2025-06-12 14:23:17,2024-09-16,NO2,complete_MPC,157.5750069618225,7768156.014094173,True,True,0.0,10.980801018131794,0.2775146601313824,11.915814168920704,10.161715818187972,22.35410630719316,3050.1268605175333,301.5948693782143,16.06584202777472,317.660711405989,23.44866850906769,-68.17133644580926,-44.72266793674156,2777.1888170482857,20.23%,
Batch8_trimmedprices_MPC_7day_2024_09_16_SE1_est_actrate025,2025-06-12 14:26:02,2024-09-16,SE1,complete_MPC,183.59740471839905,8049864.341481195,True,False,0.047482504656493,11.431155157546051,0.4589719937698237,12.403604772140588,9.852048384745956,22.26662776790508,1060.8864101188262,71.4702829906177,259.8159159757276,331.2861989663453,13.115968854351168,-97.94014972495104,-84.82418087059987,814.4243920230808,28.95%,
Batch8_trimmedprices_MPC_7day_2024_09_16_DK1_est_actrate025,2025-06-12 14:29:12,2024-09-16,DK1,complete_MPC,150.1818490028381,7849067.879244544,True,True,0.0,11.179994914440536,0.5435210821318877,12.387324769470816,9.954019022049897,22.389970107171173,5160.294919972642,12.387480984252049,0.0,12.387480984252049,114.59568093810311,-335.08303264460574,-220.48735170650264,5368.394790694892,17.66%,
Batch8_trimmedprices_MPC_7day_2024_09_16_FI_est_actrate025,2025-06-12 14:31:49,2024-09-16,FI,complete_MPC,150.73977756500244,8166694.616597087,True,True,0.0,11.556382621689927,1.5084791355730736,14.03064261003005,10.152708724462697,22.589221511364865,4409.048403770591,0.0,0.0,0.0,205.4580494384065,-316.5155000313304,-111.05745059292386,4520.1058543635145,34.65%,
Batch8_trimmedprices_MPC_7day_2024_09_23_NO2_est_actrate025,2025-06-12 14:34:31,2024-09-23,NO2,complete_MPC,156.50238037109375,7852345.929712005,True,True,0.0,11.128580447820289,0.5151371533879622,13.03760362742448,10.36804907682782,22.33174333399339,2440.383236701487,200.0953758758464,50.02530987742156,250.1206857532679,23.5937914032182,-47.06443265630287,-23.470641253084672,2213.733192201304,19.05%,
Batch8_trimmedprices_MPC_7day_2024_09_23_SE1_est_actrate025,2025-06-12 14:37:15,2024-09-23,SE1,complete_MPC,160.1256148815155,7947804.439330749,True,True,0.0,11.549802567433884,0.8149799317046162,13.296532708024545,10.161029830312556,22.853454904872827,695.3045683864359,176.49749670030883,191.72805119795368,368.2255478982625,13.689768494171016,-32.524200205424954,-18.83443171125393,345.9134521994273,56.54%,
Batch8_trimmedprices_MPC_7day_2024_09_23_DK1_est_actrate025,2025-06-12 14:40:02,2024-09-23,DK1,complete_MPC,145.87111234664917,8155611.56941812,True,True,0.0,11.560605889819724,0.6604401187940752,13.05291960094339,10.368002713714098,22.32934039918052,3447.5872304504364,10.641220839078787,0.0,10.641220839078787,109.43231042791506,-191.34434724408163,-81.91203681616658,3518.858046427524,15.49%,
Batch8_trimmedprices_MPC_7day_2024_09_23_FI_est_actrate025,2025-06-12 14:42:34,2024-09-23,FI,complete_MPC,148.02567291259766,8015865.234938386,True,True,0.0,11.516409300427323,1.6089571525088169,13.98526750347576,9.637211843721587,22.68253369298759,1171.890420276237,0.0,0.0,0.0,30.71878348597615,-153.94168967494048,-123.22290618896432,1295.113326465201,30.25%,
Batch8_trimmedprices_MPC_7day_2024_09_30_NO2_est_actrate025,2025-06-12 14:45:14,2024-09-30,NO2,complete_MPC,156.59780597686768,7935298.8137977,True,False,0.0050282463187585,11.205383253162582,0.8504081159810676,13.043409292571711,10.312456409498296,22.30908202624281,3314.861747304994,184.7435891715764,35.11044490677526,219.8540340783516,1.203474637697888,-75.28723210797502,-74.08375747027712,3169.09147069692,22.49%,
Batch8_trimmedprices_MPC_7day_2024_09_30_SE1_est_actrate025,2025-06-12 14:47:57,2024-09-30,SE1,complete_MPC,163.72135734558103,8516778.693612024,True,False,0.4407126534950407,11.306991186452237,2.3403035031439576,14.419894807861626,9.722789869215887,21.87339761906653,1740.8855416613565,178.737888697321,276.92992291943887,455.6678116167599,16.21427776089275,-117.01299315290451,-100.79871539201176,1386.016445436608,36.89%,
Batch8_trimmedprices_MPC_7day_2024_09_30_DK1_est_actrate025,2025-06-12 14:50:47,2024-09-30,DK1,complete_MPC,145.50816082954407,8049116.270800648,True,False,0.0370599727170066,11.2743948281912,0.723969298446668,13.40872327402316,10.372702924569438,22.277050299844564,4231.255034389708,13.842919776156435,0.0,13.842919776156435,97.0593825872892,-204.2645373081632,-107.20515472087394,4324.617269334426,14.77%,
Batch8_trimmedprices_MPC_7day_2024_09_30_FI_est_actrate025,2025-06-12 14:53:19,2024-09-30,FI,complete_MPC,123.4876959323883,7934049.714949706,True,False,0.0225464281281624,11.515646008780408,0.4202069550013927,12.339939259683064,10.04361704350412,22.29156384443341,4802.865224191529,0.0,0.0,0.0,224.9725572456636,-1202.92101967684,-977.9484624311764,5780.813686622705,35.97%,
Batch8_trimmedprices_MPC_7day_2024_10_07_NO2_est_actrate025,2025-06-12 14:55:34,2024-10-07,NO2,complete_MPC,147.69352507591248,7738165.999452856,True,False,0.0117262404890752,11.054979134520664,0.610345101726198,13.035730182079549,10.13340159462168,22.302384032072496,3021.7568351021296,313.4439808393084,55.30434960267142,368.7483304419798,5.457543905316169,-40.45777446591691,-35.00023056060074,2688.0087352207506,21.45%,
Batch8_trimmedprices_MPC_7day_2024_10_07_SE1_est_actrate025,2025-06-12 14:58:09,2024-10-07,SE1,complete_MPC,149.59882020950317,7954933.244736675,True,False,0.0203333082870749,11.411380930299716,0.6328471811526597,12.82651091857084,10.367649533326636,22.293776964274496,877.9495213740297,73.21530960019348,224.54807600370887,297.76338560390235,20.71286391985179,-21.06633833902368,-0.3534744191718886,580.5396101892992,54.83%,
Batch8_trimmedprices_MPC_7day_2024_10_07_DK1_est_actrate025,2025-06-12 15:00:45,2024-10-07,DK1,complete_MPC,146.9006290435791,7972989.726189578,True,False,0.2524469092258812,11.146825117277526,0.3532109709132352,12.380439289910854,10.36800028763956,22.06166336333569,3639.466881145114,7.555730901791208,0.0,7.555730901791208,20.12494238882792,-182.2255884423936,-162.10064605356567,3794.011796296889,14.07%,
Batch8_trimmedprices_MPC_7day_2024_10_07_FI_est_actrate025,2025-06-12 15:03:18,2024-10-07,FI,complete_MPC,111.31905102729796,8464089.864432065,True,False,0.3767987334694922,11.566299998539352,0.8697537758632934,12.962705332340851,10.537259491857164,21.93731153909208,1081.0707491202866,0.0,0.0,0.0,17.90496103318035,-85.98539272064036,-68.08043168746002,1149.1511808077466,49.68%,
Batch8_trimmedprices_MPC_7day_2024_10_14_NO2_est_actrate025,2025-06-12 15:05:21,2024-10-14,NO2,complete_MPC,144.04220509529114,7883051.574981656,True,True,0.0,11.238819938004484,0.3450867328126688,12.16813821814868,10.368058074423857,22.46515654144361,2761.363764007807,112.48563405202428,56.13698384926719,168.62261790129145,4.726161538289714e-07,-79.8250404208217,-79.82503994820554,2672.5661860547207,21.87%,
Batch8_trimmedprices_MPC_7day_2024_10_14_SE1_est_actrate025,2025-06-12 15:07:52,2024-10-14,SE1,complete_MPC,128.94093346595764,7874219.824414602,True,False,0.1456678190973406,11.264119570352744,0.7456020409187766,12.66580679870316,10.364796775234352,22.16844245346423,607.3651537479083,131.90611290086542,339.27370152721454,471.17981442808,10.843849307409393,-30.705739820744625,-19.86189051333524,156.04722983316353,81.37%,
Batch8_trimmedprices_MPC_7day_2024_10_14_DK1_est_actrate025,2025-06-12 15:10:08,2024-10-14,DK1,complete_MPC,163.99679374694824,8516307.508037198,True,True,0.0,11.839368008079632,2.508777696486855,15.121247422838891,10.341916833372991,22.585868858091064,4422.634831885703,18.461726079096017,0.0,18.461726079096017,30.96960574507196,-541.8754624095404,-510.9058566644685,4915.078962471076,12.69%,
Batch8_trimmedprices_MPC_7day_2024_10_14_FI_est_actrate025,2025-06-12 15:12:58,2024-10-14,FI,complete_MPC,120.89282631874084,8346382.845562606,True,False,0.1679488064159606,11.524244180478233,2.437865861821274,14.791138775718522,9.566568701413562,22.14616146614561,1370.8960808479649,0.0,0.0,0.0,53.56125512223991,-144.52687796670304,-90.96562284446313,1461.861703692428,38.95%,
Batch8_trimmedprices_MPC_7day_2024_10_21_NO2_est_actrate025,2025-06-12 15:15:10,2024-10-21,NO2,complete_MPC,147.47743773460388,7713826.718481423,True,True,0.0,10.947896578259993,0.2488020932391524,11.86211170974557,10.275580646518172,22.37925819708901,3017.7396793354874,65.41804636378018,50.69048023346565,116.10852659724584,0.4428849099158121,-73.31159550003937,-72.86871059012356,2974.499863328365,11.78%,
Batch8_trimmedprices_MPC_7day_2024_10_21_SE1_est_actrate025,2025-06-12 15:17:45,2024-10-21,SE1,complete_MPC,139.70551347732544,7772359.491470392,True,True,0.0,11.258075111674648,0.8462371443192347,12.72558990101696,9.6768844002735,22.5689940682578,81.12229284652211,51.69489201780812,256.3068590304065,308.0017510482146,25.30069365621925,-6.774327821757511,18.52636583446173,-245.40582403615423,280.43%,
Batch8_trimmedprices_MPC_7day_2024_10_21_DK1_est_actrate025,2025-06-12 15:20:11,2024-10-21,DK1,complete_MPC,149.0169837474823,7715569.399712017,True,False,0.0240848906889468,10.868966693960491,0.5928872916834065,13.183472691581224,10.24019781564633,22.290025381872624,6257.876391039769,12.26703207084774,0.0,12.26703207084774,57.78792394849545,-142.89322653516317,-85.10530258666772,6330.714661555589,14.24%,
Batch8_trimmedprices_MPC_7day_2024_10_21_FI_est_actrate025,2025-06-12 15:22:47,2024-10-21,FI,complete_MPC,137.41573858261108,8152086.47781554,True,True,0.0,11.655828871566625,1.21179319461907,13.712411703176963,9.652455030637114,22.34707134572171,342.467727493152,0.0,0.0,0.0,44.23189578366143,-326.1317513865482,-281.8998556028868,624.3675830960387,51.41%,
Batch8_trimmedprices_MPC_7day_2024_10_28_NO2_est_actrate025,2025-06-12 15:25:16,2024-10-28,NO2,complete_MPC,134.83415722846985,7786406.894570005,True,False,0.0002603383244696,11.097421188326331,0.655784909778795,12.653785632346604,10.131606141552268,22.3138499342371,2922.850972440024,176.7775765080081,35.93433318096667,212.7119096889748,6.874440122160802,-37.01578130414921,-30.141341181988405,2740.2804039330376,24.09%,
Batch8_trimmedprices_MPC_7day_2024_10_28_SE1_est_actrate025,2025-06-12 15:27:37,2024-10-28,SE1,complete_MPC,143.92981934547424,8248923.745540799,True,False,0.1319889437739334,11.43160243007114,0.8855270071807091,13.151554732717411,10.14325160891194,22.18212132878764,193.9531996591835,118.784257338595,131.5899634903976,250.3742208289926,21.736712362743727,-5.772843353233711,15.963869009510017,-72.38489017931913,128.55%,
Batch8_trimmedprices_MPC_7day_2024_10_28_DK1_est_actrate025,2025-06-12 15:30:08,2024-10-28,DK1,complete_MPC,138.45201659202576,7896126.964139672,True,True,0.0,11.155425333903487,0.9152766598142824,12.753871514042928,9.914423220285826,22.36747654210387,5611.08053928033,22.16478316414236,0.0,22.16478316414236,60.620289543190665,-236.5589426689477,-175.93865312575704,5764.854409241945,14.68%,
Batch8_trimmedprices_MPC_7day_2024_10_28_FI_est_actrate025,2025-06-12 15:32:33,2024-10-28,FI,complete_MPC,140.20392084121704,8210971.307136433,True,False,0.1452291060809898,11.543613756069192,1.0948508083881054,13.172568998109517,10.36793875956208,22.16888116648058,193.07490491475104,0.0,0.0,0.0,5.57173432408682,-34.87458238399163,-29.30284805990481,222.37775297465583,82.70%,
Batch8_trimmedprices_MPC_7day_2024_11_04_NO2_est_actrate025,2025-06-12 15:35:04,2024-11-04,NO2,complete_MPC,105.65672659873962,7505937.75680701,True,False,0.1387852809398104,10.42569505585188,0.1835739526541293,10.86965444156452,9.127837222702038,22.17532499162176,3687.649621481847,362.5907519192274,64.54326709664983,427.1340190158773,3.840491424741474,-2.593822690627622e-05,3.840465486514568,3256.675136979455,21.47%,
Batch8_trimmedprices_MPC_7day_2024_11_04_SE1_est_actrate025,2025-06-12 15:36:57,2024-11-04,SE1,complete_MPC,134.94140076637268,8121864.6144498065,True,True,0.0,11.732397731669758,0.2719667531829489,12.672151756658586,10.854710301623811,22.99369603441489,1256.3492803073568,167.40750198187388,125.46557014559733,292.87307212747123,0.0,-242.9333575539964,-242.9333575539964,1206.409565733882,29.05%,
Batch8_trimmedprices_MPC_7day_2024_11_04_DK1_est_actrate025,2025-06-12 15:39:18,2024-11-04,DK1,complete_MPC,129.77559518814087,7600868.9191546915,True,True,0.0,10.778193492512107,0.2187215088960879,11.876501583856856,10.264848267907135,22.36051355316875,8508.063107076188,18.38993938539188,0.0,18.38993938539188,117.35230273603476,-91.08483958215488,26.267463153879888,8463.405704536917,15.97%,
Batch8_trimmedprices_MPC_7day_2024_11_04_FI_est_actrate025,2025-06-12 15:41:35,2024-11-04,FI,complete_MPC,166.75719141960144,8162950.389087846,True,False,0.003311162530494,11.630373794551463,0.7713403150272341,13.285767263332486,10.339054869646064,22.31079911003108,2176.618063288572,0.0,0.0,0.0,11.482004077890045,-380.48637604449056,-369.0043719666005,2545.622435255172,26.26%,
Batch8_trimmedprices_MPC_7day_2024_11_11_NO2_est_actrate025,2025-06-12 15:44:33,2024-11-11,NO2,complete_MPC,118.62983393669128,7578445.338081236,True,True,0.0,10.715753718052945,0.3257196499007057,12.271056768285074,10.13745689686084,22.339310478090944,3542.4498680840466,216.3238333138096,61.5581300016945,277.88196331550404,4.843929892410188,-8.392328254535146,-3.548398362124958,3268.116303130668,25.36%,
Batch8_trimmedprices_MPC_7day_2024_11_11_SE1_est_actrate025,2025-06-12 15:46:38,2024-11-11,SE1,complete_MPC,161.42840051651,8017885.472044663,True,True,0.0,11.527010865432825,0.8553843875443594,12.975248374795113,9.780104823743478,22.331950448493835,786.4859368914939,186.30034843792643,123.5692318894752,309.86958032740165,31.80758118053329,-107.22419367744716,-75.41661249691386,552.0329690610062,56.13%,
Batch8_trimmedprices_MPC_7day_2024_11_11_DK1_est_actrate025,2025-06-12 15:49:26,2024-11-11,DK1,complete_MPC,138.53374552726746,8251508.933342962,True,False,0.3668953792515701,11.219524579846112,0.5912276085421453,12.6239691096258,10.071915798206009,21.94721489331,6529.999297174251,12.815143004693862,0.0,12.815143004693862,34.82352783756621,-297.64851996544456,-262.8249921278784,6780.009146297436,21.23%,
Batch8_trimmedprices_MPC_7day_2024_11_11_FI_est_actrate025,2025-06-12 15:51:51,2024-11-11,FI,complete_MPC,125.45305681228638,8241509.540387948,True,True,0.0,11.6748561591581,1.4567796120267753,13.432966819327332,10.157975586180498,22.389487301046,1619.2376015254076,7.574128763182776,48.105143614153306,55.67927237733608,27.812980126099312,-87.64476391778635,-59.83178379168704,1623.3901129397586,31.86%,
Batch8_trimmedprices_MPC_7day_2024_11_18_NO2_est_actrate025,2025-06-12 15:54:08,2024-11-18,NO2,complete_MPC,124.06205105781557,7803768.040676493,True,False,0.1833664635531562,11.028789693083898,0.7034657157994701,12.638420683055765,9.448167747798188,22.13074380900841,6083.136770959974,857.4611096519985,74.53394906776548,931.995058719764,40.91022259768858,-45.84307449642749,-4.93285189873891,5156.0745641389485,28.55%,
Batch8_trimmedprices_MPC_7day_2024_11_18_SE1_est_actrate025,2025-06-12 15:56:19,2024-11-18,SE1,complete_MPC,170.94065833091736,8124033.916414174,True,True,0.0,11.596140980796816,1.5534758824345671,13.871015590165886,9.85126470769169,23.03487385633578,2043.1776383198887,325.9855441311332,195.62488015138223,521.6104242825154,43.944391485612925,-104.49225730449588,-60.54786581888294,1582.115079856257,43.58%,
Batch8_trimmedprices_MPC_7day_2024_11_18_DK1_est_actrate025,2025-06-12 15:59:17,2024-11-18,DK1,complete_MPC,139.88784766197205,7589759.461863948,True,True,0.0,11.019047959494374,0.5650851712594582,12.63673837939706,10.294230311111576,22.624880549467267,6331.09913192446,28.73356416348966,20.90898531825132,49.64254948174098,16.64324804018469,-176.40317155666736,-159.75992351648267,6441.216505959202,17.47%,
Batch8_trimmedprices_MPC_7day_2024_11_18_FI_est_actrate025,2025-06-12 16:01:43,2024-11-18,FI,complete_MPC,151.6700403690338,7876977.257511272,True,True,0.0,11.362228573559332,0.9571351608631063,13.011082861567155,9.98625892957429,22.544711266598235,4106.590993397559,21.81166899156242,115.3384915595139,137.1501605510763,19.01752716139027,-241.4217043785148,-222.4041772171245,4191.845010063607,29.94%,
Batch8_trimmedprices_MPC_7day_2024_11_25_NO2_est_actrate025,2025-06-12 16:04:26,2024-11-25,NO2,complete_MPC,140.9108452796936,7883033.343034981,True,True,0.0,11.26650407400518,0.5582035470120957,12.99933542566758,10.546166098164669,22.790196568690018,3677.579569110804,336.94955581916986,174.3492972107628,511.2988530299327,3.990899853084708,-141.3436935364835,-137.3527936833988,3303.63350976427,23.14%,
Batch8_trimmedprices_MPC_7day_2024_11_25_SE1_est_actrate025,2025-06-12 16:06:54,2024-11-25,SE1,complete_MPC,150.53467845916748,8175208.427671893,True,True,0.0,11.652969697449755,0.6711852014045309,12.739600642192912,10.57500809984851,22.69883946465887,1644.4187897407598,216.6919052512604,198.16575362203625,414.8576588732966,2.1454300207811574,-291.6970574641445,-289.5516274433634,1519.1127583108268,33.45%,
Batch8_trimmedprices_MPC_7day_2024_11_25_DK1_est_actrate025,2025-06-12 16:09:32,2024-11-25,DK1,complete_MPC,148.46984338760376,7964021.280732523,True,True,0.0,11.410865325612797,0.4911236697854878,13.149344350793374,10.368000291304057,22.67105987704003,5467.372792971411,19.332295632459736,18.16401360152132,37.49630923398105,96.79654199363218,-242.4914171138346,-145.69487512020245,5575.571358857633,18.30%,
Batch8_trimmedprices_MPC_7day_2024_11_25_FI_est_actrate025,2025-06-12 16:12:07,2024-11-25,FI,complete_MPC,141.23656010627747,8066943.233996207,True,True,0.0,11.588783553588105,0.4091863936214527,12.569841473434796,10.651944822703705,23.236187203551008,2704.1856436724643,39.89476154421271,122.447205768921,162.34196731313372,4.051873828302623,-483.292493223392,-479.2406193950893,3021.08429575442,27.00%,
Batch8_trimmedprices_MPC_7day_2024_12_02_NO2_est_actrate025,2025-06-12 16:14:40,2024-12-02,NO2,complete_MPC,173.19452619552612,7949693.367963042,True,False,0.122193891184839,11.207022600678563,0.3966352577889835,12.671999458520496,10.2897803424714,22.19191638137673,4465.122224482712,450.33422150374673,64.3768467965138,514.7110683002605,15.895447235040384,-175.68433547902038,-159.78888824397998,4110.200044426431,31.58%,
Batch8_trimmedprices_MPC_7day_2024_12_02_SE1_est_actrate025,2025-06-12 16:17:40,2024-12-02,SE1,complete_MPC,153.39056539535522,8273579.554839018,True,True,0.0,11.57355506860724,1.0285335900626478,14.113953630863277,10.398057388751582,22.90584065055321,891.8222735267307,177.73605274366523,275.63576967305096,453.3718224167162,1.8587926413275568,-172.57058984181657,-170.711797200489,609.1622483105034,62.98%,
Batch8_trimmedprices_MPC_7day_2024_12_02_DK1_est_actrate025,2025-06-12 16:20:21,2024-12-02,DK1,complete_MPC,137.9122371673584,7787124.326769727,True,True,0.0,11.29363392901649,0.3334373946834583,12.175697959097404,10.306814755036722,22.81845400636817,6318.926614586069,60.48803408161638,11.703055373558376,72.19108945517475,58.257379540278855,-326.8782246618945,-268.6208451216156,6515.35637025251,18.53%,
Batch8_trimmedprices_MPC_7day_2024_12_02_FI_est_actrate025,2025-06-12 16:22:45,2024-12-02,FI,complete_MPC,149.5478675365448,7879821.678786436,True,True,0.0,11.362445584213472,0.9085874339319364,12.857324583088342,9.93000028199388,22.38636586389872,2861.76722720891,90.46339703964708,79.10560099433567,169.56899803398275,154.74499852360867,-306.9939495315819,-152.24895100797323,2844.4471801829004,41.61%,
Batch8_trimmedprices_MPC_7day_2024_12_09_NO2_est_actrate025,2025-06-12 16:25:27,2024-12-09,NO2,complete_MPC,136.8464436531067,8074785.0775694065,True,False,0.1036792758363702,11.09526148696683,0.8113569779269222,12.672014131021102,10.160868966314098,22.2104309967252,6838.035916891974,1077.6492098849942,21.33083031449702,1098.9800401994912,10.03030448229476,-735.920630846027,-725.8903263637322,6464.946203056215,42.91%,
Batch8_trimmedprices_MPC_7day_2024_12_09_SE1_est_actrate025,2025-06-12 16:27:50,2024-12-09,SE1,complete_MPC,141.76836967468262,8106554.784948214,True,True,0.0,11.562299162914758,0.8073982560260178,13.386187462665244,9.530318753738548,22.75315334681069,612.7634979568613,327.4509283954972,170.13389504617967,497.5848234416768,18.11822650916889,-72.60315154839901,-54.48492503923012,169.66359955441465,79.95%,
Batch8_trimmedprices_MPC_7day_2024_12_09_DK1_est_actrate025,2025-06-12 16:30:19,2024-12-09,DK1,complete_MPC,130.05920672416687,8075500.427028418,True,False,0.2818647666142766,11.000105909500986,0.5867037378044719,12.542233650279426,9.953878690708436,22.03224550594729,8880.348960989368,408.07146265524335,22.750252543079288,430.8217151983226,278.58521725157954,-774.9534770845028,-496.3682598329232,8945.895505623968,36.54%,
Batch8_trimmedprices_MPC_7day_2024_12_09_FI_est_actrate025,2025-06-12 16:32:36,2024-12-09,FI,complete_MPC,137.58057570457458,8289309.556089342,True,False,0.1575911841561996,11.531118424766918,1.868806903026291,14.075056089583851,8.506284387052602,22.15651908840537,1446.3215166923549,128.41883269835023,54.56032266837671,182.97915536672693,108.4955613519904,-451.2659244458178,-342.7703630938274,1606.1127244194554,57.67%,
Batch8_trimmedprices_MPC_7day_2024_12_16_NO2_est_actrate025,2025-06-12 16:35:05,2024-12-16,NO2,complete_MPC,166.41233801841736,8054230.71620584,True,True,0.0,11.359528846267237,1.997035344143276,14.28107641975619,9.848109422127417,22.632481832592827,1785.5219552164472,109.23929378158653,24.203384699067257,133.44267848065377,8.621291881188649,-37.56165204757926,-28.94036016639061,1681.019636902184,25.00%,
Batch8_trimmedprices_MPC_7day_2024_12_16_SE1_est_actrate025,2025-06-12 16:37:58,2024-12-16,SE1,complete_MPC,188.7821228504181,8251481.290335239,True,True,0.0,11.688798494396568,1.5737416780356672,14.227889375977442,8.936388484361224,22.418674233926748,815.046989163798,143.7730253583402,185.76209152781487,329.53511688615504,29.18363475707852,-58.7021764016326,-29.51854164455408,515.030413922197,52.09%,
Batch8_trimmedprices_MPC_7day_2024_12_16_DK1_est_actrate025,2025-06-12 16:41:14,2024-12-16,DK1,complete_MPC,152.53829288482666,8065060.501709195,True,True,0.0,11.571095616336208,1.644006381701479,13.576857905368502,9.940118482756867,22.7919619145352,1541.9787966622605,15.92779090049045,20.809808635746887,36.73759953623734,34.18202328346218,-84.49917971792819,-50.31715643446601,1555.558353560489,33.79%,
Batch8_trimmedprices_MPC_7day_2024_12_16_FI_est_actrate025,2025-06-12 16:43:54,2024-12-16,FI,complete_MPC,155.7514729499817,8047152.329184756,True,True,0.0,11.439830888057928,2.148286694118955,14.226114970673583,9.46670917288808,22.62869912090377,2597.7646959715585,36.00605416949048,203.7569440807732,239.76299825026365,268.5365283306688,-154.03485908132018,114.5016692493486,2243.5000284719463,55.32%,
Batch8_trimmedprices_MPC_7day_2024_12_23_NO2_est_actrate025,2025-06-12 16:46:42,2024-12-23,NO2,complete_MPC,171.68729877471924,7941054.086468928,True,False,0.2162697957042638,10.90157320884432,0.8507673205636155,13.304177705027328,9.954046130274564,22.097840476857307,2587.360921298453,151.33855266849963,47.69399545943077,199.0325481279304,5.300627551388145,-71.80335492815927,-66.50272737677112,2454.8311005472933,17.76%,
Batch8_trimmedprices_MPC_7day_2024_12_23_SE1_est_actrate025,2025-06-12 16:49:41,2024-12-23,SE1,complete_MPC,151.64868354797363,8482165.503919812,True,True,0.0,12.12957963653389,2.4373224562696167,14.235837548947456,8.032852876340945,23.53967603354871,548.1679581535648,87.25758732127744,221.87256191516752,309.13014923644494,67.20629011808771,-144.24815702587898,-77.04186690779127,316.0796758249111,54.58%,
Batch8_trimmedprices_MPC_7day_2024_12_23_DK1_est_actrate025,2025-06-12 16:52:20,2024-12-23,DK1,complete_MPC,134.85203003883362,7857603.496569599,True,False,0.1126585963009247,10.9970738054197,0.8649280790994338,13.19685904228484,9.88880605095298,22.20145167626065,6980.947005630335,33.194370470123175,5.63853127817652,38.8329017482997,102.16839082280852,-268.7323758594848,-166.56398503667629,7108.678088918712,12.77%,
Batch8_trimmedprices_MPC_7day_2024_12_23_FI_est_actrate025,2025-06-12 16:54:42,2024-12-23,FI,complete_MPC,149.9373197555542,8138382.633576853,True,True,0.0,11.69486943598172,0.5495541178541784,12.804354794660291,10.408286785256834,22.44129078274827,1083.6107326810047,41.31425676117453,87.01536588247643,128.32962264365096,20.018064657300698,-155.67104541481729,-135.6529807575166,1090.9340907948704,28.68%,
