Date,DK1,DK2,FI,NO1,NO2,NO2NSL,NO3,NO4,NO5,SE1,SE2,SE3,SE4
2024-02-15,946.1,896.0400000000002,865.6800000000001,775.27,769.7299999999999,0.0,821.28,551.7499999999999,835.9,560.35,560.35,584.0600000000001,691.21
2024-02-16,827.5699999999999,485.56,343.0800000000001,720.15,719.64,0.0,523.17,321.47,796.9800000000001,1.6999999999999886,1.6999999999999886,3.1499999999999773,172.5200000000001
2024-02-17,658.5,266.54,125.56,695.7599999999999,699.1,0.0,520.76,229.02999999999997,737.2,-86.84000000000003,-85.84000000000003,-38.829999999999984,27.49000000000001
2024-02-18,644.8899999999999,457.93999999999994,377.31000000000006,634.0799999999999,573.9,0.0,494.5299999999999,398.67999999999995,687.4699999999999,219.02000000000004,219.02000000000004,227.02000000000004,423.5599999999999
2024-02-19,708.41,674.3100000000001,692.5999999999999,687.6199999999999,652.0699999999999,0.0,773.3900000000001,742.8199999999999,664.5,277.03,277.03,343.13999999999976,363.4
2024-02-20,786.396,691.176,743.7,610.5400000000002,614.58,0.0,674.95,522.4,640.1400000000001,109.86000000000001,109.86000000000001,305.37999999999994,424.16999999999996
2024-02-21,666.3,591.5899999999999,643.0600000000001,553.6300000000001,532.46,0.0,557.59,508.4799999999999,604.9600000000002,248.80999999999995,241.94000000000005,249.35000000000002,347.6599999999999
2024-02-22,-89.55000000000007,-167.05999999999995,514.99,629.6899999999998,629.6899999999998,0.0,384.12,398.24,670.8000000000001,233.41999999999993,66.25999999999993,67.11000000000001,311.55999999999995
2024-02-23,390.07,-129.32000000000005,-301.06,630.14,564.14,0.0,50.53000000000003,21.480000000000047,675.42,-746.99,-887.21,-887.21,-640.9000000000001
2024-02-24,-69.50999999999999,-90.40999999999985,96.24000000000001,655.03,642.03,0.0,183.71,170.41000000000003,695.48,-388.19000000000005,-828.5200000000001,-831.0699999999999,-29.180000000000007
2024-02-25,552.6300000000001,469.9900000000001,260.0200000000001,608.5,745.1,0.0,309.96999999999997,306.78000000000003,761.9000000000001,29.450000000000045,29.450000000000045,168.83000000000015,274.11999999999995
2024-02-26,771.26,584.9199999999998,605.1399999999999,466.99000000000007,477.80000000000007,0.0,581.64,397.45,623.2,-92.29999999999995,-92.29999999999995,198.5300000000001,495.6500000000001
2024-02-27,583.9499999999999,585.5300000000001,-496.18000000000006,559.5300000000001,494.69,0.0,487.67,258.48,495.36,14.68999999999994,14.68999999999994,335.1599999999999,463.82000000000005
2024-02-28,521.55,492.4200000000001,272.51,651.53,655.48,0.0,257.73,230.21000000000004,669.17,53.93000000000001,53.93000000000001,-141.26,471.29999999999995
2024-02-29,462.61,184.34000000000015,91.05999999999997,607.38,588.99,0.0,205.21999999999997,170.72,613.8700000000001,-8.079999999999984,-8.079999999999984,-17.920000000000016,38.94
2024-03-01,758.7400000000002,606.5500000000001,174.82000000000005,739.5899999999999,706.22,0.0,381.16,315.63999999999993,767.25,184.61,184.61,253.13,290.08
2024-03-02,882.67,-100.80000000000007,-650.1300000000001,667.6700000000001,684.01,0.0,512.29,418.09000000000003,709.48,276.2200000000001,260.15000000000003,356.44000000000005,527.73
2024-03-03,707.93,562.6899999999998,723.1599999999999,683.5,726.7400000000001,0.0,768.7399999999999,599.29,745.2400000000001,431.97,434.43,450.14,536.24
2024-03-04,429.49,208.7500000000001,860.01,611.72,651.49,0.0,716.01,559.79,677.225,371.12,371.12,349.4000000000001,502.98000000000013
2024-03-05,810.8499999999999,599.6800000000001,926.6999999999999,531.1700000000002,558.6700000000002,0.0,787.31,864.69,676.94,505.62000000000006,505.62000000000006,505.9200000000001,544.6190000000001
2024-03-06,181.2399999999999,-89.90000000000009,539.99,640.2699999999998,690.9499999999998,0.0,974.7900000000001,766.97,747.4100000000001,607.91,607.91,669.3800000000001,652.78
2024-03-07,788.3700000000001,592.8199999999999,721.3599999999997,643.84,655.84,0.0,860.99,654.76,708.9300000000001,367.33000000000004,358.33000000000004,458.03,636.3
2024-03-08,871.2800000000001,841.71,152.54999999999995,662.6100000000001,654.8000000000001,0.0,822.1700000000002,785.48,754.0900000000001,399.90999999999997,399.90999999999997,543.73,618.4200000000001
2024-03-09,471.18000000000006,414.61,885.61,631.5699999999999,690.6699999999998,0.0,699.39,673.4200000000001,668.3100000000001,553.0899999999999,553.0899999999999,545.9200000000001,691.1800000000001
2024-03-10,249.87999999999997,23.879999999999995,650.6400000000001,567.33,542.53,0.0,573.08,455.86,684.44,391.07000000000005,391.07000000000005,407.5200000000001,362.75
2024-03-11,715.7,454.2,744.56,657.1899999999999,563.1800000000001,0.0,718.1599999999999,764.91,588.17,573.8500000000001,266.68999999999994,277.40999999999997,348.82000000000016
2024-03-12,1018.6899999999997,286.6200000000001,937.3799999999999,718.81,710.64,0.0,982.0,996.5700000000002,782.94,863.8900000000001,516.3399999999999,668.0599999999998,791.5399999999997
2024-03-13,697.02,529.6299999999999,621.3899999999999,663.27,648.9599999999999,0.0,583.5799999999999,599.8499999999999,708.51,179.8499999999999,179.8499999999999,293.43000000000006,596.7
2024-03-14,646.1299999999999,323.3599999999999,233.97,606.69,614.89,0.0,394.5899999999999,339.67999999999995,656.96,115.09999999999997,118.03999999999996,128.59999999999997,280.33000000000004
2024-03-15,392.05999999999983,110.24000000000001,205.4,628.8399999999999,582.6099999999999,0.0,444.1100000000001,284.72999999999996,621.3299999999999,85.99000000000001,92.83999999999997,117.01999999999998,264.40000000000003
2024-03-16,448.3799999999999,-125.62000000000006,134.59999999999997,510.18999999999994,620.2299999999999,0.0,540.63,259.86999999999995,669.4499999999999,45.48999999999995,45.48999999999995,45.48999999999995,342.55999999999995
2024-03-17,556.3,140.73000000000002,467.8299999999998,705.8299999999999,662.6199999999999,0.0,544.02,437.9599999999999,701.3599999999999,268.99,268.99,373.59000000000003,576.5699999999999
2024-03-18,882.8900000000001,911.3900000000001,358.86,910.2499999999999,549.1800000000001,0.0,710.81,335.54999999999995,642.6500000000001,335.54999999999995,257.54999999999995,766.27,1030.9199999999998
2024-03-19,846.3100000000001,709.02,533.1000000000001,659.01,624.21,0.0,572.1199999999999,375.0699999999998,642.1299999999999,257.33000000000004,257.33000000000004,647.35,894.6999999999999
2024-03-20,1058.56,-188.77000000000044,682.8000000000001,617.1799999999998,617.5699999999998,0.0,749.47,699.5500000000001,684.92,525.6399999999999,525.6399999999999,604.8699999999999,772.5900000000001
2024-03-21,889.9399999999999,418.20000000000005,1038.87,725.11,688.69,0.0,792.1,789.4799999999999,780.8999999999999,541.51,541.51,668.1299999999999,821.49
2024-03-22,599.81,643.46,623.8,651.9100000000001,680.5600000000001,0.0,614.0899999999999,586.91,699.735,523.9899999999999,524.6299999999999,524.53,598.15
2024-03-23,269.06999999999994,315.8499999999999,366.79999999999995,36.14999999999998,343.98,0.0,483.00999999999993,331.03999999999996,724.94,210.97000000000003,220.25000000000006,210.97000000000003,271.41
2024-03-24,435.86999999999995,448.9099999999999,618.8599999999999,434.97,516.0299999999999,0.0,840.06,517.1700000000001,824.05,572.6399999999999,572.6399999999999,526.7199999999999,623.2099999999998
2024-03-25,596.0899999999998,578.8600000000001,820.9400000000003,624.97,697.5,0.0,875.9699999999999,847.8799999999999,717.8399999999999,404.16999999999996,404.16999999999996,454.34000000000003,1035.8
2024-03-26,894.31,865.35,1091.2,741.18,716.0699999999999,0.0,929.73,779.48,771.71,551.1200000000001,545.48,545.48,597.6800000000001
2024-03-27,-501.28999999999996,-542.96,634.3999999999999,806.3,795.8199999999999,0.0,665.47,656.9100000000001,833.4999999999998,538.4300000000001,538.4300000000001,542.12,556.97
2024-03-28,611.5500000000001,584.02,477.89000000000004,681.1799999999998,663.8200000000002,0.0,605.72,467.87,752.81,391.15000000000003,392.31000000000006,392.31000000000006,457.60999999999996
2024-03-29,-435.87999999999994,-475.23999999999995,-2.609999999999957,411.09999999999997,348.79,0.0,127.39999999999998,95.26999999999998,487.69,-10.370000000000005,-9.96999999999997,17.04000000000002,185.48000000000002
2024-03-30,492.98000000000013,498.82000000000005,509.64,599.0,600.84,0.0,741.3199999999999,551.0999999999999,745.58,-0.09000000000003183,0.40999999999996817,0.40999999999996817,23.59999999999991
2024-03-31,641.0999999999999,631.3500000000001,570.5535948677187,624.2193312138072,657.4270012490064,0.0,697.1192222096062,507.7245145906665,708.6951459066652,402.20766549335764,408.21038037924393,422.9358544339731,630.79
2024-04-01,604.4999999999999,342.10999999999996,246.09000000000003,634.42,669.6700000000001,0.0,675.6500000000001,389.4,690.9000000000001,-1296.82,-1279.1,-1296.69,299.84000000000003
2024-04-02,-423.57000000000005,-468.82000000000005,182.78999999999994,465.27,470.77,0.0,519.46,492.96000000000004,392.2999999999999,-778.4100000000001,-778.4100000000001,-778.4100000000001,137.39
2024-04-03,937.77,1111.3000000000002,298.63000000000005,679.7499999999999,673.6999999999998,0.0,809.7499999999999,860.7399999999998,692.7399999999999,-708.0300000000001,-715.1500000000001,-743.01,-318.71000000000004
2024-04-04,828.73,788.6200000000001,812.3299999999999,750.3600000000001,701.5550000000001,0.0,807.96,837.6599999999999,737.1649999999998,-633.8500000000001,-1325.3099999999997,-1346.5599999999997,-1275.5099999999998
2024-04-05,459.34000000000003,509.84000000000003,474.04,439.92,452.11999999999995,0.0,692.85,543.0,649.4300000000001,-115.94999999999993,-115.94999999999993,-115.94999999999993,18.480000000000132
2024-04-06,281.95,466.4,495.4000000000001,205.06,119.86999999999989,0.0,591.08,473.75999999999993,577.96,50.780000000000086,50.780000000000086,115.42000000000007,137.0
2024-04-07,-1285.67,-1838.69,-157.04999999999998,-1782.95,-1769.8600000000001,0.0,399.97,303.51,392.20000000000005,-3075.6299999999997,-3075.6299999999997,-2934.66,-2918.6399999999994
2024-04-08,576.06,475.5799999999998,162.27999999999997,364.24,411.93999999999994,0.0,367.21,76.22999999999996,453.8299999999999,-515.3500000000001,-501.47,-514.24,17.730000000000018
2024-04-09,569.02,560.77,541.85,417.7199999999999,410.04999999999995,0.0,533.54,312.07000000000005,465.98,-68.84000000000003,-68.84000000000003,-18.860000000000127,22.0
2024-04-10,187.4,0.10999999999999943,-40.75,138.01,15.069999999999993,0.0,163.73000000000002,170.9699999999999,89.47000000000003,-662.77,-660.78,-664.77,-649.81
2024-04-11,-78.67999999999995,-39.370000000000005,-61.290000000000006,407.1199999999999,321.8900000000001,0.0,255.54000000000002,258.1600000000001,348.37000000000006,-953.0600000000001,-921.53,-962.85,-921.53
2024-04-12,283.80000000000007,399.04,-55.41999999999996,346.34000000000003,236.82000000000002,0.0,197.48999999999998,138.94,314.01,-551.9,-623.6200000000001,-613.5,-578.8800000000001
2024-04-13,-110.89000000000001,-51.57000000000002,-106.80000000000001,-250.9,-259.17,0.0,96.31999999999996,109.64999999999998,-30.380000000000052,-1069.1399999999999,-966.5600000000001,-767.1800000000001,-863.74
2024-04-14,-221.11,-362.28999999999996,-80.32,-172.42999999999998,-258.58000000000004,0.0,348.22,302.3,-99.82000000000005,-1126.6,-1126.6,-1093.02,-1292.23
2024-04-15,8.010000000000105,187.88,270.53000000000003,523.54,367.0200000000001,0.0,525.97,418.34000000000003,473.3299999999999,-225.35000000000008,-230.36000000000007,-194.31000000000006,-28.180000000000064
2024-04-16,-137.98000000000002,-51.78999999999985,454.00000000000006,472.52,466.76,0.0,464.62000000000006,330.25000000000006,511.33000000000004,22.269999999999982,8.769999999999982,-15.449999999999818,135.7600000000001
2024-04-17,868.6199999999998,814.8599999999999,795.5,677.63,669.24,0.0,825.3529999999998,550.3100000000001,718.16,219.3599999999999,263.3499999999999,367.8299999999999,695.4799999999998
2024-04-18,1077.98,971.63,970.6899999999999,671.1699999999998,668.8999999999999,0.0,851.7500000000001,509.34999999999997,744.49,58.039999999999736,58.039999999999736,131.82000000000016,311.9000000000001
2024-04-19,778.66,812.2800000000001,694.4999999999999,698.8999999999999,710.3399999999999,0.0,672.68,477.78000000000003,685.3399999999999,90.27999999999997,90.27999999999997,237.20000000000005,-2075.08
2024-04-20,673.7499999999999,655.23,367.28,441.17999999999995,433.1099999999999,0.0,375.96,278.99999999999994,625.8399999999999,-199.24,-199.24,81.56999999999994,-5048.23
2024-04-21,-237.22000000000014,-175.28999999999996,589.29,659.1349999999999,673.1400000000001,0.0,815.79,462.3100000000001,717.38,232.95000000000005,232.95000000000005,-451.0300000000002,-8628.2
2024-04-22,237.62999999999988,5.340000000000373,569.8999999999999,679.2799999999999,620.92,0.0,834.29,305.9299999999999,758.92,156.96000000000004,293.27,-483.94100000000026,291.1299999999999
2024-04-23,987.0899999999999,1100.3399999999997,-760.0600000000002,837.51,861.7700000000002,0.0,652.6500000000001,678.1300000000001,827.8399999999999,-93.94999999999993,-78.20000000000005,375.02999999999975,466.17999999999995
2024-04-24,1081.07,1225.14,1108.37,867.5799999999999,820.7699999999999,0.0,1082.2000000000003,1064.35,792.6500000000001,447.88000000000034,387.38000000000034,709.92,725.2699999999999
2024-04-25,1124.97,1183.8600000000001,1134.76,795.4800000000001,771.5900000000001,0.0,1154.1800000000003,1150.35,811.6100000000001,735.09,735.09,832.0800000000003,827.37
2024-04-26,934.7470000000001,915.2170000000001,873.9600000000002,720.7169999999999,652.6199999999999,0.0,995.93,998.7799999999999,669.847,470.6400000000001,470.6400000000001,345.85000000000014,507.85000000000014
2024-04-27,717.2500000000001,737.4100000000002,862.8800000000001,405.4200000000001,366.72,0.0,790.4100000000001,851.8499999999999,729.9200000000001,580.41,580.41,799.19,-7609.289999999999
2024-04-28,21.149999999999977,-30.45999999999998,375.93,-85.73000000000002,-232.34000000000003,0.0,326.3525,317.39,516.3600000000001,180.77000000000004,180.77000000000004,309.54,-9614.269999999999
2024-04-29,432.75999999999993,397.5799999999999,216.80000000000007,413.0,279.34000000000003,0.0,395.39,354.15,465.0300000000001,-207.7299999999999,-202.76,-134.94999999999993,-2601.26
2024-04-30,467.64000000000004,437.84000000000003,523.99,363.9100000000002,-447.42999999999984,0.0,256.4,357.83,554.3100000000001,-170.0,-170.0,-110.0100000000001,-2436.54
2024-05-01,103.28999999999999,112.81,407.78999999999996,-231.91999999999996,-289.68999999999994,0.0,163.77,208.29000000000002,213.94000000000005,-214.27999999999997,-214.27999999999997,-145.10999999999996,-132.99
2024-05-02,70.88000000000001,124.74000000000001,477.9499999999998,-301.55000000000007,-294.31000000000006,0.0,66.63,134.02000000000004,-1.0100000000000477,-442.28,-442.28,-442.28,-448.92
2024-05-03,-500.78999999999996,-535.66,-328.8700000000001,191.89,168.84000000000003,0.0,231.03999999999996,243.03999999999996,241.52999999999997,-718.0299999999999,-790.9399999999998,-784.5799999999999,-2698.5
2024-05-04,-98.92000000000007,-148.93000000000006,133.41000000000005,58.870000000000005,226.01999999999998,0.0,103.66999999999999,41.42999999999995,85.03000000000003,-108.23000000000002,-110.84000000000003,-115.66999999999996,-9850.91
2024-05-05,-455.62800000000016,-521.8100000000002,0.7000000000000455,-146.22000000000003,173.2100000000001,0.0,2.670000000000016,0.8300000000000409,-52.879999999999995,-262.55999999999995,-262.55999999999995,-193.39,-7992.967999999999
2024-05-06,746.67,646.0399999999998,250.26,408.59000000000003,340.23000000000013,0.0,-803.7,133.35000000000002,498.1400000000001,-126.83999999999992,-92.14999999999998,21.319999999999936,541.01
2024-05-07,817.05,849.04,581.53,668.0,452.0799999999999,0.0,-569.53,417.3299999999999,529.84,69.05999999999995,69.05999999999995,401.54999999999995,457.84999999999997
2024-05-08,1013.2400000000002,998.7000000000003,1304.19,511.17,392.53,0.0,181.48999999999995,337.8099999999999,527.8600000000001,243.38999999999987,293.84000000000003,893.5000000000001,966.5000000000001
2024-05-09,631.8900000000001,584.96,-2704.16,241.44000000000005,-94.91999999999996,0.0,-398.92,-396.6,202.71000000000004,-334.56999999999994,-278.49,-300.84000000000003,-245.64
2024-05-10,423.04999999999995,123.25999999999988,-238.79,280.22,296.84,0.0,134.33999999999997,67.05000000000001,273.87,-161.78999999999996,-161.78999999999996,-170.51999999999998,208.64999999999998
2024-05-11,271.9600000000001,-125.30999999999983,-25.150000000000006,109.84999999999997,67.92500000000001,0.0,-16.65000000000009,-0.34000000000003183,52.67999999999995,-293.55,-256.85,-254.19000000000003,114.36000000000001
2024-05-12,115.99000000000004,50.55000000000004,-670.49,-456.52,-368.58,0.0,-84.45000000000005,-111.24000000000004,-43.139999999999986,-81.94,-81.94,-87.72999999999999,-28.08000000000004
2024-05-13,-358.22000000000014,-345.30000000000007,1212.5900000000001,9.439999999999998,-29.829999999999984,0.0,11.800000000000011,127.0625,-48.54000000000002,-192.15999999999997,-153.70000000000005,-470.23,-594.49
2024-05-14,-304.44000000000005,-281.81,-101.57,-143.96,-204.24,0.0,-229.12000000000003,-122.96000000000006,-134.93999999999994,-360.28000000000003,-360.28000000000003,-641.77,-436.37999999999994
2024-05-15,123.35000000000002,94.5,-124.33,-60.889999999999986,-88.38999999999999,0.0,-1303.46,-358.91,7.949999999999932,-466.2,-460.2,-344.18999999999994,-272.17999999999995
2024-05-16,120.71999999999997,2.6899999999999977,-469.2499999999999,-45.47999999999996,-0.8499999999999943,0.0,-60.579999999999984,-248.79000000000002,16.639999999999986,-370.34000000000003,-359.29,-349.29,-253.27999999999997
2024-05-17,222.48,-16.86,-591.15,-24.139999999999986,-51.370000000000005,0.0,-256.54,-429.9799999999999,84.19000000000005,-324.28,-324.28,-323.79,-220.11999999999998
2024-05-18,-850.1500000000001,-1008.2500000000003,-396.86999999999995,-21.99000000000001,186.44000000000003,0.0,-268.89,-300.14,-0.5099999999999909,-393.97,-377.35,-268.20000000000005,-93.17000000000002
2024-05-19,275.3,307.98,-197.87,-216.11,3.359999999999957,0.0,-362.45,-369.87,-308.42,-831.1800000000001,-831.1800000000001,-828.6300000000001,6.5499999999999545
2024-05-20,553.28,637.68,-103.20999999999995,-126.36000000000001,-91.71999999999991,0.0,-411.15000000000003,-406.65,-182.56999999999994,-579.67,-577.5500000000001,-591.3399999999999,276.2099999999999
2024-05-21,-7.460000000000036,145.09,231.64,153.24,340.09,0.0,150.13999999999996,143.62,180.48000000000002,-493.8599999999999,-490.81999999999994,-460.32,-453.98999999999995
2024-05-22,-383.59000000000003,-492.69,-225.61999999999998,9.560000000000002,116.11000000000001,0.0,9.819999999999993,-208.40999999999997,53.74000000000001,-539.03,-539.03,-485.56000000000006,-290.0
2024-05-23,-166.11999999999966,-2528.9800000000005,-286.86,182.3200000000001,696.68,0.0,21.939999999999998,-92.76999999999998,194.0800000000001,-257.38,-257.38,-209.63,36.45000000000002
2024-05-24,890.6,894.0300000000001,49.56000000000003,-9.199999999999932,478.46000000000004,0.0,-39.69,-157.89000000000001,266.96000000000004,-249.26999999999998,-247.74,-275.47999999999996,551.3699999999999
2024-05-25,164.11,174.2800000000001,-14.419999999999987,144.69000000000003,366.6400000000001,0.0,-117.03999999999996,-148.13,195.01999999999995,-293.33000000000004,-293.33000000000004,-223.66000000000003,232.53999999999985
2024-05-26,38.789999999999964,-56.52999999999997,-193.75,-189.81,121.98000000000002,0.0,-180.47000000000003,-219.77,-46.57000000000005,-374.93,-377.90999999999997,-235.85000000000002,138.73000000000002
2024-05-27,679.8000000000001,717.7000000000002,-133.92000000000002,-106.25999999999999,451.15999999999997,0.0,-69.0,-222.36000000000004,93.12000000000012,-419.23999999999995,-419.23999999999995,-286.17,290.14000000000004
2024-05-28,868.47,795.3499999999999,-82.31,25.769999999999982,353.12,0.0,-118.99999999999997,-191.82,181.28999999999996,-407.79999999999995,-378.46000000000004,-341.49,210.0200000000001
2024-05-29,481.56000000000006,466.53999999999996,-1074.44,-59.37999999999988,32.539999999999964,0.0,-128.34,-194.65,66.10000000000014,-346.1,-346.1,-18.600000000000023,-3.92999999999995
2024-05-30,-110.36999999999966,63.13000000000011,293.9100000000003,171.3,515.2199999999999,0.0,57.73999999999998,-64.99000000000001,228.69999999999993,-262.97999999999996,-262.97999999999996,60.629999999999995,258.4999999999999
2024-05-31,206.01,316.57000000000005,-3934.5099999999993,30.579999999999927,483.3100000000001,0.0,74.26999999999998,36.890000000000015,207.11,-232.36,-229.53,-375.44999999999993,727.7499999999998
2024-06-01,355.23,449.5400000000001,-142.06999999999994,213.41999999999996,464.78000000000014,0.0,30.340000000000003,22.519999999999982,317.44,-211.07999999999998,-161.07999999999998,-85.67999999999995,106.17999999999995
2024-06-02,-123.25999999999999,-112.88999999999999,24.499999999999986,71.65,-212.01000000000002,0.0,-166.51,-196.46000000000004,-202.76,-292.75000000000006,-296.71000000000004,-198.70000000000005,-10.529999999999916
2024-06-03,-40.04000000000019,-845.3899999999999,-12830.539999999999,149.98000000000002,299.66999999999996,0.0,-1.4799999999999898,-52.28,204.13999999999987,-241.01,-239.09000000000003,-117.17000000000002,94.24000000000001
2024-06-04,83.97999999999979,754.3500000000001,355.9599999999998,117.70999999999992,348.65,0.0,-13.039999999999992,-130.22,122.75999999999999,-293.6,-252.59,-206.25,-2381.4300000000003
2024-06-05,140.45000000000005,-48.210000000000036,2.740000000000009,-61.6099999999999,172.85000000000002,0.0,26.24000000000001,-81.71,20.539999999999964,-398.67999999999995,-398.67999999999995,-504.35,-2907.38
2024-06-06,663.0300000000002,280.30999999999995,-1360.79,87.07999999999993,424.58,0.0,26.100000000000023,-66.5,196.76999999999992,-456.61,-453.9099999999999,-381.39000000000004,213.9799999999999
2024-06-07,607.9999999999998,531.3599999999998,257.3299999999999,123.06,318.15,0.0,222.95,203.52999999999997,160.47000000000003,-215.17999999999995,-215.17999999999995,-214.79999999999995,196.54999999999995
2024-06-08,95.06000000000002,79.17000000000002,160.7,148.51,85.80999999999997,0.0,103.42000000000002,24.10000000000005,166.58000000000004,-396.39,-402.76000000000005,-351.39,-362.12
2024-06-09,-75.46000000000001,-217.74,-90.32,-489.65999999999997,-495.23,0.0,-80.81,-182.33999999999997,-224.03000000000003,-633.6999999999999,-633.6999999999999,-629.92,-694.88
2024-06-10,298.01,242.44000000000005,295.32,115.30000000000001,110.59000000000003,0.0,157.95,264.61,149.55999999999995,-83.04999999999995,-82.54999999999995,-96.69999999999993,220.71000000000004
2024-06-11,374.47999999999996,616.01,358.9499999999999,22.460000000000036,49.710000000000036,0.0,296.8599999999999,223.10000000000002,212.61,-222.97999999999996,-222.97999999999996,151.92000000000007,225.86
2024-06-12,408.5,475.11,557.65,-393.4599999999999,-463.5500000000002,0.0,324.90999999999997,208.2800000000001,-190.13,18.1099999999999,18.1099999999999,133.22000000000003,330.5899999999999
2024-06-13,424.62000000000023,588.8699999999999,616.55,26.559999999999945,-50.67000000000007,0.0,363.39,187.59000000000003,37.639999999999986,156.76,153.91000000000008,278.99,504.3499999999999
2024-06-14,-158.79999999999995,-74.52999999999997,660.66,-644.1999999999999,-642.25,0.0,307.65,265.82,71.45000000000005,-38.33999999999992,-38.33999999999992,-36.83999999999992,53.83000000000004
2024-06-15,33.54999999999998,-6.019999999999996,160.31,-215.83999999999997,-305.36,0.0,153.64000000000004,17.559999999999945,-128.26,-488.97,-530.44,-510.79999999999995,-362.92
2024-06-16,-961.8499999999999,-1020.81,26.670000000000005,-218.79000000000002,-203.84,0.0,19.310000000000002,-71.03000000000003,-188.89,-785.2700000000001,-800.5000000000001,-776.3800000000001,9.259999999999991
2024-06-17,-296.01,-135.5,511.80000000000007,70.15000000000009,12.3599999999999,0.0,428.19999999999993,466.97,320.4,238.80999999999995,239.80999999999995,316.4899999999999,547.6899999999997
2024-06-18,866.0799999999999,799.72,100.75000000000006,-375.6999999999998,-223.36000000000013,0.0,383.31999999999994,475.72,415.7900000000001,126.09999999999997,127.21999999999991,121.51999999999998,334.52
2024-06-19,90.84999999999968,348.9799999999999,103.84000000000006,74.33999999999992,211.27999999999997,0.0,121.82000000000002,139.33,317.0000000000001,-90.57,-90.57,61.75000000000006,4.059999999999945
2024-06-20,-339.6999999999998,-89.09999999999968,-167.96999999999997,117.70000000000005,264.04999999999995,0.0,-132.93,-116.83999999999999,441.99,-472.38,-472.38,-542.1899999999999,212.67999999999995
2024-06-21,913.3600000000001,1226.3700000000001,-376.31,-23.25999999999999,171.81000000000006,0.0,7.6699999999999875,-5.570000000000022,451.14,-231.24,-231.24,-249.22,-329.49
2024-06-22,181.6400000000001,413.11,-14.140000000000015,86.55000000000001,166.67999999999995,0.0,280.78,228.64000000000007,290.10999999999996,-314.22,-306.97,-311.58000000000004,62.44999999999999
2024-06-23,-8.840000000000032,98.55000000000007,-97.11999999999995,-85.88000000000005,235.4,0.0,95.02000000000004,143.40999999999997,218.8400000000001,-390.84,-372.64000000000004,-409.74000000000007,272.02000000000004
2024-06-24,877.6500000000001,828.25,264.63,111.00999999999999,89.95000000000005,0.0,202.98000000000002,177.7100000000001,259.77000000000015,-138.41999999999996,-138.41999999999996,-79.36000000000001,811.28
2024-06-25,762.78,799.66,146.03999999999996,-114.10999999999996,-50.01999999999998,0.0,99.66999999999996,111.41999999999996,356.96000000000004,-244.65999999999997,-244.65999999999997,-244.65999999999997,56.23000000000002
2024-06-26,523.6800000000001,-1594.08,-67.22000000000003,26.299999999999955,22.810000000000002,0.0,-118.44999999999993,-122.04999999999984,288.82000000000005,-266.26999999999987,-266.26999999999987,-266.26999999999987,497.30999999999995
2024-06-27,391.2099999999998,349.92999999999984,344.42,136.96000000000015,166.50000000000006,0.0,261.15999999999997,236.51999999999998,360.72,95.19999999999999,97.94,96.0,295.9000000000001
2024-06-28,-314.56999999999994,-276.0999999999999,-107.83,-3.480000000000018,27.439999999999998,0.0,-57.52000000000001,-70.38999999999999,204.79999999999995,-485.02000000000004,-485.02000000000004,-473.03000000000003,-469.38
2024-06-29,411.4900000000001,361.48000000000013,-104.92999999999999,-39.73999999999995,204.73999999999995,0.0,-249.38999999999996,-322.28,-38.85000000000002,-676.3600000000001,-676.3600000000001,-588.0600000000001,-224.59000000000015
2024-06-30,-55.799999999999955,7.710000000000036,-215.56999999999994,-37.59999999999991,150.16999999999996,0.0,41.76000000000002,-27.680000000000007,15.539999999999964,-3603.58,-3596.54,-3583.33,-3820.2299999999996
2024-07-01,772.1299999999999,777.43,463.03000000000003,145.89000000000004,338.51,0.0,373.32000000000005,367.74000000000007,431.41,131.84000000000003,153.69,148.83000000000004,742.8
2024-07-02,515.9200000000001,856.4,100.56999999999988,134.05999999999995,146.79999999999995,0.0,290.27,229.66000000000003,496.09000000000003,132.39999999999998,151.0,279.32,554.0
2024-07-03,-39.010000000000105,-14.870000000000118,308.55999999999995,44.610000000000014,90.54000000000008,0.0,323.63,272.09,434.1899999999999,222.26999999999998,247.47000000000003,12.61000000000007,-190.07000000000005
2024-07-04,82.97999999999996,102.31,118.76000000000002,-139.42,-95.03,0.0,175.76999999999995,157.60000000000002,223.30000000000004,-275.98999999999995,-272.76,-263.07,-408.5900000000001
2024-07-05,-252.8300000000001,-321.9800000000001,-19.36999999999999,-64.69999999999999,-37.76000000000002,0.0,185.96999999999997,26.659999999999968,243.39,-437.96999999999997,-456.86,-448.11,-400.12
2024-07-06,-44.09,-101.22999999999999,-228.43000000000004,-269.93,-209.78000000000003,0.0,114.75999999999996,-94.92999999999995,188.48999999999995,-738.36,-738.36,-730.02,-658.53
2024-07-07,-160.89000000000001,-223.98,-178.48000000000002,-136.63,-213.76000000000005,0.0,64.47,-48.02000000000004,69.37999999999997,-883.6400000000001,-882.2199999999999,-792.26,-208.84000000000003
2024-07-08,592.63,550.7,-116.59000000000002,293.10999999999996,344.06000000000006,0.0,242.17999999999998,106.49000000000001,413.6700000000001,-453.75999999999993,-178.55,-173.06,32.91999999999996
2024-07-09,622.2,572.23,-102.44,250.42999999999995,423.1900000000001,0.0,337.95,286.78000000000003,412.12,-107.80000000000001,10.360000000000014,13.470000000000027,193.35000000000002
2024-07-10,-74.86000000000001,-107.5100000000001,73.82000000000005,360.49,338.0400000000001,0.0,254.41000000000003,219.35000000000002,477.39000000000004,-532.1600000000001,-6.699999999999932,-26.860000000000014,58.549999999999955
2024-07-11,755.3900000000002,704.7800000000002,-627.95,293.23999999999995,359.21000000000004,0.0,181.47,37.97999999999996,453.9,-394.78999999999996,-87.90000000000003,-96.27000000000004,543.0000000000002
2024-07-12,574.9599999999998,439.67999999999984,250.32999999999998,289.2800000000001,394.93,0.0,314.25,314.25,438.01,61.629999999999995,61.629999999999995,61.629999999999995,303.3900000000001
2024-07-13,-136.33,-280.95000000000005,-105.00000000000003,172.17999999999998,72.87,0.0,104.68,40.370000000000005,178.91999999999996,-184.02000000000004,-176.35000000000002,-246.0,-327.93
2024-07-14,120.83000000000004,110.87,-251.24,-1.210000000000008,86.68,0.0,-8.190000000000055,-89.67000000000007,101.03,-608.8699999999999,-594.3700000000001,-498.13,-406.98
2024-07-15,-527.3899999999999,-435.26,216.12,172.89,227.25999999999993,0.0,238.55000000000007,266.14,329.79999999999995,-127.77000000000004,-127.77000000000004,-125.04999999999995,42.64000000000004
2024-07-16,-89.06999999999982,-122.36000000000013,320.22,143.07000000000005,209.76000000000005,0.0,341.2,311.79,350.31000000000006,-20.650000000000034,-18.150000000000034,-16.480000000000018,-146.69000000000005
2024-07-17,432.07000000000005,393.6399999999999,-9.199999999999989,169.76,190.42000000000007,0.0,286.90999999999997,298.93,312.77,-123.79000000000002,-123.79000000000002,-123.79000000000002,37.360000000000014
2024-07-18,-83.46999999999991,17.25,74.27000000000001,25.090000000000032,73.60000000000002,0.0,168.42999999999998,166.81000000000003,247.46,-180.92999999999995,-173.84999999999997,-175.84999999999997,-386.02
2024-07-19,429.86,342.5,73.27000000000001,74.32999999999998,181.13,0.0,45.42999999999995,-8.899999999999977,301.55000000000007,-145.55,-145.55,-145.55,38.63999999999993
2024-07-20,163.8499999999999,162.47000000000003,143.7,139.64999999999998,263.52000000000004,0.0,252.66,193.66000000000003,124.18,-171.03999999999996,-142.69,-183.69000000000005,-98.41000000000008
2024-07-21,-575.1199999999999,-623.8399999999999,-76.10000000000002,53.78000000000003,198.71000000000004,0.0,52.81,38.96000000000001,83.15999999999997,-259.5,-252.42000000000002,-249.08999999999997,-365.4
2024-07-22,-347.03999999999996,-315.95000000000005,-520.8199999999999,3.7800000000000296,181.36,0.0,223.07,209.3,229.26,67.31,71.05999999999995,77.30999999999995,-28.079999999999984
2024-07-23,-517.96,-567.97,238.53000000000003,241.53000000000003,445.4899999999999,0.0,278.77000000000004,209.83000000000004,318.96000000000004,67.56000000000006,87.47999999999996,67.62,-204.28999999999996
2024-07-24,131.20999999999992,34.60000000000002,150.15999999999997,22.5,190.80999999999995,0.0,184.70999999999998,198.79,140.54,-44.02999999999997,-44.02999999999997,-42.18999999999994,64.8599999999999
2024-07-25,356.7700000000001,306.6800000000002,229.57,76.82999999999998,291.68,0.0,264.91999999999996,118.70999999999998,195.5,60.670000000000016,60.670000000000016,60.670000000000016,51.55000000000001
2024-07-26,692.7300000000001,642.1800000000001,160.57000000000002,26.520000000000095,387.93999999999994,0.0,216.4,225.33999999999997,245.82,79.53,79.53,87.91000000000008,33.15999999999997
2024-07-27,710.1499999999999,659.83,206.37,227.11,638.78,0.0,259.43,275.06,243.22999999999996,44.15999999999997,49.55000000000001,77.19999999999999,4.539999999999964
2024-07-28,-312.4699999999999,-444.8799999999999,178.05999999999997,-173.53000000000003,5.1200000000000045,0.0,190.70000000000005,210.50000000000009,-201.58000000000015,-318.18000000000006,-318.18000000000006,-319.57000000000005,-240.18999999999997
2024-07-29,296.66,306.9799999999999,-149.39000000000001,17.760000000000048,208.54000000000002,0.0,250.01000000000008,252.32000000000008,184.90999999999997,-367.67,-367.67,-367.67,139.66000000000003
2024-07-30,310.04999999999984,259.4799999999999,79.94000000000001,147.59,316.85,0.0,237.115,263.44000000000005,195.79,-195.31000000000003,-195.31000000000003,-171.27000000000004,-219.39999999999998
2024-07-31,439.83000000000004,389.2800000000001,83.00999999999999,-49.74000000000001,210.04000000000002,0.0,183.59,226.51,223.75,-253.31,-235.81,-216.42000000000002,-428.6
2024-08-01,966.3199999999998,917.65,142.0,204.54000000000002,650.29,0.0,242.82000000000005,275.59,264.15999999999997,-195.76,-195.76,-168.96999999999997,192.44999999999993
2024-08-02,-74.84999999999991,-125.23000000000025,125.35999999999997,238.64999999999995,601.36,0.0,296.61,306.59000000000003,297.2099999999999,-36.83000000000001,-36.83000000000001,-51.05000000000001,480.56999999999994
2024-08-03,623.2900000000001,572.94,141.70999999999992,-26.100000000000023,370.03,0.0,239.20000000000002,267.37,169.63000000000002,-170.00000000000006,-179.98999999999995,-100.99000000000001,54.620000000000005
2024-08-04,-108.54999999999984,-146.38,207.42000000000002,-90.83999999999997,422.29999999999995,0.0,214.66000000000003,230.03000000000003,159.165,-35.559999999999974,11.640000000000015,12.710000000000036,-124.70999999999998
2024-08-05,637.2600000000001,590.2900000000001,347.09999999999997,74.37,464.65999999999997,0.0,277.37999999999994,272.75,278.58,-38.25,-37.700000000000045,-31.160000000000025,535.2600000000001
2024-08-06,717.08,672.61,264.1599999999999,66.81999999999994,439.1600000000002,0.0,242.5,234.51000000000005,265.42,-111.18000000000006,-37.72000000000003,-37.72000000000003,431.1
2024-08-07,195.62999999999965,144.9299999999996,190.59000000000003,120.41,488.77000000000004,0.0,139.10000000000002,120.32000000000004,266.52000000000004,-85.55000000000001,-85.55000000000001,-78.64999999999998,560.7699999999999
2024-08-08,524.67,169.85000000000014,-15.170000000000002,61.039999999999964,416.53,0.0,62.24000000000004,-30.22999999999996,182.74999999999997,-222.92999999999995,-222.92999999999995,-222.92999999999995,126.39999999999986
2024-08-09,10.43999999999994,-9.300000000000011,-43.45,-189.33999999999997,-114.55000000000001,0.0,18.060000000000002,-23.56000000000003,19.100000000000023,-274.95,-277.95,-277.95,-267.31000000000006
2024-08-10,-171.6,-129.33999999999997,-121.88999999999999,-636.4399999999999,-396.96,0.0,-172.79999999999998,-237.06,-157.95999999999998,-432.08,-500.31,-511.2,-521.75
2024-08-11,-32.15999999999994,-274.11999999999995,-89.72999999999999,-599.0,33.099999999999994,0.0,-161.07,-239.42000000000002,-145.4,-371.17,-455.25,-455.25,-443.88
2024-08-12,51.870000000000005,1.2300000000000182,-119.92999999999995,-223.37999999999994,181.30999999999995,0.0,27.189999999999998,-85.76999999999998,21.840000000000003,-130.07000000000005,-124.97000000000003,-121.25000000000003,74.85000000000002
2024-08-13,297.3800000000001,267.8399999999999,-496.65,-231.80999999999995,180.71000000000026,0.0,137.05999999999997,85.94999999999999,49.25,-55.610000000000014,-52.629999999999995,-46.94999999999999,-167.76
2024-08-14,-1149.8600000000004,-1375.3900000000003,115.61999999999989,-133.23999999999995,382.69999999999993,0.0,96.15,43.71000000000001,-80.26999999999998,-13.04000000000002,-7.3700000000000045,-13.04000000000002,-159.0
2024-08-15,79.0,35.559999999999945,-24.960000000000008,76.39999999999998,487.18,0.0,114.19999999999999,136.66,135.37999999999997,-149.77,-160.66,-131.53,-132.62
2024-08-16,550.3399999999997,501.14999999999975,-16.72,85.94,553.1899999999998,0.0,-45.28,-71.66999999999996,94.12,-208.195,-198.20999999999998,-193.70999999999998,-48.50000000000023
2024-08-17,1019.4300000000002,969.2500000000002,-258.42999999999995,-5.339999999999975,643.6600000000001,0.0,54.81,52.26000000000003,60.32000000000001,-41.29999999999998,-39.95999999999998,1.3200000000000216,23.660000000000082
2024-08-18,815.7600000000001,816.8699999999999,-95.70000000000005,2.0,551.64,0.0,17.829999999999984,39.43999999999998,16.599999999999994,-89.17000000000002,-89.17000000000002,-61.67999999999998,210.67000000000007
2024-08-19,653.1700000000001,606.5099999999999,-37.45000000000002,-169.31,564.1099999999999,0.0,-62.83000000000001,-63.03,34.03999999999999,-128.52,-135.47000000000003,-115.05999999999999,39.80000000000007
2024-08-20,187.37,334.7099999999999,-77.91,-252.81,257.33000000000004,0.0,-90.78999999999999,-73.08,-0.04000000000000625,-267.93,-267.93,-267.93,-295.51000000000005
2024-08-21,-478.9000000000001,-527.8799999999998,-770.2199999999999,-330.93,-428.80999999999995,0.0,-47.58000000000001,-56.13000000000001,-135.82000000000002,-736.1899999999999,-750.54,-740.54,-544.1300000000001
2024-08-22,208.70000000000002,92.47999999999996,-37.25000000000001,-130.97000000000003,-161.23999999999995,0.0,-43.44999999999999,-26.440000000000012,-43.66000000000001,-169.04000000000002,-159.06000000000003,-206.45999999999998,-220.79999999999998
2024-08-23,-106.91999999999999,-79.07,-252.31000000000006,-235.57,-47.25,0.0,-54.690000000000005,-43.300000000000004,-122.69000000000003,-216.57,-217.65999999999997,-209.41000000000003,-203.49
2024-08-24,95.63,151.54999999999998,-177.69,-230.35999999999999,229.22999999999996,0.0,-166.04000000000002,-164.54000000000002,-114.73750000000001,-359.19,-385.09,-384.49,-316.92
2024-08-25,-106.71000000000004,-155.01999999999998,-133.15,-189.37,-143.07999999999998,0.0,-147.29999999999998,-152.85,-132.4,-423.24,-450.94,-441.34,-434.59
2024-08-26,-1126.84,-968.0600000000002,-90.61,-140.31,29.639999999999986,0.0,-88.13,-117.2,-84.69000000000001,-335.63,-335.63,-335.64,-316.36
2024-08-27,-243.3900000000001,286.09000000000003,-30.670000000000005,-184.57999999999998,284.1200000000001,0.0,-86.44,-99.81,-154.59000000000003,-276.86,-276.86,-270.9,-100.71000000000004
2024-08-28,-535.3299999999999,-826.3199999999997,-67.67000000000002,-237.62,341.9099999999999,0.0,-70.30000000000001,-89.11000000000003,-96.69000000000003,-265.46,-259.41999999999996,-256.27000000000004,-425.61999999999995
2024-08-29,134.71000000000004,-744.51,-304.39,-343.01,274.06000000000006,0.0,-56.14,-49.300000000000004,-203.96,-118.19999999999999,-112.52000000000001,-111.27000000000001,-113.25
2024-08-30,364.7700000000002,295.8699999999999,-117.18999999999998,-224.51,425.2600000000001,0.0,10.149999999999991,25.879999999999995,-181.9,-229.73,-224.54,-188.35,-125.49000000000001
2024-08-31,444.84000000000015,699.2000000000002,-640.6299999999999,-94.81,304.69000000000005,0.0,-74.65000000000002,-93.51000000000002,-39.08000000000001,-193.76999999999998,-191.72,-186.06,-143.35999999999996
2024-09-01,-224.91000000000008,-268.07000000000005,25.25999999999999,-25.769999999999953,442.79999999999995,0.0,135.69000000000005,91.94000000000005,66.07,-137.89,-137.89,-0.14000000000001478,45.50999999999999
2024-09-02,1212.15,1267.88,-488.06000000000006,197.89999999999998,478.2700000000001,0.0,12.090000000000003,-23.560000000000002,321.78999999999996,-100.5,-93.81,60.579999999999984,-1837.9099999999999
2024-09-03,519.4200000000001,882.27,-202.66999999999996,-153.88000000000005,231.55000000000007,0.0,-11.239999999999995,-40.239999999999995,-116.06000000000006,-221.43999999999997,-221.43999999999997,-155.20999999999992,-1957.8000000000002
2024-09-04,364.7900000000002,490.0699999999997,-712.1300000000001,-230.07000000000005,325.0799999999999,0.0,41.02999999999997,35.04999999999998,-182.86,-278.36,-249.53,-145.76000000000002,-1166.1100000000001
2024-09-05,-445.45000000000005,-463.80000000000007,159.81999999999982,-85.03000000000003,69.55999999999995,0.0,107.08000000000004,79.19000000000005,-83.18000000000006,-479.97,-435.19,-400.15999999999997,-322.28999999999996
2024-09-06,-2.480000000000132,-32.030000000000086,-420.7499999999999,-61.02999999999997,61.75999999999999,0.0,111.52,103.37000000000002,-104.44,-329.86,-329.86,-293.88000000000005,-154.84000000000003
2024-09-07,-10093.250000000002,-10093.240000000002,-169.73999999999998,-105.27,220.9000000000001,0.0,8.629999999999995,-44.79999999999998,-118.64,-886.38,-105.44999999999997,-67.15000000000002,8.719999999999999
2024-09-08,456.37,442.23,-92.70000000000005,-115.05999999999999,221.47999999999996,0.0,-12.049999999999983,-45.71999999999997,-79.98999999999998,-747.84,-146.44,-142.18999999999997,32.84
2024-09-09,540.0100000000001,491.32000000000005,-662.14,-185.69,446.6700000000001,0.0,-55.580000000000005,-121.71000000000001,-185.63,-587.1899999999999,-161.29000000000002,-137.28,-131.32999999999998
2024-09-10,-17.359999999999985,-61.34,-68.44999999999999,-437.21999999999997,-329.48999999999995,0.0,-119.84000000000002,-191.21,-400.14,-597.6800000000001,-186.95,-158.73,-73.42
2024-09-11,230.87,273.44,-256.20000000000005,-269.81,-36.31000000000006,0.0,-81.39000000000001,-181.13000000000002,-89.46000000000001,-259.42,-169.20999999999998,-86.91000000000001,14.769999999999996
2024-09-12,665.0499999999998,1142.2799999999997,141.6099999999999,-431.8399999999999,208.24,0.0,6.550000000000004,-163.90000000000003,-266.16999999999996,-3265.2,-3149.4100000000003,-3096.3900000000003,-3015.03
2024-09-13,715.2599999999998,618.6299999999999,2438.6400000000003,-365.78,274.38,0.0,-108.66999999999999,-85.19,-133.01999999999995,-32.67999999999995,147.87,-6.950000000000017,39.56999999999999
2024-09-14,119.5,-45.40000000000009,-1702.9399999999996,-143.43,310.86,0.0,36.57000000000001,-11.859999999999985,-107.96000000000001,-119.75,-134.21000000000004,-125.02000000000001,-23.110000000000014
2024-09-15,-12.910000000000082,-29.220000000000027,406.35,-164.45,-16.769999999999982,0.0,65.34,8.659999999999997,47.769999999999996,1.0599999999999739,30.559999999999988,30.559999999999988,52.920000000000016
2024-09-16,905.6999999999999,855.6099999999999,1436.0699999999997,56.84000000000003,322.53999999999996,0.0,-77.08999999999997,-25.819999999999993,44.59,-108.34000000000003,12.269999999999982,305.17,320.38
2024-09-17,1065.9999999999998,1018.9399999999998,1224.62,-76.86999999999995,206.68,0.0,-54.069999999999936,-330.63,120.09000000000006,-403.48,-168.55999999999995,-71.82999999999998,23.53000000000003
2024-09-18,644.01,614.82,-649.6999999999998,-140.82,95.37,0.0,41.650000000000006,-543.5,37.920000000000016,-611.51,11.380000000000052,126.28000000000003,126.10000000000002
2024-09-19,452.89,402.49,-621.29,-186.23000000000002,48.98000000000002,0.0,138.64,-2.2600000000000193,21.519999999999982,-39.569999999999965,68.69,57.599999999999994,182.38
2024-09-20,-208.67000000000007,-235.56999999999994,184.56999999999994,-171.38,192.74,0.0,163.95,19.160000000000025,76.67000000000002,-331.34999999999997,-34.56999999999999,-38.84000000000003,81.66
2024-09-21,762.0699999999999,686.21,-690.2775,-113.47999999999996,248.04000000000002,0.0,87.37,69.05000000000001,41.72,-221.53000000000003,-146.9,-173.57,-51.97
2024-09-22,335.69000000000005,308.68999999999994,-141.07000000000016,101.44,358.53000000000003,0.0,182.42000000000002,179.34,167.28000000000003,-62.47,90.89000000000001,93.74000000000001,350.67999999999995
2024-09-23,996.08,946.28,-6167.720000000001,-275.34000000000003,217.57000000000005,0.0,-23.57000000000005,152.21000000000004,150.53000000000003,-149.76000000000002,-187.43500000000006,-161.35000000000002,-60.889999999999986
2024-09-24,802.2500000000002,782.4499999999999,-216.84000000000003,60.24999999999997,431.25000000000006,0.0,115.92999999999998,116.75,82.53999999999996,-178.43,-65.94000000000005,-54.60000000000002,19.629999999999995
2024-09-25,-231.56000000000006,-462.47,16.370000000000033,73.61999999999998,306.31999999999994,0.0,151.08,156.46999999999997,122.01000000000002,-207.32999999999998,-60.21000000000001,-61.56,-27.39999999999999
2024-09-26,128.5000000000001,54.190000000000055,120.54000000000008,84.07999999999998,252.82000000000005,0.0,152.21000000000004,126.70000000000002,123.02000000000001,-145.04000000000002,-11.569999999999993,-16.78000000000003,26.129999999999995
2024-09-27,50.27000000000004,28.379999999999995,-1178.7299999999998,-19.74000000000001,1.0800000000000125,0.0,158.07999999999998,164.36,88.18999999999998,-125.64999999999999,-123.55,-103.88,-47.21
2024-09-28,-274.65000000000003,-228.26999999999998,-98.43000000000006,-96.45000000000002,-162.80999999999995,0.0,50.54999999999998,18.78,167.86,-222.57999999999998,-303.34000000000003,-299.75000000000006,-247.66000000000008
2024-09-29,342.34000000000003,118.63999999999999,-5.660000000000011,-168.13000000000005,-40.440000000000055,0.0,88.94,-33.0,399.34,-176.64999999999998,-182.64999999999998,-576.52,-306.15000000000003
2024-09-30,109.35999999999999,15.559999999999974,181.7199999999998,-50.26999999999998,-48.50000000000006,0.0,-12.569999999999993,24.549999999999983,95.18999999999997,13.840000000000003,-85.15999999999997,30.950000000000017,135.66
2024-10-01,-495.91999999999985,-538.41,-94.39000000000004,292.41999999999996,252.43,0.0,313.01,83.93999999999997,326.96,-158.49000000000004,111.08000000000004,155.7,155.82
2024-10-02,408.7000000000003,528.53,1162.9199999999996,363.2200000000001,478.7,0.0,393.1600000000001,240.92999999999998,337.22000000000014,-386.47,-225.59000000000015,-121.6600000000002,-152.26000000000022
2024-10-03,369.6500000000002,342.82000000000016,449.2300000000005,279.80000000000007,322.05000000000007,0.0,238.48000000000002,243.22000000000003,300.80000000000007,-68.28999999999996,-48.819999999999936,235.29000000000008,236.21000000000004
2024-10-04,1154.39,1121.05,-25.330000000000382,332.88999999999993,368.2900000000001,0.0,209.0,247.22,495.08000000000004,-20.27000000000004,-4.909999999999968,66.56000000000006,97.56000000000006
2024-10-05,884.6600000000001,867.9800000000001,583.1099999999999,513.84,684.4000000000001,0.0,251.66,221.24999999999997,610.45,222.16000000000005,251.92000000000002,273.23,349.39
2024-10-06,492.2999999999999,240.10000000000002,198.58999999999997,317.39,423.37,0.0,228.18,211.49999999999997,479.38000000000005,149.98999999999995,132.39999999999995,227.32000000000005,312.06
2024-10-07,-37.59000000000003,-52.55000000000007,697.14,193.62,190.27999999999997,0.0,268.67,184.25999999999996,359.63,-19.110000000000014,53.04000000000002,161.57,240.23000000000002
2024-10-08,1150.13,1105.18,316.15000000000003,209.70000000000005,261.7900000000001,0.0,206.15999999999997,190.01,481.53,-55.190000000000055,66.77000000000004,130.50000000000003,121.91000000000003
2024-10-09,888.65,838.06,-61.80999999999999,452.89000000000004,510.02,0.0,88.55,80.84000000000003,552.8800000000001,-222.60999999999999,-95.51,-80.96000000000001,7.049999999999997
2024-10-10,393.64,320.48,5.939999999999998,437.55,451.22,0.0,6.769999999999982,117.85,509.77,-423.31000000000006,-296.82000000000005,-296.82000000000005,-245.09000000000003
2024-10-11,262.28,-31.690000000000055,-477.65,537.5,528.77,0.0,75.38999999999999,83.6,534.5699999999999,-323.7,-252.87999999999997,-231.77999999999997,-186.63
2024-10-12,363.2400000000002,243.98000000000013,-31.71999999999997,445.29,476.25,0.0,50.02999999999997,48.26999999999998,425.9899999999999,-228.3,-144.77999999999997,-141.02,12.930000000000007
2024-10-13,11.799999999999997,-49.93000000000001,-15.300000000000004,-307.70000000000005,-303.21000000000004,0.0,73.43500000000003,24.94999999999999,289.27000000000004,-52.75,-48.079999999999984,-101.92000000000002,145.09999999999997
2024-10-14,744.6500000000002,709.3600000000001,811.24,275.56,277.82000000000005,0.0,282.48,233.24,458.44000000000005,-180.55,0.5799999999999272,131.62,293.8899999999999
2024-10-15,1021.69,1003.17,295.27,382.41999999999996,425.40999999999997,0.0,180.59,182.18,576.7800000000001,-316.52,-138.32999999999996,26.920000000000016,-280.8800000000001
2024-10-16,84.79000000000002,73.13999999999996,33.31999999999999,3.930000000000007,20.810000000000002,0.0,83.74999999999999,5.3799999999999955,236.45999999999998,-256.07,-130.64000000000004,-280.44999999999993,-480.94
2024-10-17,87.49000000000001,64.24999999999989,-56.19,6.819999999999936,5.819999999999936,0.0,73.84999999999997,41.09,320.79999999999995,-312.7,-133.69,-133.69,-133.69
2024-10-18,1050.19,1011.3000000000003,-150.19,447.1400000000001,445.53,0.0,100.58999999999997,0.09999999999999432,523.57,-353.15,-276.68000000000006,-252.93,-49.18000000000001
2024-10-19,696.1300000000002,910.2400000000001,-21.92,537.8199999999999,575.4499999999999,0.0,-93.81,-110.16000000000003,560.1300000000001,-239.71000000000004,-220.79000000000002,-227.29000000000002,-137.63
2024-10-20,-4.750000000000114,100.34000000000003,-45.660000000000004,164.71999999999994,174.72999999999993,0.0,-42.56,-61.360000000000014,224.42999999999995,-171.92000000000002,-178.07,-171.68,-153.29
2024-10-21,232.11000000000007,266.82,-64.86,136.51000000000002,140.36,0.0,-79.59,-173.73999999999998,182.92,-289.37,-241.52,-216.69,-59.42
2024-10-22,668.7299999999998,789.3,-10.580000000000005,258.4699999999999,283.12,0.0,-61.98,-101.2,294.3999999999999,-270.69,-164.05,-372.36,-7179.070000000001
2024-10-23,186.68000000000006,170.05999999999995,-122.68,141.29000000000002,328.35999999999996,0.0,-62.55999999999999,-176.29,270.69999999999993,-193.02,-183.78,-227.94,-9288.789999999999
2024-10-24,763.3900000000001,734.49,-170.22000000000003,214.19999999999996,338.01000000000005,0.0,-31.289999999999992,-155.97,239.93,-169.46,-164.46,68.97000000000003,-9349.05
2024-10-25,1448.49,1426.31,-80.51000000000002,-5.410000000000025,439.44000000000005,0.0,-144.06999999999996,-204.64,-10.580000000000041,-187.88,-187.88,9.370000000000005,-11461.78
2024-10-26,982.14,766.0400000000001,105.79999999999995,71.36000000000001,615.22,0.0,-54.05,-59.86,107.76000000000002,-90.7,-107.22000000000001,-33.6400000000001,-11816.140000000001
2024-10-27,533.0100000000002,542.69,-222.55999999999997,-107.0,582.4399999999999,0.0,-191.01999999999998,-228.25,-1.259999999999991,-278.61,-278.61,-209.09,-7088.14
2024-10-28,802.3500000000003,1024.9,-0.9600000000000009,-140.67000000000002,510.15,0.0,-106.41999999999999,-167.89999999999998,-53.71999999999997,-156.61,-156.61,-224.94000000000003,-6265.0
2024-10-29,1494.63,1443.98,225.61,159.75000000000006,602.3599999999999,0.0,-32.87,-104.71000000000001,159.11,-128.78,-128.78,25.20999999999998,-6632.160000000001
2024-10-30,1172.77,1119.42,-56.28,-296.32,460.31,0.0,-41.339999999999996,-126.46000000000002,-219.04000000000002,-171.93,-199.76999999999998,-132.14,-11229.72
2024-10-31,161.49000000000007,118.05000000000007,-353.0800000000001,-288.14,-44.37999999999994,0.0,-18.17,-49.599999999999994,-406.7,-73.88999999999999,-75.32000000000001,-28.349999999999994,-9.410000000000025
2024-11-01,5.550000000000004,-31.29,-433.52,-157.37999999999997,-72.21000000000001,0.0,-46.440000000000005,-109.76999999999998,-123.75999999999998,-160.29000000000002,-172.0,-161.29000000000002,-132.78
2024-11-02,1387.6399999999999,1413.3,-30.199999999999996,56.97000000000003,526.1600000000001,0.0,-60.42,-132.68,-68.22,-167.2,-190.24,27.99000000000001,1.3499999999999943
2024-11-03,178.63,-82.98000000000002,-592.39,-77.34,370.56999999999994,0.0,-31.739999999999995,-95.73999999999998,-39.709999999999994,-116.94999999999999,-82.19,-33.27000000000001,-3.9200000000000017
2024-11-04,1290.92,1275.1799999999998,126.63999999999987,-182.86999999999995,-172.42999999999995,0.0,-52.89,-27.69999999999999,-169.96999999999997,-179.11000000000007,-235.46000000000004,-34.5,-7116.75
2024-11-05,1456.1,1439.37,101.17000000000007,-146.45000000000005,-254.08999999999992,0.0,-61.269999999999996,-112.07999999999998,132.30000000000004,-209.32000000000005,-338.34999999999997,-803.6300000000001,-7503.460000000001
2024-11-06,-177.54999999999973,-236.69000000000005,-1361.65,-34.069999999999936,110.34000000000003,0.0,-120.11,-71.7,-14.269999999999982,-154.98000000000002,-196.72,-1907.54,-5811.25
2024-11-07,959.2399999999998,957.9700000000001,40.309999999999945,258.28,432.61,0.0,-104.52000000000001,-53.91,166.12,-165.07,-218.66000000000003,-109.52999999999986,-2743.7299999999996
2024-11-08,63.97000000000003,12.0300000000002,10.209999999999951,284.81,370.3299999999999,0.0,-45.08,-99.51000000000002,237.99999999999997,-128.5,-193.59,-1080.6499999999999,-26.750000000000227
2024-11-09,1276.48,1245.8,243.00000000000003,290.59999999999997,532.21,0.0,63.45999999999995,6.799999999999997,295.8,140.83999999999997,122.98999999999995,580.1700000000001,609.6999999999999
2024-11-10,1605.1799999999998,1571.13,1047.56,39.539999999999964,257.09999999999997,0.0,156.80999999999997,2.2600000000000477,323.65,459.8299999999999,444.2699999999999,1223.45,1385.0
2024-11-11,1360.1699999999998,1334.67,1117.27,-28.329999999999927,218.31000000000006,0.0,53.910000000000025,-60.059999999999974,286.61,227.11,137.32,940.48,1375.2
2024-11-12,1580.2900000000004,1634.0099999999998,1024.0500000000002,452.49999999999994,373.34999999999997,0.0,-9.589999999999975,-56.49999999999997,480.44000000000005,-91.51000000000005,-277.07,809.2700000000001,1434.9199999999998
2024-11-13,1442.94,1487.6399999999999,7.840000000000003,176.23000000000008,175.32000000000005,0.0,1.160000000000025,-105.32,348.0700000000001,-212.57999999999996,-264.02,-298.53999999999996,354.3399999999997
2024-11-14,661.6500000000001,649.1700000000001,-202.61,10.870000000000005,345.76,0.0,93.27000000000001,-174.19,273.5000000000001,-354.31000000000006,-350.35999999999996,-612.28,-213.14
2024-11-15,1033.4099999999999,843.7,-64.98999999999998,383.93999999999994,478.4800000000001,0.0,-34.510000000000005,-112.61000000000001,437.05999999999995,-199.29999999999995,-269.97,-353.57,-275.79
2024-11-16,49.02000000000004,-242.5900000000001,-262.02,348.43,418.94000000000005,0.0,-69.58,-232.54999999999998,476.36,-284.15000000000003,-290.47,-275.30000000000007,-58.35
2024-11-17,278.99000000000007,198.34,-419.14999999999986,263.6400000000001,240.83999999999997,0.0,-69.23,-20.239999999999995,427.54,-68.77000000000002,-71.48000000000002,-180.48000000000002,215.10999999999999
2024-11-18,907.1900000000002,792.6700000000001,549.9999999999998,371.79999999999995,462.0099999999999,0.0,-451.39,-336.07000000000005,426.25,-294.96999999999997,-340.7099999999999,616.51,728.8900000000001
2024-11-19,-225.55999999999995,-215.1300000000001,-146.69000000000005,-765.22,-614.1700000000001,0.0,-1747.4500000000003,-367.64000000000004,-578.5099999999998,-899.9600000000003,-929.7199999999996,-1234.7400000000005,571.9300000000001
2024-11-20,1610.01,1354.78,549.75,580.3199999999999,658.68,0.0,-715.1700000000001,-88.94000000000003,714.3100000000002,-643.73,-508.39,586.55,755.54
2024-11-21,-327.36999999999944,-413.62999999999965,-446.03999999999985,-1249.6899999999996,-1024.42,0.0,41.78999999999999,-1.6500000000000057,-1268.0800000000004,-174.61,-255.15000000000003,672.23,-607.5899999999997
2024-11-22,1153.48,744.5799999999999,1066.39,380.8800000000002,513.5200000000001,0.0,163.24000000000004,32.56,542.4,-708.7900000000001,-749.49,803.1499999999999,976.3499999999999
2024-11-23,751.6600000000002,518.07,472.49,564.9200000000001,613.02,0.0,158.38999999999996,18.610000000000014,568.13,-62.18000000000001,-50.5,500.1300000000001,556.5200000000001
2024-11-24,-209.67,-79.22,-141.32999999999998,-5.7900000000000205,54.42000000000007,0.0,72.71000000000004,-101.03,246.79000000000002,-227.42000000000004,-224.98000000000002,-248.56,-108.92
2024-11-25,144.57,81.25,-111.71000000000001,-142.23000000000002,255.35999999999999,0.0,106.35000000000002,-95.66,328.87,-187.63,-220.63,-146.93999999999994,77.71000000000001
2024-11-26,-491.31999999999994,-472.33000000000015,41.80000000000001,209.63000000000005,225.43999999999994,0.0,209.12999999999994,54.06999999999999,388.08000000000004,-146.15999999999997,-158.89999999999998,-95.69,63.360000000000014
2024-11-27,1182.5500000000002,612.8000000000001,410.8700000000001,273.9300000000002,305.3000000000002,0.0,322.2300000000001,-14.800000000000011,619.64,164.59000000000003,95.04000000000008,495.9,529.28
2024-11-28,984.2399999999999,479.33000000000004,1144.1900000000003,193.76999999999998,220.31999999999994,0.0,288.87,37.739999999999995,270.31999999999994,-377.73,-395.01,353.53999999999985,429.7399999999999
2024-11-29,1566.5200000000002,1572.04,266.63,96.96000000000004,242.51000000000005,0.0,-50.51000000000002,32.51999999999998,261.10000000000014,-263.41,-393.5300000000001,859.01,1021.04
2024-11-30,315.6099999999999,259.3700000000001,107.67000000000007,303.96000000000004,433.02000000000004,0.0,72.64000000000001,42.41999999999996,482.7499999999999,-3.2200000000000273,-25.300000000000068,-2.839999999999975,246.72
2024-12-01,555.0100000000002,508.04999999999995,-103.22,202.31,382.78999999999996,0.0,50.73000000000002,-21.53,484.97999999999996,-283.6600000000001,-274.37,-184.69,82.03999999999996
2024-12-02,507.2000000000001,201.24999999999977,-605.19,120.03000000000009,238.5675,0.0,25.55000000000001,-134.01999999999998,348.42999999999995,-530.67,-533.3,-358.0100000000001,7.1399999999999295
2024-12-03,1391.38,1285.5,254.14999999999986,258.77,493.3000000000003,0.0,91.21999999999997,82.01,543.06,-466.5699999999999,-482.4199999999999,360.39999999999986,463.6099999999999
2024-12-04,965.06,393.46000000000026,606.6300000000002,406.4699999999999,182.20000000000005,0.0,104.03999999999996,56.79999999999997,552.06,-926.27,-1032.39,-0.3400000000001455,161.93999999999983
2024-12-05,228.31999999999982,272.64,55.62999999999988,189.29000000000008,115.64999999999998,0.0,139.51,20.629999999999995,541.0,-182.28,-220.51999999999998,-108.53000000000009,875.77
2024-12-06,538.9699999999999,418.44999999999993,90.97,456.8399999999999,603.5799999999999,0.0,111.59999999999997,1.7100000000000364,560.8,-257.87999999999994,-391.19000000000005,-124.97000000000008,144.1500000000001
2024-12-07,493.0800000000001,562.94,368.1,302.03,494.76,0.0,32.11000000000007,22.409999999999997,552.9200000000001,62.22999999999999,58.629999999999995,387.80000000000007,547.97
2024-12-08,811.4999999999999,622.1,233.0000000000001,502.57,605.5400000000001,0.0,99.31,40.11000000000003,557.8500000000001,13.630000000000024,16.580000000000013,617.1899999999998,679.1500000000001
2024-12-09,595.37,199.76999999999998,407.70000000000005,332.13,263.93000000000006,0.0,155.77999999999994,-49.59000000000003,266.22,-140.33999999999997,-136.03000000000003,-64.30000000000007,97.62
2024-12-10,1449.7199999999993,1146.7599999999998,-63.499999999999986,688.1599999999999,757.9100000000001,0.0,424.99000000000007,-56.79999999999998,451.30999999999995,-962.17,-972.12,-344.77,994.7300000000001
2024-12-11,-1369.0299999999997,-1444.119999999999,-59.08,777.8900000000001,1253.0100000000002,0.0,710.12,-30.569999999999993,88.67999999999984,-161.24,-183.48999999999998,-357.8000000000002,-353.3600000000001
2024-12-12,784.6100000000001,142.17000000000053,-690.9000000000001,11.050000000000182,-8.710000000000036,0.0,622.85,-45.370000000000005,-843.15,-3053.2899999999995,-3102.26,-1950.6299999999997,-1043.8900000000003
2024-12-13,773.21,-294.6100000000006,465.37999999999965,-1214.1799999999998,-1063.77,0.0,77.44999999999999,-49.83000000000004,67.18999999999994,-1822.7900000000002,-1804.1300000000003,-1064.45,-978.8900000000003
2024-12-14,-859.2200000000003,-806.1299999999999,-447.3299999999999,307.97,326.17999999999995,0.0,28.379999999999995,-62.04000000000002,381.65,-28.849999999999994,28.379999999999995,-216.35000000000002,3.0100000000001046
2024-12-15,333.33,172.61999999999998,92.02000000000004,253.41000000000003,285.96000000000004,0.0,16.269999999999982,-42.06999999999999,284.01000000000005,-62.18000000000001,-36.16999999999999,27.910000000000025,237.52
2024-12-16,193.09999999999997,131.9,-16.360000000000014,54.25,93.77000000000001,0.0,21.620000000000005,-0.8799999999999955,157.78,-79.09000000000003,-88.62,122.93,172.57999999999998
2024-12-17,706.02,415.03999999999996,865.51,-139.01999999999998,-8.639999999999986,0.0,190.2,23.45999999999998,232.01999999999995,-1052.09,-1156.0800000000002,-546.69,-600.96
2024-12-18,303.59000000000003,111.44999999999993,790.7099999999998,26.470000000000027,172.38,0.0,7.730000000000018,25.0,290.75,-207.16000000000003,-212.84000000000003,46.81,61.30000000000001
2024-12-19,-80.51000000000005,-294.88000000000005,-2278.47,108.70000000000002,142.78,0.0,22.719999999999985,-106.17999999999998,191.09000000000003,-195.95,-138.67,-52.00999999999999,99.37999999999997
2024-12-20,178.58,107.98000000000008,-545.54,-21.20999999999998,147.33999999999997,0.0,97.98,-81.89000000000001,231.03,-251.77000000000004,-192.82999999999996,187.57,290.98
2024-12-21,190.52999999999997,133.43,12.660000000000082,136.01000000000002,146.24,0.0,45.040000000000006,37.250000000000014,210.58000000000007,50.139999999999986,55.20999999999998,43.73000000000002,146.37999999999997
2024-12-22,-211.89999999999998,-254.41999999999996,-112.11000000000001,118.08999999999997,162.92000000000002,0.0,17.72,-1.0499999999999972,160.93000000000004,39.849999999999994,60.19000000000001,185.33999999999997,143.18
2024-12-23,429.85000000000014,394.47,354.18000000000006,-86.41000000000008,-107.24000000000001,0.0,35.94999999999999,56.36,167.32999999999998,126.06000000000006,197.67000000000007,353.28,493.51
2024-12-24,986.7999999999998,563.0399999999998,-615.1600000000001,105.86000000000001,120.26999999999998,0.0,43.10000000000001,28.540000000000006,255.29,-90.49000000000001,-13.900000000000006,133.67999999999995,174.12000000000006
2024-12-25,723.3199999999999,771.3,-70.50000000000001,143.79999999999995,318.78,0.0,-24.010000000000005,-77.94000000000001,329.2699999999999,-208.70999999999998,-220.16000000000003,-165.75000000000006,1.589999999999975
2024-12-26,1390.0800000000002,1368.71,-67.45999999999998,142.55,310.48,0.0,-58.83,-70.16999999999999,329.49000000000007,-125.37,-109.38,-165.76000000000005,104.35
2024-12-27,1208.75,1197.53,-56.510000000000005,288.87,325.49,0.0,-17.83999999999999,-22.189999999999998,314.09999999999997,-127.4,-76.1,-97.74000000000001,326.75
2024-12-28,1754.4,1756.6799999999998,-242.03000000000006,204.82999999999998,332.00000000000006,0.0,-11.559999999999995,-62.01000000000001,301.48,-56.760000000000005,-53.92,-26.789999999999992,180.45
2024-12-29,8.749999999999943,-14.149999999999977,-105.72999999999999,223.70999999999998,314.75,0.0,-27.65999999999999,-91.35,275.01,-169.90999999999997,-178.5,-154.92,-166.13
2024-12-30,340.24,204.26000000000005,-58.565000000000005,274.19999999999993,343.18000000000006,0.0,18.47,-48.230000000000004,366.43999999999994,-122.61,-125.89000000000001,-16.799999999999983,205.65999999999997
2024-12-31,263.9000000000001,239.39000000000001,-181.95000000000002,280.09999999999997,277.42999999999995,0.0,64.62,-62.72999999999999,272.75,-104.86,-100.18,0.07999999999998408,160.82
2025-01-01,-153.77999999999997,-106.18,-125.13,202.45000000000002,163.4,0.0,139.64999999999998,33.519999999999996,341.23,-128.14000000000001,-115.31,-118.87,-182.43
2025-01-02,842.0100000000001,755.09,185.58000000000015,67.7700000000001,122.82999999999993,0.0,128.82999999999998,58.22,169.89999999999998,-190.83999999999997,-148.41,722.33,758.95
2025-01-03,399.56999999999994,415.03999999999996,68.27999999999997,96.00000000000011,24.190000000000055,0.0,130.90000000000003,117.29999999999998,136.62000000000006,-109.22999999999999,-81.1,569.73,567.03
2025-01-04,1612.3200000000002,1553.6200000000001,1177.72,367.01,502.2900000000002,0.0,113.00999999999999,53.70999999999998,317.81,-137.42,-143.04,990.72,1146.18
2025-01-05,-152.64999999999986,-134.32000000000016,60.210000000000036,329.27,359.32000000000005,0.0,373.26000000000005,53.719999999999985,536.8799999999999,406.61999999999995,406.64,-360.57000000000005,664.1399999999999
2025-01-06,201.95000000000002,-183.45000000000005,195.54999999999995,232.88,252.12,0.0,254.26999999999992,32.849999999999994,398.01,-312.79999999999995,-238.61,-290.93999999999994,-217.07000000000005
2025-01-07,218.96,85.38999999999999,-842.8799999999999,354.43000000000006,370.11,0.0,74.09,16.89999999999999,404.7900000000001,-305.85999999999996,-285.40999999999997,-65.90000000000003,0.900000000000091
2025-01-08,535.52,313.56000000000006,652.8200000000002,414.22000000000014,316.27,0.0,402.03999999999996,71.18,567.9599999999999,-264.9,-213.23,276.9,285.2800000000001
2025-01-09,1506.98,394.0200000000002,100.92000000000007,177.38999999999987,211.43000000000006,0.0,669.55,24.879999999999995,189.82000000000016,-732.5999999999999,-727.6400000000001,-310.4599999999998,541.0000000000002
2025-01-10,664.5899999999999,597.74,931.7900000000001,224.49000000000024,161.89,0.0,682.25,44.72,284.8800000000001,403.82000000000016,402.80000000000007,544.6900000000003,793.2200000000001
2025-01-11,893.2300000000002,109.61000000000001,72.69000000000005,385.53999999999996,386.67999999999995,0.0,126.44,50.280000000000015,412.98,-35.41750000000002,13.709999999999994,349.1400000000001,513.78
2025-01-12,393.6399999999999,93.40000000000009,256.42999999999995,325.01,330.23,0.0,46.02000000000001,5.690000000000012,450.53,-61.739999999999995,-45.39,-51.870000000000005,132.61
2025-01-13,90.81999999999994,477.13,-999.43,340.1700000000001,350.44000000000005,0.0,44.37,4.469999999999999,371.15,-202.38000000000002,-140.95,-551.45,268.09000000000003
2025-01-14,463.55,205.97000000000003,-44.5,441.72,434.77,0.0,4.640000000000001,-22.07,452.71999999999997,-232.28000000000003,-168.51,-115.87,17.47
2025-01-15,1229.7499999999998,1120.8999999999996,-13.990000000000123,32.039999999999964,16.65999999999974,0.0,29.27000000000001,-3.8300000000000054,173.23999999999984,-202.05999999999995,-202.55000000000004,62.48000000000002,13.450000000000045
2025-01-16,82.72000000000003,-165.5699999999997,-43.82000000000001,235.82999999999993,264.6099999999999,0.0,8.540000000000006,-34.7,489.94000000000005,-157.44000000000003,-134.74,-91.88000000000005,-784.4399999999999
2025-01-17,610.9899999999999,732.4000000000001,-71.43,435.6700000000001,452.22,0.0,8.029999999999994,-41.97,484.75,-109.92999999999998,-97.86999999999999,64.57999999999998,101.05999999999997
2025-01-18,1165.7800000000002,1145.02,-69.48,438.75,532.02,0.0,22.919999999999995,-46.24,487.11,-163.67999999999998,-158.1,-39.02999999999997,304.89
2025-01-19,1470.08,1419.15,-223.44000000000003,329.1700000000001,387.8499999999999,0.0,18.9,-33.13,349.9,-217.53000000000003,-195.95,-401.9999999999999,457.55999999999995
2025-01-20,1691.9799999999996,1530.81,733.23,392.34000000000015,297.23,0.0,59.80000000000001,17.769999999999996,-219.59000000000003,-40.04000000000002,-14.920000000000073,976.86,838.1899999999998
2025-01-21,-223.77999999999975,330.99000000000024,-387.2599999999999,-249.47000000000025,-147.2800000000002,0.0,62.23999999999998,-25.269999999999996,353.3700000000001,-295.28,-215.89999999999998,-538.6999999999998,80.84999999999991
2025-01-22,-166.17000000000007,709.9700000000005,777.67,634.73,674.7999999999997,0.0,1291.19,860.8599999999999,806.0100000000002,650.5200000000002,889.14,287.6500000000001,21.99000000000001
2025-01-23,-406.76,66.91999999999996,620.9100000000001,69.77999999999997,62.88000000000011,0.0,368.5000000000001,-437.6200000000001,138.62999999999988,-133.38,71.07999999999993,326.01,343.19000000000005
2025-01-24,276.80999999999995,367.8400000000001,217.01000000000005,350.30000000000007,329.62999999999994,0.0,92.35249999999999,-12.33999999999999,380.06999999999994,5.699999999999989,144.31999999999994,177.24999999999994,256.43999999999994
2025-01-25,497.80999999999995,454.2900000000001,-96.23000000000002,421.91999999999996,421.84000000000003,0.0,27.090000000000003,-36.379999999999995,426.87,-152.89,-132.39999999999998,26.65000000000002,-17.789999999999992
2025-01-26,140.71000000000004,-83.92999999999984,-79.81,407.2,462.4699999999999,0.0,47.73999999999999,-43.449999999999996,431.9,-107.88999999999999,-64.39,-1657.1899999999998,-1390.4699999999998
2025-01-27,-312.38,-51.3599999999999,-122.23999999999978,404.61,396.37,0.0,92.24000000000001,-16.480000000000004,443.15999999999997,-176.32,16.169999999999987,-37.639999999999986,288.44999999999993
2025-01-28,713.24,766.8700000000002,652.11,844.89,844.9,0.0,626.6899999999999,13.879999999999995,888.63,507.1700000000001,679.9100000000001,612.3599999999999,791.7199999999998
2025-01-29,895.7400000000001,995.5899999999997,513.5500000000001,275.19999999999993,309.93999999999994,0.0,240.21,-9.5,240.98000000000002,-75.25,46.46999999999997,654.65,945.16
2025-01-30,1090.08,889.2900000000001,-7.899999999999977,101.83999999999992,66.39999999999998,0.0,319.43,70.63999999999999,52.639999999999986,-30.530000000000015,1.460000000000008,516.37,567.11
2025-01-31,1020.1500000000003,1105.3300000000004,-0.8899999999999864,456.4499999999998,494.4699999999999,0.0,67.94000000000003,32.110000000000014,169.75,-93.60999999999999,-23.909999999999997,141.4200000000002,771.1700000000001
2025-02-01,1466.3899999999999,977.6100000000001,-173.77999999999997,698.36,750.7300000000001,0.0,125.33999999999997,33.8,615.26,-121.28000000000002,-108.08,180.5,718.19
2025-02-02,1249.1999999999998,621.3199999999997,21.120000000000005,807.97,865.55,0.0,76.24000000000001,-0.2300000000000182,754.7300000000001,50.44,125.37000000000002,291.4200000000001,54.25999999999976
2025-02-03,1074.5900000000001,590.6699999999996,738.4700000000001,369.69000000000005,315.1700000000001,0.0,87.45,3.710000000000008,354.56000000000006,-341.87,-102.29999999999984,473.23000000000025,17.50999999999999
2025-02-04,705.6499999999999,529.5399999999997,933.5399999999997,287.78,329.0,0.0,96.69999999999997,13.670000000000002,521.3500000000001,-1065.88,-877.4800000000001,-298.8600000000001,26.810000000000173
2025-02-05,419.2700000000002,651.1000000000001,-46.56,476.5900000000001,477.37,0.0,113.92000000000002,-8.430000000000007,588.7800000000001,-173.87000000000003,-92.00999999999999,195.02999999999992,243.39999999999998
2025-02-06,1519.32,1639.0599999999997,493.0200000000001,77.51999999999998,130.21000000000026,0.0,85.44,2.1700000000000017,252.66000000000008,-131.045,-119.29,442.32,659.83
2025-02-07,812.07,186.94000000000028,-99.88999999999999,459.76,499.14,0.0,191.70000000000002,9.519999999999996,565.0799999999999,-71.66000000000003,-63.59,-126.11000000000001,143.39999999999986
2025-02-08,729.1400000000001,594.8800000000001,345.01000000000005,671.42,649.22,0.0,174.14999999999998,4.969999999999999,706.81,-30.450000000000017,28.939999999999998,657.5699999999999,626.6700000000001
2025-02-09,1100.8500000000001,1017.8800000000002,-177.22000000000003,735.51,755.9000000000003,0.0,193.56000000000003,10.5,766.6600000000001,-86.84,-56.61999999999999,581.0899999999999,740.0400000000002
2025-02-10,-136.25,-221.94999999999982,-54.41999999999996,212.39999999999998,200.68000000000006,0.0,394.67999999999995,7.079999999999998,391.19999999999993,-174.56999999999996,-107.20000000000002,-225.32999999999993,-77.98000000000002
2025-02-11,-433.41999999999985,-119.00999999999999,296.57,468.51,491.20999999999987,0.0,303.03,28.88000000000001,513.02,-165.21999999999997,-141.42999999999995,-251.32999999999993,83.68000000000006
2025-02-12,1370.93,-690.6500000000001,369.92999999999984,660.21,614.27,0.0,479.66,20.120000000000005,732.8899999999999,-2041.0499999999997,-1938.75,-1207.7825284432834,-575.1095698875893
2025-02-13,1923.02,4.320000000000164,-560.87,1165.2,1177.2299999999998,0.0,540.3900000000001,-802.0600000000001,1009.1799999999998,-604.2,-326.1199999999999,-397.1600000000001,-179.97000000000003
2025-02-14,160.60000000000036,-222.70999999999958,431.6199999999999,1384.11,1397.5900000000001,0.0,405.0800000000004,-34.610000000000014,1283.26,-805.7400000000001,-541.3500000000001,-271.1800000000003,41.220000000000255
2025-02-15,1192.44,562.3999999999999,33.56000000000006,1128.19,1197.64,0.0,-87.11000000000001,-20.340000000000018,883.8700000000001,-610.94,-87.26000000000002,222.02999999999997,748.4000000000001
