Date;Hour;DK1 Down Price;DK1 Down Volume procured;DK1 Up Price;DK1 Up Volume procured;DK2 Down Price;DK2 Down Volume procured;DK2 Up Price;DK2 Up Volume procured;FI Down Price;FI Down Volume procured;FI Up Price;FI Up Volume procured;NO1 Down Price;NO1 Down Volume procured;NO1 Up Price;NO1 Up Volume procured;NO2 Down Price;NO2 Down Volume procured;NO2 Up Price;NO2 Up Volume procured;NO3 Down Price;NO3 Down Volume procured;NO3 Up Price;NO3 Up Volume procured;NO4 Down Price;NO4 Down Volume procured;NO4 Up Price;NO4 Up Volume procured;NO5 Down Price;NO5 Down Volume procured;NO5 Up Price;NO5 Up Volume procured;SE1 Down Price;SE1 Down Volume procured;SE1 Up Price;SE1 Up Volume procured;SE2 Down Price;SE2 Down Volume procured;SE2 Up Price;SE2 Up Volume procured;SE3 Down Price;SE3 Down Volume procured;SE3 Up Price;SE3 Up Volume procured;SE4 Down Price;SE4 Down Volume procured;SE4 Up Price;SE4 Up Volume procured
01.10.2024;00:00;0.0;0.0;0.67;359.0;0.0;0.0;6.84;185.0;;;;;10.0;299.0;3.5;45.0;4.0;148.0;3.5;342.0;2.0;90.0;3.0;140.0;6.0;110.0;3.0;60.0;1.99;10.0;2.0;263.0;19.7;183.0;4.0;84.0;16.0;375.0;4.0;247.0;16.0;122.0;4.0;286.0;16.0;20.0;4.0;3.0
01.10.2024;01:00;0.0;0.0;0.67;359.0;0.0;0.0;6.84;185.0;;;;;10.0;299.0;2.0;20.0;7.0;243.0;2.0;50.0;2.0;90.0;3.0;140.0;6.0;110.0;3.0;60.0;2.0;10.0;2.0;230.0;20.3;183.0;4.0;84.0;16.0;375.0;4.0;247.0;16.0;122.0;4.0;286.0;16.0;20.0;4.0;3.0
01.10.2024;02:00;0.0;0.0;0.67;359.0;0.0;0.0;6.84;185.0;;;;;10.0;299.0;2.0;20.0;8.0;333.0;2.0;50.0;2.0;90.0;2.99;140.0;6.0;110.0;2.99;60.0;2.0;18.0;2.0;230.0;20.8;183.0;4.0;84.0;16.0;375.0;4.0;247.0;16.0;122.0;4.0;286.0;16.0;20.0;4.0;3.0
01.10.2024;03:00;0.0;0.0;0.67;359.0;0.0;0.0;6.84;185.0;;;;;10.0;299.0;2.0;20.0;7.0;333.0;2.0;50.0;2.0;90.0;2.99;140.0;6.0;110.0;2.99;60.0;2.0;18.0;2.0;230.0;20.3;183.0;3.5;74.0;16.0;375.0;3.5;247.0;16.0;122.0;3.5;291.0;16.0;20.0;3.5;3.0
01.10.2024;04:00;0.0;0.0;0.67;359.0;0.0;0.0;6.84;185.0;;;;;10.0;299.0;2.0;20.0;7.0;283.0;2.0;50.0;0.0;0.0;3.0;140.0;0.0;0.0;3.0;60.0;2.0;18.0;2.0;230.0;20.1;183.0;3.5;74.0;16.0;375.0;3.5;247.0;16.0;122.0;3.5;291.0;16.0;20.0;3.5;3.0
01.10.2024;05:00;0.0;0.0;1.48;359.0;0.0;0.0;6.84;185.0;;;;;10.0;299.0;3.5;45.0;5.5;224.0;3.5;489.0;0.0;0.0;3.0;190.0;0.0;0.0;3.0;60.0;2.0;27.0;2.0;266.0;16.0;217.0;3.5;74.0;16.0;361.0;3.5;247.0;16.0;122.0;3.5;291.0;16.0;0.0;3.5;3.0
01.10.2024;06:00;0.0;0.0;1.48;359.0;0.0;0.0;6.84;185.0;;;;;10.0;269.0;7.0;75.0;3.0;111.0;7.0;1127.0;0.0;0.0;4.0;400.0;0.0;0.0;4.0;0.0;2.0;20.0;4.0;648.0;21.0;287.0;2.67;74.0;7.11;261.0;2.67;199.0;7.11;117.0;4.0;344.0;7.11;35.0;4.0;3.0
01.10.2024;07:00;0.0;0.0;1.48;359.0;0.0;0.0;6.84;185.0;;;;;4.0;195.0;10.0;55.0;4.0;55.0;10.0;1460.0;0.0;0.0;5.0;400.0;0.0;0.0;3.0;100.0;0.0;0.0;10.0;835.0;16.0;255.0;2.67;74.0;8.0;293.0;2.67;199.0;8.0;117.0;4.0;344.0;8.0;35.0;4.0;3.0
01.10.2024;08:00;0.0;0.0;1.34;359.0;0.0;0.0;6.84;185.0;;;;;2.0;250.0;11.0;55.0;2.0;0.0;11.0;1519.0;0.0;0.0;5.0;350.0;0.0;0.0;4.0;100.0;2.0;0.0;10.0;776.0;16.0;249.0;2.67;74.0;7.11;299.0;2.67;199.0;7.11;117.0;4.0;344.0;7.11;35.0;4.0;3.0
01.10.2024;09:00;0.0;0.0;1.34;359.0;0.0;0.0;6.84;185.0;;;;;2.0;250.0;9.0;55.0;2.0;0.0;9.0;1357.0;0.0;0.0;5.0;350.0;0.0;0.0;4.0;100.0;2.0;0.0;8.0;788.0;12.0;215.0;2.0;74.0;8.0;318.0;2.0;204.0;8.0;117.0;4.0;344.0;8.0;50.0;4.0;3.0
01.10.2024;10:00;0.0;0.0;0.67;359.0;0.0;0.0;6.84;185.0;;;;;2.0;250.0;7.0;55.0;2.0;0.0;7.0;1119.0;0.0;0.0;5.0;350.0;0.0;0.0;5.0;100.0;2.0;0.0;7.0;776.0;12.0;214.0;4.0;94.0;9.0;314.0;4.0;239.0;9.0;122.0;4.0;289.0;9.0;50.0;4.0;3.0
01.10.2024;11:00;0.0;0.0;0.67;359.0;0.0;0.0;6.84;185.0;;;;;2.0;275.0;5.0;25.0;2.0;75.0;5.0;905.0;0.0;0.0;5.0;300.0;0.0;0.0;5.0;150.0;0.0;0.0;5.0;720.0;10.0;199.0;4.0;94.0;10.0;319.0;4.0;239.0;10.0;117.0;4.0;289.0;10.0;65.0;4.0;3.0
01.10.2024;12:00;0.0;0.0;0.67;359.0;0.0;0.0;6.84;185.0;;;;;5.0;305.0;5.0;45.0;5.0;345.0;4.0;759.0;0.0;0.0;5.0;297.0;0.0;0.0;5.0;153.0;0.0;0.0;5.0;696.0;10.0;195.0;10.0;109.0;7.99;353.0;10.0;215.0;7.99;117.0;10.0;306.0;7.99;35.0;10.0;5.0
01.10.2024;13:00;0.0;0.0;0.67;359.0;0.0;0.0;6.84;185.0;;;;;6.0;315.0;4.0;20.0;5.74;485.0;3.5;502.0;0.0;0.0;5.0;297.0;0.0;0.0;5.0;153.0;2.0;200.0;4.0;578.0;10.0;193.0;10.0;114.0;7.99;355.0;10.0;267.0;7.99;117.0;10.0;251.0;7.99;35.0;10.0;3.0
01.10.2024;14:00;0.0;0.0;0.67;355.0;0.0;0.0;6.84;189.0;;;;;6.92;359.0;4.0;20.0;6.92;541.0;3.5;469.0;0.0;0.0;5.0;340.0;0.0;0.0;5.0;110.0;2.0;200.0;4.0;461.0;12.0;208.0;10.0;114.0;8.0;325.0;10.0;267.0;8.0;117.0;10.0;251.0;8.0;50.0;10.0;3.0
01.10.2024;15:00;0.0;0.0;1.48;359.0;0.0;0.0;6.84;185.0;;;;;5.0;305.0;4.0;18.0;5.0;345.0;3.5;447.0;0.0;0.0;5.0;340.0;0.0;0.0;5.0;110.0;2.0;100.0;4.0;385.0;10.0;190.0;11.5;114.0;8.0;343.0;11.5;267.0;8.0;117.0;11.5;251.0;8.0;50.0;11.5;3.0
01.10.2024;16:00;0.0;0.0;1.48;359.0;0.0;0.0;6.84;185.0;;;;;2.0;195.0;5.0;10.0;2.0;55.0;5.0;585.0;0.0;0.0;5.06;301.0;0.0;0.0;5.06;149.0;2.0;0.0;4.0;455.0;10.0;188.0;16.0;129.0;7.99;360.0;16.0;252.0;7.99;117.0;16.0;251.0;7.99;35.0;16.0;3.0
01.10.2024;17:00;0.0;0.0;1.48;359.0;0.0;0.0;6.84;185.0;;;;;2.0;195.0;6.0;45.0;2.0;5.0;6.0;779.0;0.0;0.0;5.35;301.0;0.0;0.0;5.35;149.0;2.0;0.0;5.0;576.0;12.0;200.0;20.5;129.0;8.0;333.0;20.5;252.0;8.0;117.0;20.5;251.0;8.0;50.0;20.5;3.0
01.10.2024;18:00;0.0;0.0;1.34;359.0;0.0;0.0;6.84;185.0;;;;;2.0;195.0;9.0;75.0;2.0;5.0;9.0;1213.0;0.0;0.0;5.35;348.0;0.0;0.0;5.35;152.0;2.0;0.0;6.0;712.0;12.0;200.0;20.5;129.0;8.0;336.0;20.5;214.0;8.0;117.0;20.5;289.0;8.0;47.0;20.5;3.0
01.10.2024;19:00;0.0;0.0;1.48;359.0;0.0;0.0;6.84;185.0;;;;;3.0;195.0;10.0;75.0;3.0;105.0;10.0;1418.0;0.0;0.0;5.0;350.0;0.0;0.0;5.0;150.0;0.0;0.0;7.0;757.0;12.0;199.0;31.0;134.0;8.0;341.0;31.0;209.0;8.0;117.0;31.0;289.0;8.0;43.0;31.0;3.0
01.10.2024;20:00;0.0;0.0;1.48;359.0;0.0;0.0;6.84;185.0;;;;;3.0;195.0;10.0;75.0;3.0;105.0;10.0;1408.0;2.0;50.0;6.0;320.0;2.0;0.0;6.0;180.0;0.0;0.0;6.0;717.0;10.0;183.0;5.0;89.0;10.0;355.0;5.0;199.0;10.0;122.0;5.0;344.0;10.0;40.0;5.0;3.0
01.10.2024;21:00;0.0;0.0;1.34;359.0;0.0;0.0;6.84;185.0;;;;;3.0;195.0;9.11;75.0;3.0;105.0;9.11;1419.0;2.07;130.0;5.0;320.0;4.0;20.0;5.0;180.0;0.0;0.0;6.0;706.0;10.0;183.0;4.0;94.0;10.0;360.0;4.0;199.0;10.0;122.0;4.0;329.0;10.0;35.0;4.0;3.0
01.10.2024;22:00;0.0;0.0;0.8;359.0;0.0;0.0;6.84;185.0;;;;;3.0;195.0;9.0;45.0;3.0;105.0;9.0;1365.0;2.07;142.0;5.0;308.0;5.0;108.0;4.0;142.0;0.0;0.0;4.0;640.0;13.0;182.0;3.0;84.0;13.0;356.0;3.0;233.0;13.0;127.0;3.0;305.0;13.0;35.0;3.0;3.0
01.10.2024;23:00;0.0;0.0;1.48;359.0;0.0;0.0;6.84;185.0;;;;;6.0;241.0;5.0;45.0;3.0;109.0;5.0;890.0;4.0;238.0;4.0;218.0;12.0;162.0;4.0;132.0;0.0;0.0;3.0;465.0;12.0;195.0;3.0;74.0;12.0;348.0;3.0;259.0;12.0;122.0;3.0;289.0;12.0;35.0;3.0;3.0
