Date,Hour,NO1 Down Price,NO1 Down Volume procured,NO1 Up Price,NO1 Up Volume procured,NO2 Down Price,NO2 Down Volume procured,NO2 Up Price,NO2 Up Volume procured,NO3 Down Price,NO3 Down Volume procured,NO3 Up Price,NO3 Up Volume procured,NO4 Down Price,NO4 Down Volume procured,NO4 Up Price,NO4 Up Volume procured,NO5 Down Price,NO5 Down Volume procured,NO5 Up Price,NO5 Up Volume procured
12.02.2024,00:00,1.8,0.0,2.4,0.0,1.8,50.0,2.4,50.0,0.0,0.0,0.0,0.0,0.0,0.0,0.0,0.0,0.0,0.0,2.4,300.0
12.02.2024,01:00,1.8,0.0,2.4,0.0,1.8,50.0,2.4,50.0,0.0,0.0,0.0,0.0,0.0,0.0,0.0,0.0,1.8,0.0,2.4,300.0
12.02.2024,02:00,1.8,0.0,2.4,0.0,1.8,50.0,2.4,50.0,0.0,0.0,0.0,0.0,0.0,0.0,0.0,0.0,1.8,0.0,2.4,300.0
12.02.2024,03:00,1.8,0.0,3.0,15.0,1.8,91.0,3.0,20.0,0.0,0.0,0.0,0.0,0.0,0.0,0.0,0.0,1.8,9.0,3.0,315.0
12.02.2024,04:00,1.8,0.0,2.4,0.0,1.8,91.0,2.4,50.0,0.0,0.0,0.0,0.0,0.0,0.0,0.0,0.0,1.8,9.0,2.4,300.0
12.02.2024,05:00,2.4,0.0,3.0,0.0,2.4,100.0,3.0,85.0,0.0,0.0,0.0,0.0,0.0,0.0,0.0,0.0,0.0,0.0,3.0,265.0
12.02.2024,06:00,2.4,0.0,12.0,30.0,2.4,100.0,12.0,273.0,0.0,0.0,0.0,0.0,0.0,0.0,0.0,0.0,0.0,0.0,8.4,447.0
12.02.2024,07:00,2.4,0.0,26.4,93.0,2.4,100.0,26.4,590.0,0.0,0.0,0.4,30.0,0.0,0.0,0.4,30.0,0.0,0.0,22.8,667.0
12.02.2024,08:00,3.6,0.0,30.6,89.0,3.6,150.0,30.6,720.0,0.0,0.0,0.4,30.0,0.0,0.0,0.4,30.0,0.0,0.0,24.6,691.0
12.02.2024,09:00,2.4,0.0,31.0,104.0,2.4,100.0,31.0,594.0,0.0,0.0,43.54,20.0,0.0,0.0,43.54,30.0,0.0,0.0,23.93,702.0
12.02.2024,10:00,2.4,0.0,21.0,80.0,2.4,100.0,21.0,644.0,0.0,0.0,43.54,20.0,0.0,0.0,43.54,30.0,0.0,0.0,15.0,626.0
12.02.2024,11:00,2.4,0.0,15.0,30.0,2.4,100.0,15.0,639.0,0.0,0.0,16.46,20.0,0.0,0.0,16.46,30.0,0.0,0.0,9.6,631.0
12.02.2024,12:00,2.4,0.0,12.6,30.0,2.4,100.0,12.6,553.0,0.0,0.0,16.2,20.0,0.0,0.0,16.2,30.0,0.0,0.0,8.26,517.0
12.02.2024,13:00,2.4,0.0,12.6,30.0,2.4,100.0,12.6,553.0,0.0,0.0,0.4,30.0,0.0,0.0,0.4,30.0,0.0,0.0,8.26,517.0
12.02.2024,14:00,2.4,0.0,12.0,30.0,2.4,100.0,12.0,499.0,0.0,0.0,0.4,30.0,0.0,0.0,0.4,30.0,0.0,0.0,8.4,521.0
12.02.2024,15:00,2.4,0.0,15.0,25.0,2.4,100.0,15.0,544.0,0.0,0.0,16.46,20.0,0.0,0.0,16.46,30.0,0.0,0.0,10.0,531.0
12.02.2024,16:00,2.4,0.0,19.8,30.0,2.4,138.0,19.8,589.0,0.0,0.0,17.4,20.0,0.0,0.0,17.4,30.0,1.8,12.0,17.93,631.0
12.02.2024,17:00,2.4,0.0,32.4,94.0,2.4,138.0,32.4,604.0,0.0,0.0,22.54,20.0,0.0,0.0,22.54,30.0,1.8,12.0,28.2,702.0
12.02.2024,18:00,2.4,0.0,34.0,50.0,2.4,100.0,34.0,584.0,0.0,0.0,19.54,20.0,0.0,0.0,19.54,30.0,0.0,0.0,29.4,666.0
12.02.2024,19:00,1.8,0.0,34.0,50.0,1.8,50.0,34.0,480.0,0.0,0.0,0.4,30.0,0.0,0.0,0.4,30.0,0.0,0.0,27.0,620.0
12.02.2024,20:00,1.8,0.0,19.2,28.0,1.8,50.0,19.2,430.0,0.0,0.0,0.0,0.0,0.0,0.0,0.0,0.0,0.0,0.0,19.2,492.0
12.02.2024,21:00,1.8,0.0,12.0,5.0,1.8,50.0,12.0,163.0,0.0,0.0,0.0,0.0,0.0,0.0,0.0,0.0,0.0,0.0,12.0,432.0
12.02.2024,22:00,1.8,0.0,6.0,5.0,1.8,50.0,6.0,20.0,0.0,0.0,0.0,0.0,0.0,0.0,0.0,0.0,0.0,0.0,5.4,375.0
12.02.2024,23:00,1.8,0.0,3.6,0.0,1.8,50.0,3.6,120.0,0.0,0.0,0.0,0.0,0.0,0.0,0.0,0.0,0.0,0.0,3.6,230.0
13.02.2024,00:00,2.5,0.0,3.0,25.0,2.5,50.0,3.0,50.0,0.0,0.0,0.0,0.0,0.0,0.0,0.0,0.0,0.0,0.0,3.0,275.0
13.02.2024,01:00,1.0,0.0,2.5,35.0,1.0,25.0,2.5,50.0,0.0,0.0,0.0,0.0,0.0,0.0,0.0,0.0,1.0,25.0,2.5,265.0
13.02.2024,02:00,1.0,0.0,3.15,55.0,1.0,25.0,3.15,20.0,0.0,0.0,0.0,0.0,0.0,0.0,0.0,0.0,1.0,25.0,3.15,275.0
13.02.2024,03:00,2.5,10.0,3.15,55.0,2.5,60.0,3.15,20.0,0.0,0.0,0.0,0.0,0.0,0.0,0.0,0.0,1.0,35.0,3.15,275.0
13.02.2024,04:00,2.5,10.0,3.15,55.0,2.5,60.0,3.15,20.0,0.0,0.0,0.0,0.0,0.0,0.0,0.0,0.0,1.0,35.0,3.15,275.0
13.02.2024,05:00,2.5,10.0,3.0,10.0,2.5,90.0,3.0,50.0,0.0,0.0,0.0,0.0,0.0,0.0,0.0,0.0,0.0,0.0,3.0,290.0
13.02.2024,06:00,2.5,10.0,9.0,15.0,2.5,90.0,9.0,303.0,0.0,0.0,0.0,0.0,0.0,0.0,0.0,0.0,0.0,0.0,6.0,432.0
13.02.2024,07:00,2.5,10.0,28.5,109.0,2.5,90.0,28.5,584.0,0.0,0.0,4.0,72.0,0.0,0.0,4.0,0.0,0.0,0.0,24.5,657.0
13.02.2024,08:00,37.0,20.0,31.0,109.0,3.5,126.0,31.0,725.0,0.0,0.0,12.0,50.0,0.0,0.0,12.0,0.0,1.0,10.0,26.0,666.0
13.02.2024,09:00,2.5,10.0,28.5,109.0,2.5,90.0,28.5,634.0,0.0,0.0,12.0,50.0,0.0,0.0,12.0,0.0,0.0,0.0,24.5,657.0
13.02.2024,10:00,2.5,10.0,17.0,60.0,2.5,90.0,17.0,684.0,0.0,0.0,12.5,50.0,0.0,0.0,12.5,0.0,0.0,0.0,12.5,606.0
13.02.2024,11:00,2.5,10.0,12.0,60.0,2.5,90.0,12.0,629.0,0.0,0.0,12.5,50.0,0.0,0.0,12.5,0.0,0.0,0.0,7.5,611.0
13.02.2024,12:00,2.5,10.0,11.0,99.0,2.5,90.0,11.0,502.0,0.0,0.0,11.5,50.0,0.0,0.0,11.5,0.0,0.0,0.0,5.0,499.0
13.02.2024,13:00,2.5,10.0,12.0,99.0,2.5,90.0,12.0,515.0,0.0,0.0,11.5,50.0,0.0,0.0,11.5,0.0,0.0,0.0,5.0,486.0
13.02.2024,14:00,2.5,10.0,12.0,60.0,2.5,90.0,12.0,499.0,0.0,0.0,12.0,50.0,0.0,0.0,12.0,0.0,0.0,0.0,5.0,491.0
13.02.2024,15:00,2.5,10.0,14.5,29.0,2.5,90.0,14.5,570.0,0.0,0.0,17.04,51.0,0.0,0.0,17.04,0.0,0.0,0.0,10.0,501.0
13.02.2024,16:00,37.0,20.0,22.0,60.0,3.5,130.0,22.0,560.0,0.0,0.0,18.17,51.0,0.0,0.0,18.17,0.0,0.0,0.0,18.5,630.0
13.02.2024,17:00,4.5,10.0,30.0,60.0,4.5,140.0,30.0,679.0,0.0,0.0,15.5,46.0,0.0,0.0,0.25,30.0,0.0,0.0,26.0,661.0
13.02.2024,18:00,2.5,10.0,32.5,54.0,2.5,90.0,32.5,637.0,0.0,0.0,17.0,50.0,0.0,0.0,17.0,0.0,0.0,0.0,30.5,609.0
13.02.2024,19:00,2.5,0.0,28.0,35.0,2.5,50.0,28.0,554.0,0.0,0.0,18.0,50.0,0.0,0.0,18.0,0.0,0.0,0.0,26.0,561.0
13.02.2024,20:00,2.0,10.0,20.0,15.0,1.5,40.0,20.0,453.0,0.0,0.0,0.0,0.0,0.0,0.0,0.0,0.0,0.0,0.0,20.0,482.0
13.02.2024,21:00,2.5,0.0,9.0,5.0,2.5,50.0,9.0,160.0,0.0,0.0,0.0,0.0,0.0,0.0,0.0,0.0,0.0,0.0,9.0,435.0
13.02.2024,22:00,2.5,0.0,5.0,0.0,2.5,50.0,5.0,90.0,0.0,0.0,0.0,0.0,0.0,0.0,0.0,0.0,0.0,0.0,5.0,310.0
13.02.2024,23:00,2.5,0.0,4.5,0.0,2.5,50.0,4.5,100.0,0.0,0.0,0.0,0.0,0.0,0.0,0.0,0.0,0.0,0.0,4.5,250.0
14.02.2024,00:00,2.5,0.0,5.0,25.0,2.5,50.0,5.0,20.0,0.0,0.0,0.0,0.0,0.0,0.0,0.0,0.0,0.0,0.0,5.0,305.0
14.02.2024,01:00,2.5,0.0,5.0,43.0,2.5,50.0,5.0,20.0,0.0,0.0,0.0,0.0,0.0,0.0,0.0,0.0,0.0,0.0,5.0,287.0
14.02.2024,02:00,2.5,0.0,4.5,55.0,2.5,50.0,4.5,20.0,0.0,0.0,0.0,0.0,0.0,0.0,0.0,0.0,0.0,0.0,4.5,275.0
14.02.2024,03:00,2.5,10.0,4.5,55.0,2.5,60.0,4.5,20.0,0.0,0.0,0.0,0.0,0.0,0.0,0.0,0.0,2.5,30.0,4.5,275.0
14.02.2024,04:00,2.5,10.0,4.5,55.0,2.5,60.0,4.5,20.0,0.0,0.0,0.0,0.0,0.0,0.0,0.0,0.0,2.5,30.0,4.5,275.0
14.02.2024,05:00,2.5,10.0,7.0,40.0,2.5,90.0,7.0,20.0,0.0,0.0,0.0,0.0,0.0,0.0,0.0,0.0,0.0,0.0,7.0,290.0
14.02.2024,06:00,2.5,10.0,11.0,50.0,2.5,90.0,11.0,247.0,0.0,0.0,0.0,0.0,0.0,0.0,0.0,0.0,0.0,0.0,8.0,453.0
14.02.2024,07:00,2.5,10.0,25.5,109.0,2.5,90.0,25.5,560.0,0.0,0.0,3.16,50.0,0.0,0.0,0.0,0.0,0.0,0.0,20.5,681.0
14.02.2024,08:00,15.0,30.0,31.5,109.0,3.0,120.0,31.5,702.0,0.0,0.0,3.28,50.0,0.0,0.0,0.0,0.0,0.0,0.0,22.9,689.0
14.02.2024,09:00,2.5,10.0,25.5,109.0,2.5,90.0,25.5,593.0,0.0,0.0,3.28,50.0,0.0,0.0,0.0,0.0,0.0,0.0,20.5,698.0
14.02.2024,10:00,2.5,10.0,24.0,109.0,2.5,90.0,24.0,620.0,0.0,0.0,6.11,50.0,0.0,0.0,0.0,0.0,0.0,0.0,17.0,621.0
14.02.2024,11:00,2.5,10.0,18.5,109.0,2.5,90.0,18.5,568.0,0.0,0.0,4.0,53.0,0.0,0.0,0.0,0.0,0.0,0.0,10.52,623.0
14.02.2024,12:00,2.5,10.0,14.0,60.0,2.5,90.0,14.0,514.0,0.0,0.0,10.0,50.0,0.0,0.0,0.0,0.0,0.0,0.0,7.52,526.0
14.02.2024,13:00,2.5,10.0,13.5,60.0,2.5,90.0,13.5,514.0,0.0,0.0,6.47,51.0,0.0,0.0,0.0,0.0,0.0,0.0,7.0,526.0
14.02.2024,14:00,2.5,10.0,13.5,50.0,2.5,90.0,13.5,482.0,0.0,0.0,3.28,50.0,0.0,0.0,0.0,0.0,0.0,0.0,7.0,518.0
14.02.2024,15:00,2.5,10.0,17.0,70.0,2.5,90.0,17.0,494.0,0.0,0.0,3.28,50.0,0.0,0.0,0.0,0.0,0.0,0.0,9.5,536.0
14.02.2024,16:00,3.5,10.0,19.0,70.0,3.5,140.0,19.0,529.0,0.0,0.0,3.28,50.0,0.0,0.0,0.0,0.0,0.0,0.0,13.9,651.0
14.02.2024,17:00,15.0,30.0,34.0,109.0,15.0,120.0,34.0,616.0,0.0,0.0,4.0,50.0,0.0,0.0,0.0,0.0,0.0,0.0,23.5,675.0
14.02.2024,18:00,2.5,10.0,30.5,109.0,2.5,90.0,30.5,560.0,0.0,0.0,4.51,50.0,0.0,0.0,0.0,0.0,0.0,0.0,26.5,631.0
14.02.2024,19:00,2.5,0.0,25.5,70.0,2.5,50.0,25.5,499.0,0.0,0.0,3.16,50.0,0.0,0.0,0.0,0.0,0.0,0.0,22.9,581.0
14.02.2024,20:00,2.5,0.0,19.0,70.0,2.5,50.0,19.0,365.0,0.0,0.0,0.0,0.0,0.0,0.0,0.0,0.0,0.0,0.0,19.0,515.0
14.02.2024,21:00,2.5,0.0,10.52,15.0,2.5,50.0,10.52,178.0,0.0,0.0,0.0,0.0,0.0,0.0,0.0,0.0,0.0,0.0,10.52,407.0
14.02.2024,22:00,2.5,0.0,7.0,5.0,2.5,50.0,7.0,38.0,0.0,0.0,0.0,0.0,0.0,0.0,0.0,0.0,0.0,0.0,7.0,357.0
14.02.2024,23:00,2.5,0.0,6.0,10.0,2.5,50.0,6.0,20.0,0.0,0.0,0.0,0.0,0.0,0.0,0.0,0.0,0.0,0.0,6.0,320.0
15.02.2024,00:00,2.0,25.0,2.0,10.0,2.0,25.0,2.0,100.0,0.0,0.0,0.0,0.0,0.0,0.0,0.0,0.0,2.0,0.0,2.0,240.0
15.02.2024,01:00,2.0,25.0,2.0,10.0,2.0,25.0,1.5,50.0,0.0,0.0,0.0,0.0,0.0,0.0,0.0,0.0,2.0,0.0,2.0,290.0
15.02.2024,02:00,2.0,25.0,2.0,10.0,2.0,25.0,2.0,50.0,0.0,0.0,0.0,0.0,0.0,0.0,0.0,0.0,2.0,0.0,2.0,290.0
15.02.2024,03:00,2.0,31.0,2.0,10.0,2.0,46.0,1.5,50.0,0.0,0.0,0.0,0.0,0.0,0.0,0.0,0.0,2.0,23.0,2.0,290.0
15.02.2024,04:00,2.0,41.0,2.0,10.0,2.0,46.0,2.0,50.0,0.0,0.0,0.0,0.0,0.0,0.0,0.0,0.0,2.0,13.0,2.0,290.0
15.02.2024,05:00,2.0,34.0,3.0,10.0,2.0,66.0,3.0,50.0,0.0,0.0,0.0,0.0,0.0,0.0,0.0,0.0,0.0,0.0,3.0,290.0
15.02.2024,06:00,2.0,34.0,7.5,15.0,2.0,66.0,7.5,303.0,0.0,0.0,0.0,0.0,0.0,0.0,0.0,0.0,0.0,0.0,4.0,432.0
15.02.2024,07:00,2.0,34.0,20.9,50.0,2.0,66.0,20.9,621.0,0.0,0.0,3.0,54.0,0.0,0.0,3.0,0.0,0.0,0.0,15.0,679.0
15.02.2024,08:00,2.5,41.0,21.5,46.0,2.5,109.0,21.5,783.0,0.0,0.0,3.0,54.0,0.0,0.0,3.0,0.0,0.0,0.0,15.0,671.0
15.02.2024,09:00,2.0,34.0,20.0,66.0,2.0,66.0,20.0,653.0,0.0,0.0,3.0,54.0,0.0,0.0,3.0,0.0,0.0,0.0,15.0,681.0
15.02.2024,10:00,2.0,34.0,18.0,60.0,2.0,66.0,18.0,679.0,0.0,0.0,9.5,50.0,0.0,0.0,9.5,0.0,0.0,0.0,12.0,611.0
15.02.2024,11:00,2.0,34.0,13.0,30.0,2.0,66.0,13.0,654.0,0.0,0.0,9.5,50.0,0.0,0.0,9.5,0.0,0.0,0.0,8.0,616.0
15.02.2024,12:00,2.0,34.0,11.0,30.0,2.0,66.0,11.0,559.0,0.0,0.0,4.0,53.0,0.0,0.0,4.0,0.0,0.0,0.0,7.5,511.0
15.02.2024,13:00,2.0,34.0,12.0,50.0,2.0,66.0,12.0,538.0,0.0,0.0,4.0,53.0,0.0,0.0,4.0,0.0,0.0,0.0,6.5,512.0
15.02.2024,14:00,2.0,34.0,12.0,40.0,2.0,66.0,12.0,499.0,0.0,0.0,4.0,53.0,0.0,0.0,4.0,0.0,0.0,0.0,7.0,511.0
15.02.2024,15:00,2.0,34.0,14.0,50.0,2.0,66.0,14.0,529.0,0.0,0.0,4.0,53.0,0.0,0.0,4.0,0.0,0.0,0.0,8.0,521.0
15.02.2024,16:00,2.5,41.0,17.0,60.0,2.5,109.0,17.0,569.0,0.0,0.0,9.5,50.0,0.0,0.0,9.5,0.0,0.0,0.0,12.0,621.0
15.02.2024,17:00,2.5,41.0,32.0,109.0,2.5,109.0,32.0,620.0,0.0,0.0,9.5,50.0,0.0,0.0,9.5,0.0,0.0,0.0,20.34,671.0
15.02.2024,18:00,2.0,34.0,30.5,70.0,2.0,66.0,30.5,610.0,0.0,0.0,3.0,54.0,0.0,0.0,3.0,0.0,0.0,0.0,21.0,620.0
15.02.2024,19:00,2.0,25.0,25.0,65.0,2.0,25.0,25.0,511.0,0.0,0.0,3.0,54.0,0.0,0.0,3.0,0.0,2.0,0.0,17.5,574.0
15.02.2024,20:00,2.0,25.0,11.0,25.0,2.0,25.0,11.0,353.0,0.0,0.0,0.0,0.0,0.0,0.0,0.0,0.0,2.0,0.0,10.0,572.0
15.02.2024,21:00,2.0,25.0,7.0,10.0,2.0,25.0,7.0,130.0,0.0,0.0,0.0,0.0,0.0,0.0,0.0,0.0,2.0,0.0,5.5,460.0
15.02.2024,22:00,2.0,25.0,5.0,10.0,2.0,25.0,5.0,70.0,0.0,0.0,0.0,0.0,0.0,0.0,0.0,0.0,2.0,0.0,5.0,320.0
15.02.2024,23:00,2.0,25.0,3.5,10.0,2.0,25.0,3.5,50.0,0.0,0.0,0.0,0.0,0.0,0.0,0.0,0.0,2.0,0.0,3.0,290.0
16.02.2024,00:00,2.0,25.0,2.0,114.0,2.0,25.0,2.0,100.0,0.0,0.0,0.0,0.0,0.0,0.0,0.0,0.0,0.0,0.0,2.0,136.0
16.02.2024,01:00,2.0,0.0,2.0,114.0,2.0,25.0,2.0,115.0,0.0,0.0,0.0,0.0,0.0,0.0,0.0,0.0,2.0,25.0,2.0,121.0
16.02.2024,02:00,2.0,0.0,2.0,114.0,2.0,25.0,2.0,115.0,0.0,0.0,0.0,0.0,0.0,0.0,0.0,0.0,2.0,25.0,2.0,121.0
16.02.2024,03:00,2.5,0.0,2.0,114.0,2.5,70.0,2.0,115.0,0.0,0.0,0.0,0.0,0.0,0.0,0.0,0.0,2.0,30.0,2.0,121.0
16.02.2024,04:00,2.5,0.0,2.0,114.0,2.5,70.0,2.0,115.0,0.0,0.0,0.0,0.0,0.0,0.0,0.0,0.0,2.0,30.0,2.0,121.0
16.02.2024,05:00,2.5,0.0,2.0,114.0,2.5,100.0,2.0,20.0,0.0,0.0,0.0,0.0,0.0,0.0,0.0,0.0,0.0,0.0,2.0,216.0
16.02.2024,06:00,2.5,51.0,2.0,114.0,2.5,49.0,5.0,200.0,0.0,0.0,0.0,0.0,0.0,0.0,0.0,0.0,0.0,0.0,2.0,436.0
16.02.2024,07:00,2.0,51.0,16.0,109.0,2.0,49.0,16.0,570.0,0.0,0.0,3.02,50.0,0.0,0.0,0.0,0.0,0.0,0.0,8.0,671.0
16.02.2024,08:00,2.0,51.0,17.5,109.0,2.0,99.0,17.5,720.0,0.0,0.0,4.25,52.0,0.0,0.0,0.0,0.0,0.0,0.0,8.0,671.0
16.02.2024,09:00,2.0,45.0,15.0,109.0,2.0,55.0,15.0,619.0,0.0,0.0,4.0,50.0,0.0,0.0,0.0,0.0,0.0,0.0,6.0,672.0
16.02.2024,10:00,2.0,45.0,10.0,99.0,2.0,55.0,10.0,629.0,0.0,0.0,6.02,52.0,0.0,0.0,0.0,0.0,0.0,0.0,5.0,622.0
16.02.2024,11:00,2.0,45.0,8.5,99.0,2.0,55.0,8.5,598.0,0.0,0.0,3.25,52.0,0.0,0.0,0.0,0.0,0.0,0.0,4.0,603.0
16.02.2024,12:00,2.5,31.0,7.0,99.0,2.5,69.0,7.0,504.0,0.0,0.0,3.25,52.0,0.0,0.0,0.0,0.0,0.0,0.0,4.0,497.0
16.02.2024,13:00,2.5,31.0,6.0,99.0,2.5,69.0,8.5,500.0,0.0,0.0,3.0,52.0,0.0,0.0,0.0,0.0,0.0,0.0,4.0,501.0
16.02.2024,14:00,2.5,51.0,7.0,99.0,2.5,49.0,7.0,449.0,0.0,0.0,3.0,52.0,0.0,0.0,0.0,0.0,0.0,0.0,4.0,502.0
16.02.2024,15:00,2.0,45.0,10.0,99.0,2.0,55.0,10.0,479.0,0.0,0.0,5.27,50.0,0.0,0.0,0.0,0.0,0.0,0.0,4.0,522.0
16.02.2024,16:00,2.5,51.0,11.5,109.0,2.5,99.0,11.5,529.0,0.0,0.0,3.25,50.0,0.0,0.0,0.0,0.0,0.0,0.0,6.0,612.0
16.02.2024,17:00,2.5,51.0,17.0,109.0,2.5,99.0,17.0,630.0,0.0,0.0,5.27,50.0,0.0,0.0,0.0,0.0,0.0,0.0,9.0,661.0
16.02.2024,18:00,2.0,25.0,16.0,109.0,2.0,75.0,16.0,580.0,0.0,0.0,4.0,50.0,0.0,0.0,0.0,0.0,0.0,0.0,6.0,611.0
16.02.2024,19:00,2.0,25.0,12.0,99.0,2.0,25.0,12.0,495.0,0.0,0.0,3.02,50.0,0.0,0.0,0.0,0.0,0.0,0.0,5.5,556.0
16.02.2024,20:00,2.0,25.0,9.5,99.0,2.0,25.0,9.5,295.0,0.0,0.0,0.0,0.0,0.0,0.0,0.0,0.0,0.0,0.0,5.0,556.0
16.02.2024,21:00,2.0,25.0,3.0,94.0,2.0,25.0,3.0,70.0,0.0,0.0,0.0,0.0,0.0,0.0,0.0,0.0,0.0,0.0,3.0,436.0
16.02.2024,22:00,2.0,25.0,2.0,55.0,2.0,25.0,2.0,20.0,0.0,0.0,0.0,0.0,0.0,0.0,0.0,0.0,0.0,0.0,2.0,325.0
16.02.2024,23:00,2.0,25.0,2.0,114.0,2.0,25.0,2.0,20.0,0.0,0.0,0.0,0.0,0.0,0.0,0.0,0.0,0.0,0.0,2.0,216.0
17.02.2024,00:00,1.5,0.0,2.0,35.0,1.5,37.0,2.0,153.0,0.0,0.0,0.0,0.0,0.0,0.0,0.0,0.0,0.8,13.0,2.0,112.0
17.02.2024,01:00,1.3,0.0,1.5,0.0,1.3,20.0,1.5,153.0,0.0,0.0,0.0,0.0,0.0,0.0,0.0,0.0,0.8,30.0,1.5,97.0
17.02.2024,02:00,1.3,0.0,2.0,35.0,1.3,20.0,2.0,153.0,0.0,0.0,0.0,0.0,0.0,0.0,0.0,0.0,0.8,30.0,2.0,112.0
17.02.2024,03:00,2.0,31.0,2.0,35.0,2.0,39.0,2.0,153.0,0.0,0.0,0.0,0.0,0.0,0.0,0.0,0.0,0.8,30.0,2.0,112.0
17.02.2024,04:00,2.0,31.0,2.0,35.0,2.0,39.0,2.0,153.0,0.0,0.0,0.0,0.0,0.0,0.0,0.0,0.0,0.8,30.0,2.0,112.0
17.02.2024,05:00,2.0,31.0,2.0,35.0,2.0,69.0,2.0,153.0,0.0,0.0,0.0,0.0,0.0,0.0,0.0,0.0,2.0,0.0,2.0,112.0
17.02.2024,06:00,2.0,25.0,2.0,35.0,2.0,75.0,2.0,153.0,0.0,0.0,0.0,0.0,0.0,0.0,0.0,0.0,2.0,0.0,2.0,162.0
17.02.2024,07:00,9.0,31.0,3.0,45.0,9.0,156.0,3.0,193.0,0.0,0.0,0.0,0.0,0.0,0.0,0.0,0.0,0.8,13.0,3.0,162.0
17.02.2024,08:00,10.5,51.0,4.5,94.0,10.5,181.0,4.5,333.0,0.0,0.0,0.0,0.0,0.0,0.0,0.0,0.0,0.8,18.0,4.5,473.0
17.02.2024,09:00,2.0,12.0,5.0,94.0,2.0,75.0,5.0,379.0,0.0,0.0,0.0,0.0,0.0,0.0,0.0,0.0,0.8,13.0,5.0,527.0
17.02.2024,10:00,2.0,25.0,4.0,84.0,2.0,75.0,4.0,376.0,0.0,0.0,0.0,0.0,0.0,0.0,0.0,0.0,2.0,0.0,4.0,390.0
17.02.2024,11:00,9.0,31.0,4.0,55.0,9.0,116.0,4.0,333.0,0.0,0.0,0.0,0.0,0.0,0.0,0.0,0.0,0.8,10.0,4.0,362.0
17.02.2024,12:00,10.0,31.0,3.5,84.0,10.0,106.0,3.5,283.0,0.0,0.0,0.0,0.0,0.0,0.0,0.0,0.0,0.8,13.0,3.5,333.0
17.02.2024,13:00,10.0,31.0,3.5,94.0,10.0,106.0,3.5,283.0,0.0,0.0,0.0,0.0,0.0,0.0,0.0,0.0,0.8,13.0,3.5,323.0
17.02.2024,14:00,2.0,12.0,3.5,94.0,2.0,75.0,3.5,283.0,0.0,0.0,0.0,0.0,0.0,0.0,0.0,0.0,0.8,13.0,3.5,323.0
17.02.2024,15:00,2.0,10.0,3.5,94.0,2.0,72.0,3.5,283.0,0.0,0.0,0.0,0.0,0.0,0.0,0.0,0.0,0.8,18.0,3.5,323.0
17.02.2024,16:00,10.5,31.0,7.9,94.0,10.5,151.0,7.9,429.0,0.0,0.0,0.0,0.0,0.0,0.0,0.0,0.0,0.8,18.0,7.9,577.0
17.02.2024,17:00,10.5,31.0,18.7,94.0,10.5,151.0,18.7,785.0,0.0,0.0,0.0,0.0,0.0,0.0,0.0,0.0,0.8,18.0,18.7,721.0
17.02.2024,18:00,5.0,31.0,18.7,114.0,5.0,101.0,18.7,815.0,0.0,0.0,0.0,0.0,0.0,0.0,0.0,0.0,0.8,18.0,18.7,771.0
17.02.2024,19:00,1.5,0.0,13.0,94.0,1.5,32.0,13.0,610.0,0.0,0.0,0.0,0.0,0.0,0.0,0.0,0.0,0.8,18.0,10.0,696.0
17.02.2024,20:00,1.5,0.0,7.9,94.0,1.5,32.0,7.9,479.0,0.0,0.0,0.0,0.0,0.0,0.0,0.0,0.0,0.8,18.0,7.9,477.0
17.02.2024,21:00,1.5,0.0,5.5,94.0,1.5,32.0,5.5,266.0,0.0,0.0,0.0,0.0,0.0,0.0,0.0,0.0,0.8,18.0,5.5,390.0
17.02.2024,22:00,1.5,0.0,4.0,74.0,1.5,32.0,4.0,103.0,0.0,0.0,0.0,0.0,0.0,0.0,0.0,0.0,0.8,18.0,4.0,223.0
17.02.2024,23:00,2.0,10.0,2.5,35.0,2.0,72.0,2.5,103.0,0.0,0.0,0.0,0.0,0.0,0.0,0.0,0.0,0.8,18.0,2.5,212.0
18.02.2024,00:00,2.0,25.0,4.0,55.0,2.0,25.0,4.0,20.0,0.0,0.0,0.0,0.0,0.0,0.0,0.0,0.0,2.0,0.0,4.0,225.0
18.02.2024,01:00,2.0,25.0,4.0,55.0,2.0,25.0,4.0,20.0,0.0,0.0,0.0,0.0,0.0,0.0,0.0,0.0,2.0,0.0,4.0,175.0
18.02.2024,02:00,2.0,25.0,4.0,55.0,2.0,25.0,4.0,20.0,0.0,0.0,0.0,0.0,0.0,0.0,0.0,0.0,2.0,0.0,4.0,225.0
18.02.2024,03:00,2.0,31.0,4.0,55.0,2.0,69.0,4.0,20.0,0.0,0.0,0.0,0.0,0.0,0.0,0.0,0.0,2.0,0.0,4.0,225.0
18.02.2024,04:00,2.0,31.0,4.0,55.0,2.0,69.0,4.0,20.0,0.0,0.0,0.0,0.0,0.0,0.0,0.0,0.0,2.0,0.0,4.0,225.0
18.02.2024,05:00,2.0,31.0,4.0,55.0,2.0,69.0,4.0,20.0,0.0,0.0,0.0,0.0,0.0,0.0,0.0,0.0,2.0,0.0,4.0,225.0
18.02.2024,06:00,2.0,31.0,4.0,55.0,2.0,69.0,4.0,63.0,0.0,0.0,0.0,0.0,0.0,0.0,0.0,0.0,2.0,0.0,3.5,232.0
18.02.2024,07:00,2.5,31.0,4.0,55.0,2.5,169.0,4.0,53.0,0.0,0.0,0.0,0.0,0.0,0.0,0.0,0.0,2.5,0.0,4.0,292.0
18.02.2024,08:00,5.0,31.0,5.0,65.0,5.0,190.0,5.0,324.0,0.0,0.0,0.0,0.0,0.0,0.0,0.0,0.0,2.0,29.0,4.5,511.0
18.02.2024,09:00,2.0,31.0,5.0,65.0,2.0,69.0,5.0,360.0,0.0,0.0,0.0,0.0,0.0,0.0,0.0,0.0,2.0,0.0,5.0,575.0
18.02.2024,10:00,2.0,31.0,5.0,65.0,2.0,69.0,5.0,233.0,0.0,0.0,0.0,0.0,0.0,0.0,0.0,0.0,2.0,0.0,5.0,552.0
18.02.2024,11:00,2.5,31.0,5.0,55.0,2.5,119.0,5.0,170.0,0.0,0.0,0.0,0.0,0.0,0.0,0.0,0.0,2.5,0.0,5.0,525.0
18.02.2024,12:00,2.5,31.0,5.0,55.0,2.5,119.0,5.0,170.0,0.0,0.0,0.0,0.0,0.0,0.0,0.0,0.0,2.5,0.0,4.0,475.0
18.02.2024,13:00,2.5,31.0,5.0,55.0,2.5,119.0,5.0,170.0,0.0,0.0,0.0,0.0,0.0,0.0,0.0,0.0,2.5,0.0,4.0,475.0
18.02.2024,14:00,2.0,31.0,4.5,55.0,2.0,69.0,4.5,153.0,0.0,0.0,0.0,0.0,0.0,0.0,0.0,0.0,2.0,0.0,4.5,492.0
18.02.2024,15:00,2.0,31.0,5.0,55.0,2.0,69.0,5.0,149.0,0.0,0.0,0.0,0.0,0.0,0.0,0.0,0.0,2.0,0.0,4.5,496.0
18.02.2024,16:00,2.5,31.0,7.9,55.0,2.5,169.0,7.9,370.0,0.0,0.0,0.0,0.0,0.0,0.0,0.0,0.0,2.5,0.0,7.9,675.0
18.02.2024,17:00,2.5,31.0,20.5,55.0,2.5,156.0,20.5,755.0,0.0,0.0,0.0,0.0,0.0,0.0,0.0,0.0,2.0,13.0,16.5,790.0
18.02.2024,18:00,2.5,31.0,23.5,65.0,2.5,101.0,23.5,820.0,0.0,0.0,0.0,0.0,0.0,0.0,0.0,0.0,2.0,18.0,18.5,815.0
18.02.2024,19:00,2.0,25.0,24.5,65.0,2.0,25.0,24.5,902.0,0.0,0.0,0.0,0.0,0.0,0.0,0.0,0.0,2.0,0.0,8.0,433.0
18.02.2024,20:00,2.0,25.0,18.5,65.0,2.0,25.0,18.5,587.0,0.0,0.0,0.0,0.0,0.0,0.0,0.0,0.0,2.0,0.0,7.0,398.0
18.02.2024,21:00,2.0,25.0,10.0,55.0,2.0,25.0,10.0,327.0,0.0,0.0,0.0,0.0,0.0,0.0,0.0,0.0,2.0,0.0,7.0,368.0
18.02.2024,22:00,2.0,25.0,4.0,55.0,2.0,25.0,4.0,60.0,0.0,0.0,0.0,0.0,0.0,0.0,0.0,0.0,2.0,0.0,4.0,285.0
18.02.2024,23:00,2.0,31.0,4.0,55.0,2.0,69.0,4.0,60.0,0.0,0.0,0.0,0.0,0.0,0.0,0.0,0.0,2.0,0.0,4.0,235.0
19.02.2024,00:00,2.0,25.0,2.0,94.0,2.0,25.0,2.0,15.0,0.0,0.0,0.0,0.0,0.0,0.0,0.0,0.0,2.0,0.0,2.0,241.0
19.02.2024,01:00,2.0,0.0,2.0,94.0,1.5,25.0,2.0,15.0,0.0,0.0,0.0,0.0,0.0,0.0,0.0,0.0,2.0,25.0,2.0,241.0
19.02.2024,02:00,2.0,0.0,2.0,94.0,1.5,25.0,2.0,15.0,0.0,0.0,0.0,0.0,0.0,0.0,0.0,0.0,2.0,25.0,2.0,241.0
19.02.2024,03:00,2.0,0.0,2.0,94.0,2.0,70.0,2.0,15.0,0.0,0.0,0.0,0.0,0.0,0.0,0.0,0.0,2.0,30.0,2.0,241.0
19.02.2024,04:00,2.0,0.0,2.0,94.0,2.0,70.0,2.0,15.0,0.0,0.0,0.0,0.0,0.0,0.0,0.0,0.0,2.0,30.0,2.0,241.0
19.02.2024,05:00,2.0,31.0,2.0,94.0,2.0,69.0,2.0,15.0,0.0,0.0,0.0,0.0,0.0,0.0,0.0,0.0,2.0,0.0,2.0,241.0
19.02.2024,06:00,2.0,31.0,8.0,99.0,2.0,69.0,8.0,160.0,0.0,0.0,0.0,0.0,0.0,0.0,0.0,0.0,2.0,0.0,7.5,491.0
19.02.2024,07:00,2.0,31.0,22.0,109.0,2.0,69.0,22.0,571.0,0.0,0.0,0.4,30.0,0.0,0.0,0.4,30.0,2.0,0.0,22.0,670.0
19.02.2024,08:00,2.0,31.0,27.0,109.0,2.0,90.0,27.0,696.0,0.0,0.0,3.0,54.0,0.0,0.0,3.0,0.0,2.0,29.0,24.0,695.0
19.02.2024,09:00,2.0,31.0,23.0,109.0,2.0,69.0,23.0,584.0,0.0,0.0,3.0,54.0,0.0,0.0,3.0,0.0,2.0,0.0,23.0,707.0
19.02.2024,10:00,2.0,31.0,20.0,99.0,2.0,69.0,20.0,594.0,0.0,0.0,3.0,29.0,0.0,0.0,0.25,30.0,2.0,0.0,20.0,657.0
19.02.2024,11:00,2.0,31.0,13.0,99.0,2.0,69.0,13.0,565.0,0.0,0.0,3.0,36.0,0.0,0.0,0.25,30.0,2.0,0.0,9.0,636.0
19.02.2024,12:00,2.0,31.0,10.6,99.0,2.0,69.0,10.6,475.0,0.0,0.0,3.0,48.0,0.0,0.0,0.25,30.0,2.0,0.0,7.0,526.0
19.02.2024,13:00,2.0,31.0,10.0,99.0,2.0,69.0,10.0,475.0,0.0,0.0,3.0,48.0,0.0,0.0,0.25,30.0,2.0,0.0,6.5,526.0
19.02.2024,14:00,2.0,25.0,10.0,99.0,2.0,75.0,10.0,425.0,0.0,0.0,4.0,53.0,0.0,0.0,4.0,0.0,2.0,0.0,6.5,526.0
19.02.2024,15:00,2.0,31.0,12.8,99.0,2.0,46.0,12.8,465.0,0.0,0.0,4.0,53.0,0.0,0.0,4.0,0.0,2.0,23.0,9.0,536.0
19.02.2024,16:00,2.0,31.0,20.5,99.0,2.0,89.0,20.5,528.0,0.0,0.0,4.0,53.0,0.0,0.0,4.0,0.0,2.0,30.0,20.5,623.0
19.02.2024,17:00,2.0,31.0,25.7,109.0,2.0,89.0,25.7,584.0,0.0,0.0,4.0,53.0,0.0,0.0,4.0,0.0,2.0,30.0,25.5,707.0
19.02.2024,18:00,2.0,31.0,26.0,109.0,2.0,69.0,26.0,534.0,0.0,0.0,3.0,55.0,0.0,0.0,3.0,0.0,2.0,0.0,24.0,657.0
19.02.2024,19:00,2.0,25.0,22.5,109.0,2.0,25.0,22.5,446.0,0.0,0.0,3.0,55.0,0.0,0.0,3.0,0.0,2.0,0.0,20.0,595.0
19.02.2024,20:00,2.0,25.0,17.5,99.0,2.0,25.0,17.5,323.0,0.0,0.0,0.0,0.0,0.0,0.0,0.0,0.0,2.0,0.0,17.5,528.0
19.02.2024,21:00,2.0,25.0,8.0,99.0,2.0,25.0,8.0,156.0,0.0,0.0,0.0,0.0,0.0,0.0,0.0,0.0,2.0,0.0,8.0,345.0
19.02.2024,22:00,2.0,25.0,5.0,35.0,2.0,25.0,5.0,15.0,0.0,0.0,0.0,0.0,0.0,0.0,0.0,0.0,2.0,0.0,5.0,350.0
19.02.2024,23:00,2.0,25.0,2.0,94.0,2.0,25.0,2.0,15.0,0.0,0.0,0.0,0.0,0.0,0.0,0.0,0.0,2.0,0.0,2.0,241.0
20.02.2024,00:00,2.0,25.0,3.0,55.0,2.0,25.0,3.0,15.0,0.0,0.0,0.0,0.0,0.0,0.0,0.0,0.0,2.0,0.0,3.0,280.0
20.02.2024,01:00,2.0,25.0,3.0,55.0,2.0,25.0,3.0,15.0,0.0,0.0,0.0,0.0,0.0,0.0,0.0,0.0,2.0,0.0,3.0,280.0
20.02.2024,02:00,2.0,25.0,3.0,55.0,2.0,25.0,3.0,15.0,0.0,0.0,0.0,0.0,0.0,0.0,0.0,0.0,2.0,0.0,3.0,280.0
20.02.2024,03:00,2.0,31.0,3.0,55.0,2.0,39.0,3.0,15.0,0.0,0.0,0.0,0.0,0.0,0.0,0.0,0.0,2.0,30.0,3.0,280.0
20.02.2024,04:00,2.0,31.0,3.0,55.0,2.0,39.0,3.0,15.0,0.0,0.0,0.0,0.0,0.0,0.0,0.0,0.0,2.0,30.0,3.0,280.0
20.02.2024,05:00,2.0,31.0,3.0,55.0,2.0,69.0,3.0,15.0,0.0,0.0,0.0,0.0,0.0,0.0,0.0,0.0,0.0,0.0,3.0,280.0
20.02.2024,06:00,2.0,31.0,11.15,60.0,2.0,51.0,11.15,257.0,0.0,0.0,0.0,0.0,0.0,0.0,0.0,0.0,2.0,18.0,11.15,433.0
20.02.2024,07:00,2.0,31.0,24.5,70.0,2.0,46.0,24.5,610.0,0.0,0.0,3.0,59.0,0.0,0.0,3.0,0.0,2.0,23.0,23.0,670.0
20.02.2024,08:00,2.5,31.0,28.0,70.0,2.5,100.0,28.0,710.0,0.0,0.0,3.0,54.0,0.0,0.0,3.0,0.0,2.0,19.0,26.0,720.0
20.02.2024,09:00,2.0,31.0,24.0,70.0,2.0,51.0,24.0,610.0,0.0,0.0,4.0,53.0,0.0,0.0,4.0,0.0,2.0,18.0,24.0,720.0
20.02.2024,10:00,2.0,31.0,23.0,60.0,2.0,51.0,23.0,620.0,0.0,0.0,4.0,53.0,0.0,0.0,4.0,0.0,2.0,18.0,19.0,670.0
20.02.2024,11:00,2.0,31.0,12.5,60.0,2.0,56.0,12.5,584.0,0.0,0.0,4.0,53.0,0.0,0.0,4.0,0.0,2.0,13.0,9.5,656.0
20.02.2024,12:00,2.0,31.0,10.0,60.0,2.0,69.0,10.0,504.0,0.0,0.0,0.4,30.0,0.0,0.0,0.25,30.0,2.0,0.0,7.0,536.0
20.02.2024,13:00,2.0,31.0,10.0,60.0,2.0,69.0,10.0,509.0,0.0,0.0,0.4,30.0,0.0,0.0,0.4,30.0,2.0,0.0,6.5,531.0
20.02.2024,14:00,2.0,31.0,9.5,60.0,2.0,69.0,9.5,455.0,0.0,0.0,3.0,25.0,0.0,0.0,3.0,30.0,2.0,0.0,8.71,535.0
20.02.2024,15:00,2.0,31.0,11.3,60.0,2.0,69.0,11.3,495.0,0.0,0.0,3.0,25.0,0.0,0.0,3.0,30.0,2.0,0.0,8.71,545.0
20.02.2024,16:00,2.5,31.0,20.0,60.0,2.5,119.0,20.0,545.0,0.0,0.0,3.0,25.0,0.0,0.0,3.0,30.0,2.5,0.0,16.5,645.0
20.02.2024,17:00,2.5,31.0,26.0,70.0,2.5,101.0,26.0,652.0,0.0,0.0,3.0,47.0,0.0,0.0,0.25,30.0,2.0,18.0,25.0,678.0
20.02.2024,18:00,2.0,31.0,30.5,70.0,2.0,51.0,30.5,823.0,0.0,0.0,0.4,30.0,0.0,0.0,0.4,30.0,2.0,18.0,19.0,407.0
20.02.2024,19:00,2.0,25.0,23.0,70.0,2.0,25.0,23.0,688.0,0.0,0.0,0.4,30.0,0.0,0.0,0.4,30.0,2.0,0.0,14.0,392.0
20.02.2024,20:00,2.0,25.0,14.0,60.0,2.0,25.0,14.0,338.0,0.0,0.0,0.0,0.0,0.0,0.0,0.0,0.0,2.0,0.0,14.0,552.0
20.02.2024,21:00,2.0,25.0,6.0,60.0,2.0,25.0,6.0,65.0,0.0,0.0,0.0,0.0,0.0,0.0,0.0,0.0,2.0,0.0,6.0,475.0
20.02.2024,22:00,2.0,25.0,5.0,55.0,2.0,25.0,5.0,25.0,0.0,0.0,0.0,0.0,0.0,0.0,0.0,0.0,2.0,0.0,5.0,320.0
20.02.2024,23:00,2.0,25.0,3.0,55.0,2.0,25.0,3.0,15.0,0.0,0.0,0.0,0.0,0.0,0.0,0.0,0.0,2.0,0.0,3.0,280.0
21.02.2024,00:00,2.0,0.0,2.0,94.0,2.0,50.0,2.0,15.0,0.0,0.0,0.0,0.0,0.0,0.0,0.0,0.0,2.0,0.0,2.0,241.0
21.02.2024,01:00,2.0,0.0,2.0,94.0,2.0,25.0,2.0,15.0,0.0,0.0,0.0,0.0,0.0,0.0,0.0,0.0,2.0,25.0,2.0,241.0
21.02.2024,02:00,2.0,0.0,2.0,94.0,2.0,25.0,2.0,15.0,0.0,0.0,0.0,0.0,0.0,0.0,0.0,0.0,2.0,25.0,2.0,241.0
21.02.2024,03:00,2.0,0.0,2.0,94.0,2.0,70.0,2.0,15.0,0.0,0.0,0.0,0.0,0.0,0.0,0.0,0.0,2.0,30.0,2.0,241.0
21.02.2024,04:00,2.0,0.0,2.0,94.0,2.0,70.0,2.0,15.0,0.0,0.0,0.0,0.0,0.0,0.0,0.0,0.0,2.0,30.0,2.0,241.0
21.02.2024,05:00,2.5,0.0,2.0,94.0,2.5,100.0,2.0,15.0,0.0,0.0,0.0,0.0,0.0,0.0,0.0,0.0,0.0,0.0,2.0,241.0
21.02.2024,06:00,2.0,31.0,7.0,99.0,2.0,69.0,7.0,349.0,0.0,0.0,0.0,0.0,0.0,0.0,0.0,0.0,0.0,0.0,4.0,302.0
21.02.2024,07:00,2.0,31.0,21.0,109.0,2.0,69.0,21.0,800.0,0.0,0.0,0.4,30.0,0.0,0.0,0.4,30.0,0.0,0.0,10.0,441.0
21.02.2024,08:00,2.5,31.0,20.7,99.0,2.5,119.0,20.7,745.0,0.0,0.0,0.4,30.0,0.0,0.0,0.4,30.0,0.0,0.0,13.0,656.0
21.02.2024,09:00,2.0,31.0,15.4,99.0,2.0,69.0,15.4,620.0,0.0,0.0,3.0,25.0,0.0,0.0,0.25,30.0,2.0,0.0,10.5,681.0
21.02.2024,10:00,2.0,31.0,11.9,89.0,2.0,69.0,11.9,620.0,0.0,0.0,3.0,25.0,0.0,0.0,3.0,30.0,0.0,0.0,10.0,641.0
21.02.2024,11:00,2.0,31.0,10.0,89.0,2.0,69.0,10.0,591.0,0.0,0.0,3.0,25.0,0.0,0.0,0.25,30.0,0.0,0.0,5.5,620.0
21.02.2024,12:00,2.0,31.0,8.0,89.0,2.0,69.0,8.0,519.0,0.0,0.0,4.61,22.0,0.0,0.0,4.61,30.0,0.0,0.0,4.5,492.0
21.02.2024,13:00,2.5,0.0,8.0,89.0,2.5,100.0,8.0,519.0,0.0,0.0,0.4,30.0,0.0,0.0,0.4,30.0,0.0,0.0,4.5,492.0
21.02.2024,14:00,2.0,31.0,8.5,89.0,2.0,69.0,8.5,469.0,0.0,0.0,4.61,22.0,0.0,0.0,4.61,30.0,2.0,0.0,4.5,492.0
21.02.2024,15:00,2.0,31.0,9.0,89.0,2.0,69.0,9.0,485.0,0.0,0.0,8.71,22.0,0.0,0.0,8.71,30.0,0.0,0.0,8.5,526.0
21.02.2024,16:00,2.5,31.0,10.6,99.0,2.5,119.0,10.6,525.0,0.0,0.0,3.0,29.0,0.0,0.0,0.25,30.0,0.0,0.0,9.0,626.0
21.02.2024,17:00,2.5,31.0,17.5,109.0,2.5,119.0,17.5,620.0,0.0,0.0,3.0,47.0,0.0,0.0,0.25,30.0,0.0,0.0,9.5,671.0
21.02.2024,18:00,2.0,31.0,15.3,109.0,2.0,69.0,15.3,570.0,0.0,0.0,3.0,59.0,0.0,0.0,3.0,0.0,0.0,0.0,9.0,621.0
21.02.2024,19:00,2.0,25.0,12.0,109.0,2.0,25.0,12.0,466.0,0.0,0.0,5.61,52.0,0.0,0.0,5.61,0.0,2.0,0.0,9.0,575.0
21.02.2024,20:00,2.0,25.0,8.0,99.0,2.0,25.0,8.0,285.0,0.0,0.0,0.0,0.0,0.0,0.0,0.0,0.0,2.0,0.0,5.5,566.0
21.02.2024,21:00,2.0,25.0,4.0,94.0,2.0,25.0,4.0,65.0,0.0,0.0,0.0,0.0,0.0,0.0,0.0,0.0,2.0,0.0,4.0,441.0
21.02.2024,22:00,2.0,0.0,2.0,94.0,2.0,50.0,2.0,15.0,0.0,0.0,0.0,0.0,0.0,0.0,0.0,0.0,2.0,0.0,2.0,291.0
21.02.2024,23:00,2.0,0.0,2.0,94.0,2.0,50.0,2.0,15.0,0.0,0.0,0.0,0.0,0.0,0.0,0.0,0.0,2.0,0.0,2.0,241.0
22.02.2024,00:00,2.0,0.0,2.0,94.0,2.0,50.0,2.0,70.0,0.0,0.0,0.0,0.0,0.0,0.0,0.0,0.0,2.0,0.0,2.0,186.0
22.02.2024,01:00,2.0,0.0,2.0,94.0,1.5,25.0,2.0,70.0,0.0,0.0,0.0,0.0,0.0,0.0,0.0,0.0,2.0,25.0,2.0,186.0
22.02.2024,02:00,2.0,0.0,2.0,94.0,2.0,25.0,2.0,70.0,0.0,0.0,0.0,0.0,0.0,0.0,0.0,0.0,2.0,25.0,2.0,186.0
22.02.2024,03:00,2.0,0.0,2.0,94.0,2.0,70.0,2.0,70.0,0.0,0.0,0.0,0.0,0.0,0.0,0.0,0.0,2.0,30.0,2.0,186.0
22.02.2024,04:00,2.0,0.0,2.0,94.0,2.0,70.0,2.0,70.0,0.0,0.0,0.0,0.0,0.0,0.0,0.0,0.0,2.0,30.0,2.0,186.0
22.02.2024,05:00,2.5,0.0,2.0,94.0,2.5,100.0,2.0,70.0,0.0,0.0,0.0,0.0,0.0,0.0,0.0,0.0,0.0,0.0,2.0,186.0
22.02.2024,06:00,2.0,31.0,3.5,25.0,2.0,69.0,3.5,274.0,0.0,0.0,0.0,0.0,0.0,0.0,0.0,0.0,0.0,0.0,2.9,451.0
22.02.2024,07:00,2.0,31.0,11.87,109.0,2.0,69.0,11.87,600.0,0.0,0.0,3.1,50.0,0.0,0.0,3.1,0.0,2.0,0.0,7.0,641.0
22.02.2024,08:00,2.5,31.0,12.0,109.0,2.5,119.0,12.0,749.0,0.0,0.0,3.1,50.0,0.0,0.0,3.1,0.0,0.0,0.0,7.0,642.0
22.02.2024,09:00,2.0,31.0,11.04,109.0,2.0,69.0,11.04,625.0,0.0,0.0,3.0,50.0,0.0,0.0,3.0,0.0,2.0,0.0,7.0,666.0
22.02.2024,10:00,2.0,31.0,8.11,99.0,2.0,69.0,8.11,642.0,0.0,0.0,3.0,50.0,0.0,0.0,3.0,0.0,2.0,0.0,4.0,609.0
22.02.2024,11:00,2.0,31.0,8.0,99.0,2.0,69.0,8.0,590.0,0.0,0.0,3.0,50.0,0.0,0.0,3.0,0.0,0.0,0.0,4.0,611.0
22.02.2024,12:00,2.0,31.0,6.8,94.0,2.0,69.0,6.8,515.0,0.0,0.0,4.0,50.0,0.0,0.0,4.0,0.0,2.0,0.0,3.0,491.0
22.02.2024,13:00,2.0,31.0,6.1,99.0,2.0,69.0,6.1,502.0,0.0,0.0,3.1,50.0,0.0,0.0,3.1,0.0,2.0,0.0,3.0,499.0
22.02.2024,14:00,2.0,31.0,6.1,94.0,2.0,69.0,6.1,457.0,0.0,0.0,3.1,50.0,0.0,0.0,3.1,0.0,0.0,0.0,3.0,499.0
22.02.2024,15:00,2.0,31.0,6.8,99.0,2.0,69.0,6.8,510.0,0.0,0.0,3.1,51.0,0.0,0.0,3.1,0.0,2.0,0.0,3.0,491.0
22.02.2024,16:00,2.5,31.0,6.1,109.0,2.5,119.0,6.1,550.0,0.0,0.0,3.1,51.0,0.0,0.0,3.1,0.0,0.0,0.0,3.5,591.0
22.02.2024,17:00,2.5,31.0,6.5,109.0,2.5,119.0,6.5,619.0,0.0,0.0,3.1,20.0,0.0,0.0,3.1,30.0,0.0,0.0,4.0,672.0
22.02.2024,18:00,2.0,31.0,6.8,109.0,2.0,69.0,6.8,565.0,0.0,0.0,3.1,20.0,0.0,0.0,3.1,30.0,2.0,0.0,6.0,626.0
22.02.2024,19:00,2.5,0.0,6.0,94.0,2.5,50.0,6.0,545.0,0.0,0.0,0.4,30.0,0.0,0.0,0.4,30.0,0.0,0.0,3.0,511.0
22.02.2024,20:00,2.5,0.0,4.0,94.0,2.5,50.0,4.0,345.0,0.0,0.0,0.0,0.0,0.0,0.0,0.0,0.0,0.0,0.0,2.5,511.0
22.02.2024,21:00,2.5,0.0,2.5,94.0,2.5,50.0,2.5,103.0,0.0,0.0,0.0,0.0,0.0,0.0,0.0,0.0,0.0,0.0,2.0,403.0
22.02.2024,22:00,2.5,0.0,2.0,94.0,2.5,50.0,2.0,70.0,0.0,0.0,0.0,0.0,0.0,0.0,0.0,0.0,0.0,0.0,2.0,236.0
22.02.2024,23:00,2.5,0.0,2.0,94.0,2.5,50.0,2.0,70.0,0.0,0.0,0.0,0.0,0.0,0.0,0.0,0.0,0.0,0.0,2.0,186.0
23.02.2024,00:00,13.0,0.0,2.0,114.0,13.0,50.0,2.0,90.0,0.0,0.0,0.0,0.0,0.0,0.0,0.0,0.0,0.0,0.0,2.0,146.0
23.02.2024,01:00,10.0,0.0,2.0,114.0,10.0,46.0,2.0,110.0,0.0,0.0,0.0,0.0,0.0,0.0,0.0,0.0,6.0,4.0,2.0,126.0
23.02.2024,02:00,9.0,0.0,2.0,114.0,9.0,21.0,2.0,90.0,0.0,0.0,0.0,0.0,0.0,0.0,0.0,0.0,5.5,29.0,2.0,146.0
23.02.2024,03:00,14.0,0.0,2.0,114.0,14.0,70.0,2.0,90.0,0.0,0.0,0.0,0.0,0.0,0.0,0.0,0.0,5.5,30.0,2.0,146.0
23.02.2024,04:00,13.0,0.0,2.0,114.0,13.0,70.0,2.0,110.0,0.0,0.0,0.0,0.0,0.0,0.0,0.0,0.0,5.5,30.0,2.0,126.0
23.02.2024,05:00,13.5,0.0,2.0,114.0,13.5,100.0,2.0,50.0,0.0,0.0,0.0,0.0,0.0,0.0,0.0,0.0,0.0,0.0,2.0,186.0
23.02.2024,06:00,2.5,0.0,6.1,94.0,2.5,100.0,6.1,250.0,0.0,0.0,0.0,0.0,0.0,0.0,0.0,0.0,0.0,0.0,4.0,406.0
23.02.2024,07:00,2.5,0.0,12.0,99.0,2.5,100.0,12.0,635.0,0.0,0.0,0.4,30.0,0.0,0.0,0.4,30.0,0.0,0.0,5.5,616.0
23.02.2024,08:00,5.0,31.0,14.0,109.0,5.0,119.0,14.0,775.0,0.0,0.0,3.0,50.0,0.0,0.0,3.0,0.0,0.0,0.0,5.5,616.0
23.02.2024,09:00,5.0,0.0,13.0,55.0,5.0,100.0,13.0,751.0,0.0,0.0,3.1,50.0,0.0,0.0,3.1,0.0,0.0,0.0,5.0,594.0
23.02.2024,10:00,5.0,0.0,12.0,75.0,5.0,100.0,12.0,710.0,0.0,0.0,3.1,50.0,0.0,0.0,3.1,0.0,0.0,0.0,5.0,565.0
23.02.2024,11:00,2.5,0.0,12.0,65.0,2.5,100.0,12.0,679.0,0.0,0.0,4.0,15.0,0.0,0.0,4.0,35.0,0.0,0.0,5.0,556.0
23.02.2024,12:00,2.5,0.0,10.5,119.0,2.5,100.0,10.5,525.0,0.0,0.0,4.0,15.0,0.0,0.0,4.0,35.0,0.0,0.0,4.5,456.0
23.02.2024,13:00,2.5,0.0,11.0,119.0,2.5,100.0,11.0,537.0,0.0,0.0,0.4,30.0,0.0,0.0,0.4,30.0,0.0,0.0,4.5,444.0
23.02.2024,14:00,2.5,0.0,10.5,99.0,2.5,100.0,10.5,507.0,0.0,0.0,0.4,30.0,0.0,0.0,0.25,30.0,0.0,0.0,4.5,444.0
23.02.2024,15:00,2.5,0.0,10.5,99.0,2.5,100.0,10.5,535.0,0.0,0.0,4.0,15.0,0.0,0.0,4.0,35.0,0.0,0.0,5.0,466.0
23.02.2024,16:00,3.0,12.0,11.04,99.0,3.0,138.0,11.04,560.0,0.0,0.0,4.0,15.0,0.0,0.0,4.0,35.0,0.0,0.0,6.0,591.0
23.02.2024,17:00,2.5,31.0,12.0,109.0,2.5,119.0,12.0,649.0,0.0,0.0,3.0,15.0,0.0,0.0,3.0,35.0,0.0,0.0,6.0,642.0
23.02.2024,18:00,2.5,0.0,12.0,109.0,2.5,100.0,12.0,619.0,0.0,0.0,3.0,15.0,0.0,0.0,3.0,35.0,0.0,0.0,5.0,572.0
23.02.2024,19:00,2.5,0.0,11.0,109.0,2.5,50.0,11.0,519.0,0.0,0.0,0.4,30.0,0.0,0.0,0.4,30.0,0.0,0.0,5.0,522.0
23.02.2024,20:00,2.5,0.0,8.0,99.0,2.5,50.0,8.0,310.0,0.0,0.0,0.0,0.0,0.0,0.0,0.0,0.0,0.0,0.0,5.0,541.0
23.02.2024,21:00,2.5,0.0,4.0,94.0,2.5,50.0,4.0,120.0,0.0,0.0,0.0,0.0,0.0,0.0,0.0,0.0,0.0,0.0,4.0,386.0
23.02.2024,22:00,2.5,0.0,3.5,94.0,2.5,50.0,3.5,41.0,0.0,0.0,0.0,0.0,0.0,0.0,0.0,0.0,0.0,0.0,3.5,265.0
23.02.2024,23:00,2.5,0.0,3.0,94.0,2.5,50.0,3.0,20.0,0.0,0.0,0.0,0.0,0.0,0.0,0.0,0.0,0.0,0.0,3.0,236.0
24.02.2024,00:00,2.0,31.0,2.5,40.0,2.0,19.0,2.5,70.0,0.0,0.0,0.0,0.0,0.0,0.0,0.0,0.0,2.0,0.0,2.5,190.0
24.02.2024,01:00,2.0,0.0,2.0,40.0,2.0,50.0,2.0,70.0,0.0,0.0,0.0,0.0,0.0,0.0,0.0,0.0,2.0,0.0,2.0,140.0
24.02.2024,02:00,2.0,0.0,2.0,55.0,2.0,50.0,2.0,70.0,0.0,0.0,0.0,0.0,0.0,0.0,0.0,0.0,2.0,0.0,2.0,175.0
24.02.2024,03:00,4.5,0.0,2.0,94.0,4.5,100.0,2.0,70.0,0.0,0.0,0.0,0.0,0.0,0.0,0.0,0.0,4.5,0.0,2.0,136.0
24.02.2024,04:00,4.5,0.0,2.0,55.0,4.5,100.0,2.0,70.0,0.0,0.0,0.0,0.0,0.0,0.0,0.0,0.0,4.5,0.0,2.0,175.0
24.02.2024,05:00,3.0,30.0,2.0,40.0,3.0,70.0,2.0,70.0,0.0,0.0,0.0,0.0,0.0,0.0,0.0,0.0,0.0,0.0,2.0,190.0
24.02.2024,06:00,3.0,25.0,3.0,55.0,3.0,75.0,3.0,50.0,0.0,0.0,0.0,0.0,0.0,0.0,0.0,0.0,0.0,0.0,3.0,245.0
24.02.2024,07:00,4.0,31.0,2.5,40.0,4.0,169.0,2.5,130.0,0.0,0.0,0.0,0.0,0.0,0.0,0.0,0.0,0.0,0.0,2.5,230.0
24.02.2024,08:00,5.5,31.0,5.0,65.0,5.5,190.0,5.0,344.0,0.0,0.0,0.0,0.0,0.0,0.0,0.0,0.0,2.0,29.0,3.0,491.0
24.02.2024,09:00,2.5,31.0,5.0,65.0,2.5,69.0,5.0,364.0,0.0,0.0,0.0,0.0,0.0,0.0,0.0,0.0,2.5,0.0,4.0,571.0
24.02.2024,10:00,3.5,0.0,3.5,94.0,3.5,100.0,3.5,220.0,0.0,0.0,0.0,0.0,0.0,0.0,0.0,0.0,0.0,0.0,3.0,536.0
24.02.2024,11:00,4.0,0.0,3.5,94.0,4.0,150.0,3.5,150.0,0.0,0.0,0.0,0.0,0.0,0.0,0.0,0.0,0.0,0.0,2.5,506.0
24.02.2024,12:00,4.0,0.0,3.5,94.0,4.0,150.0,3.5,161.0,0.0,0.0,0.0,0.0,0.0,0.0,0.0,0.0,0.0,0.0,2.0,445.0
24.02.2024,13:00,4.0,0.0,3.5,94.0,4.0,150.0,3.5,155.0,0.0,0.0,0.0,0.0,0.0,0.0,0.0,0.0,0.0,0.0,2.5,451.0
24.02.2024,14:00,3.5,0.0,3.5,94.0,3.5,100.0,3.5,150.0,0.0,0.0,0.0,0.0,0.0,0.0,0.0,0.0,0.0,0.0,2.5,456.0
24.02.2024,15:00,2.5,0.0,3.5,94.0,2.5,100.0,3.5,170.0,0.0,0.0,0.0,0.0,0.0,0.0,0.0,0.0,0.0,0.0,2.0,436.0
24.02.2024,16:00,3.0,31.0,5.0,40.0,3.0,169.0,5.0,410.0,0.0,0.0,0.0,0.0,0.0,0.0,0.0,0.0,0.0,0.0,5.0,650.0
24.02.2024,17:00,3.0,31.0,13.0,104.0,3.0,169.0,13.0,725.0,0.0,0.0,0.0,0.0,0.0,0.0,0.0,0.0,0.0,0.0,7.0,771.0
24.02.2024,18:00,2.5,31.0,14.0,104.0,2.5,119.0,14.0,825.0,0.0,0.0,0.0,0.0,0.0,0.0,0.0,0.0,0.0,0.0,7.0,771.0
24.02.2024,19:00,2.0,25.0,12.0,65.0,2.0,25.0,12.0,674.0,0.0,0.0,0.0,0.0,0.0,0.0,0.0,0.0,2.0,0.0,7.0,661.0
24.02.2024,20:00,2.0,25.0,6.5,40.0,2.0,25.0,6.5,399.0,0.0,0.0,0.0,0.0,0.0,0.0,0.0,0.0,2.0,0.0,5.0,611.0
24.02.2024,21:00,2.0,25.0,4.0,40.0,2.0,25.0,4.0,180.0,0.0,0.0,0.0,0.0,0.0,0.0,0.0,0.0,2.0,0.0,4.0,530.0
24.02.2024,22:00,2.0,25.0,3.0,40.0,2.0,25.0,3.0,20.0,0.0,0.0,0.0,0.0,0.0,0.0,0.0,0.0,2.0,0.0,3.0,340.0
24.02.2024,23:00,2.0,31.0,2.5,40.0,2.0,69.0,2.5,40.0,0.0,0.0,0.0,0.0,0.0,0.0,0.0,0.0,0.0,0.0,2.5,270.0
25.02.2024,00:00,2.5,0.0,2.0,42.0,2.5,50.0,2.0,146.0,0.0,0.0,0.0,0.0,0.0,0.0,0.0,0.0,0.0,0.0,2.0,112.0
25.02.2024,01:00,2.0,0.0,2.0,50.0,2.0,25.0,2.0,126.0,0.0,0.0,0.0,0.0,0.0,0.0,0.0,0.0,2.0,25.0,2.0,74.0
25.02.2024,02:00,2.0,0.0,2.0,50.0,2.0,25.0,2.0,176.0,0.0,0.0,0.0,0.0,0.0,0.0,0.0,0.0,2.0,25.0,2.0,74.0
25.02.2024,03:00,2.5,0.0,2.0,50.0,2.5,70.0,2.0,176.0,0.0,0.0,0.0,0.0,0.0,0.0,0.0,0.0,2.0,30.0,2.0,74.0
25.02.2024,04:00,2.5,0.0,2.0,50.0,2.5,70.0,2.0,83.0,0.0,0.0,0.0,0.0,0.0,0.0,0.0,0.0,2.0,30.0,2.0,167.0
25.02.2024,05:00,3.0,0.0,2.0,42.0,3.0,100.0,2.0,146.0,0.0,0.0,0.0,0.0,0.0,0.0,0.0,0.0,0.0,0.0,2.0,112.0
25.02.2024,06:00,4.0,10.0,3.3,50.0,4.0,90.0,3.3,176.0,0.0,0.0,0.0,0.0,0.0,0.0,0.0,0.0,0.0,0.0,3.3,124.0
25.02.2024,07:00,4.9,31.0,3.3,50.0,4.9,169.0,3.3,226.0,0.0,0.0,0.0,0.0,0.0,0.0,0.0,0.0,0.0,0.0,3.3,124.0
25.02.2024,08:00,64.0,51.0,4.0,50.0,4.5,185.0,4.0,426.0,0.0,0.0,0.0,0.0,0.0,0.0,0.0,0.0,2.0,14.0,4.0,424.0
25.02.2024,09:00,4.0,10.0,4.0,50.0,4.0,90.0,4.0,389.0,0.0,0.0,0.0,0.0,0.0,0.0,0.0,0.0,0.0,0.0,4.0,561.0
25.02.2024,10:00,3.0,0.0,3.3,50.0,3.0,100.0,3.3,316.0,0.0,0.0,0.0,0.0,0.0,0.0,0.0,0.0,0.0,0.0,3.3,484.0
25.02.2024,11:00,8.0,12.0,2.5,50.0,3.0,138.0,2.5,263.0,0.0,0.0,0.0,0.0,0.0,0.0,0.0,0.0,0.0,0.0,2.5,437.0
25.02.2024,12:00,4.9,0.0,2.5,50.0,4.9,150.0,2.0,226.0,0.0,0.0,0.0,0.0,0.0,0.0,0.0,0.0,0.0,0.0,2.5,424.0
25.02.2024,13:00,4.9,0.0,2.5,50.0,4.9,150.0,2.0,226.0,0.0,0.0,0.0,0.0,0.0,0.0,0.0,0.0,0.0,0.0,2.5,424.0
25.02.2024,14:00,3.0,0.0,2.5,50.0,3.0,100.0,2.5,256.0,0.0,0.0,0.0,0.0,0.0,0.0,0.0,0.0,0.0,0.0,2.5,394.0
25.02.2024,15:00,2.5,31.0,3.5,20.0,2.5,69.0,3.5,356.0,0.0,0.0,0.0,0.0,0.0,0.0,0.0,0.0,0.0,0.0,3.5,324.0
25.02.2024,16:00,17.0,51.0,7.0,30.0,3.0,125.0,6.0,548.0,0.0,0.0,0.0,0.0,0.0,0.0,0.0,0.0,2.0,24.0,7.0,522.0
25.02.2024,17:00,17.0,51.0,18.0,60.0,3.0,125.0,18.0,737.0,0.0,0.0,0.0,0.0,0.0,0.0,0.0,0.0,2.0,24.0,14.0,803.0
25.02.2024,18:00,3.0,31.0,19.0,60.0,3.0,119.0,19.0,881.0,0.0,0.0,0.0,0.0,0.0,0.0,0.0,0.0,0.0,0.0,19.0,759.0
25.02.2024,19:00,2.0,25.0,14.0,40.0,2.0,25.0,14.0,688.0,0.0,0.0,0.0,0.0,0.0,0.0,0.0,0.0,2.0,0.0,14.0,672.0
25.02.2024,20:00,2.0,25.0,8.0,20.0,2.0,25.0,8.0,589.0,0.0,0.0,0.0,0.0,0.0,0.0,0.0,0.0,2.0,0.0,8.0,441.0
25.02.2024,21:00,2.0,25.0,7.0,20.0,2.0,25.0,4.5,348.0,0.0,0.0,0.0,0.0,0.0,0.0,0.0,0.0,2.0,0.0,7.0,382.0
25.02.2024,22:00,2.0,25.0,4.5,20.0,2.0,25.0,3.4,196.0,0.0,0.0,0.0,0.0,0.0,0.0,0.0,0.0,2.0,0.0,4.5,184.0
25.02.2024,23:00,2.5,31.0,3.3,20.0,2.5,69.0,3.3,146.0,0.0,0.0,0.0,0.0,0.0,0.0,0.0,0.0,0.0,0.0,3.3,184.0
26.02.2024,00:00,3.0,25.0,5.0,10.0,3.0,25.0,5.0,140.0,0.0,0.0,0.0,0.0,0.0,0.0,0.0,0.0,0.0,0.0,5.0,200.0
26.02.2024,01:00,2.0,31.0,5.0,10.0,2.0,0.0,5.0,140.0,0.0,0.0,0.0,0.0,0.0,0.0,0.0,0.0,2.0,19.0,5.0,200.0
26.02.2024,02:00,2.0,31.0,5.0,0.0,2.0,0.0,5.0,150.0,0.0,0.0,0.0,0.0,0.0,0.0,0.0,0.0,2.0,19.0,5.0,200.0
26.02.2024,03:00,3.5,31.0,5.0,0.0,3.5,39.0,5.0,150.0,0.0,0.0,0.0,0.0,0.0,0.0,0.0,0.0,2.0,30.0,5.0,200.0
26.02.2024,04:00,3.5,31.0,5.0,0.0,3.5,39.0,5.0,150.0,0.0,0.0,0.0,0.0,0.0,0.0,0.0,0.0,2.0,30.0,5.0,200.0
26.02.2024,05:00,5.5,31.0,8.0,35.0,5.5,69.0,5.0,160.0,0.0,0.0,0.0,0.0,0.0,0.0,0.0,0.0,0.0,0.0,8.0,155.0
26.02.2024,06:00,4.5,31.0,15.0,45.0,4.5,69.0,15.0,339.0,0.0,0.0,0.0,0.0,0.0,0.0,0.0,0.0,0.0,0.0,15.0,366.0
26.02.2024,07:00,4.5,31.0,39.0,45.0,4.5,69.0,39.0,589.0,0.0,0.0,3.0,48.0,0.0,0.0,0.25,30.0,0.0,0.0,25.0,716.0
26.02.2024,08:00,5.0,31.0,54.0,55.0,5.0,119.0,54.0,725.0,0.0,0.0,18.13,20.0,0.0,0.0,18.13,30.0,0.0,0.0,23.5,720.0
26.02.2024,09:00,4.5,31.0,53.0,55.0,4.5,69.0,53.0,639.0,0.0,0.0,18.66,20.0,0.0,0.0,18.66,30.0,0.0,0.0,27.0,706.0
26.02.2024,10:00,4.5,31.0,43.5,55.0,4.5,67.0,43.5,649.0,0.0,0.0,3.0,25.0,0.0,0.0,0.25,30.0,2.0,2.0,17.0,646.0
26.02.2024,11:00,4.5,31.0,39.0,45.0,4.5,69.0,39.0,589.0,0.0,0.0,3.0,25.0,0.0,0.0,0.25,30.0,0.0,0.0,15.0,666.0
26.02.2024,12:00,4.5,31.0,14.56,45.0,4.5,69.0,14.56,529.0,0.0,0.0,3.0,55.0,0.0,0.0,3.0,0.0,0.0,0.0,12.5,526.0
26.02.2024,13:00,4.5,31.0,13.0,45.0,4.5,69.0,13.0,488.0,0.0,0.0,3.0,48.0,0.0,0.0,0.25,30.0,0.0,0.0,13.0,567.0
26.02.2024,14:00,4.5,31.0,13.5,45.0,4.5,69.0,13.5,488.0,0.0,0.0,3.0,47.0,0.0,0.0,0.25,30.0,0.0,0.0,13.5,517.0
26.02.2024,15:00,4.5,31.0,15.0,45.0,4.5,69.0,15.0,490.0,0.0,0.0,3.0,47.0,0.0,0.0,0.25,30.0,0.0,0.0,15.0,565.0
26.02.2024,16:00,5.0,31.0,21.58,45.0,5.0,119.0,21.58,539.0,0.0,0.0,3.0,47.0,0.0,0.0,0.25,30.0,0.0,0.0,21.58,666.0
26.02.2024,17:00,5.0,31.0,50.0,55.0,5.0,119.0,50.0,625.0,0.0,0.0,17.11,20.0,0.0,0.0,17.11,30.0,0.0,0.0,37.5,720.0
26.02.2024,18:00,4.5,31.0,40.0,55.0,4.5,69.0,40.0,589.0,0.0,0.0,3.0,48.0,0.0,0.0,0.25,30.0,0.0,0.0,40.0,656.0
26.02.2024,19:00,3.0,25.0,29.0,55.0,3.0,25.0,29.0,559.0,0.0,0.0,3.0,48.0,0.0,0.0,0.25,30.0,0.0,0.0,29.0,536.0
26.02.2024,20:00,3.0,25.0,16.0,45.0,3.0,25.0,16.0,468.0,0.0,0.0,0.0,0.0,0.0,0.0,0.0,0.0,0.0,0.0,16.0,437.0
26.02.2024,21:00,3.0,25.0,10.0,45.0,3.0,25.0,10.0,225.0,0.0,0.0,0.0,0.0,0.0,0.0,0.0,0.0,0.0,0.0,10.0,330.0
26.02.2024,22:00,3.0,25.0,8.0,17.0,3.0,25.0,8.0,176.0,0.0,0.0,0.0,0.0,0.0,0.0,0.0,0.0,0.0,0.0,8.0,207.0
26.02.2024,23:00,3.0,25.0,7.5,0.0,3.0,25.0,7.5,213.0,0.0,0.0,0.0,0.0,0.0,0.0,0.0,0.0,0.0,0.0,7.5,137.0
27.02.2024,00:00,2.0,25.0,7.0,20.0,2.0,25.0,5.0,180.0,0.0,0.0,0.0,0.0,0.0,0.0,0.0,0.0,2.0,0.0,7.0,150.0
27.02.2024,01:00,2.0,31.0,5.5,0.0,2.0,0.0,5.5,264.0,0.0,0.0,0.0,0.0,0.0,0.0,0.0,0.0,2.0,19.0,5.5,86.0
27.02.2024,02:00,2.0,31.0,5.0,0.0,2.0,0.0,5.0,245.0,0.0,0.0,0.0,0.0,0.0,0.0,0.0,0.0,2.0,19.0,5.0,105.0
27.02.2024,03:00,2.0,31.0,5.0,0.0,2.0,39.0,5.0,195.0,0.0,0.0,0.0,0.0,0.0,0.0,0.0,0.0,2.0,30.0,5.0,155.0
27.02.2024,04:00,2.0,31.0,5.5,0.0,2.0,41.0,5.5,264.0,0.0,0.0,0.0,0.0,0.0,0.0,0.0,0.0,2.0,28.0,5.5,86.0
27.02.2024,05:00,2.0,31.0,9.0,25.0,2.0,69.0,9.0,166.0,0.0,0.0,0.0,0.0,0.0,0.0,0.0,0.0,0.0,0.0,9.0,159.0
27.02.2024,06:00,2.5,31.0,16.5,35.0,2.5,69.0,15.0,409.0,0.0,0.0,0.0,0.0,0.0,0.0,0.0,0.0,0.0,0.0,16.5,306.0
27.02.2024,07:00,2.5,31.0,39.5,45.0,2.5,69.0,39.5,667.0,0.0,0.0,0.4,30.0,0.0,0.0,0.4,30.0,0.0,0.0,39.5,638.0
27.02.2024,08:00,2.5,31.0,47.0,45.0,2.5,119.0,47.0,755.0,0.0,0.0,0.4,30.0,0.0,0.0,0.4,30.0,0.0,0.0,47.0,700.0
27.02.2024,09:00,2.5,31.0,43.5,45.0,2.5,69.0,43.5,697.0,0.0,0.0,3.0,25.0,0.0,0.0,3.0,30.0,0.0,0.0,43.5,658.0
27.02.2024,10:00,2.5,31.0,28.5,35.0,2.5,69.0,28.5,717.0,0.0,0.0,3.0,25.0,0.0,0.0,3.0,30.0,0.0,0.0,28.5,598.0
27.02.2024,11:00,2.5,31.0,21.0,35.0,2.5,69.0,21.0,717.0,0.0,0.0,3.0,25.0,0.0,0.0,3.0,30.0,0.0,0.0,21.0,548.0
27.02.2024,12:00,2.5,31.0,18.5,15.0,2.5,69.0,18.5,587.0,0.0,0.0,10.41,20.0,0.0,0.0,10.41,30.0,0.0,0.0,18.5,498.0
27.02.2024,13:00,2.5,31.0,18.24,15.0,2.5,69.0,18.24,627.0,0.0,0.0,0.4,30.0,0.0,0.0,0.4,30.0,0.0,0.0,18.24,458.0
27.02.2024,14:00,2.5,31.0,19.0,15.0,2.5,69.0,19.0,567.0,0.0,0.0,0.4,30.0,0.0,0.0,0.4,30.0,0.0,0.0,19.0,468.0
27.02.2024,15:00,2.5,31.0,20.5,15.0,2.5,69.0,20.5,587.0,0.0,0.0,9.61,20.0,0.0,0.0,9.61,30.0,0.0,0.0,20.5,498.0
27.02.2024,16:00,2.5,31.0,30.5,35.0,2.5,119.0,30.5,627.0,0.0,0.0,9.41,20.0,0.0,0.0,9.41,30.0,0.0,0.0,30.5,588.0
27.02.2024,17:00,2.5,31.0,43.0,45.0,2.5,119.0,43.0,722.0,0.0,0.0,9.21,20.0,0.0,0.0,9.21,30.0,0.0,0.0,43.0,633.0
27.02.2024,18:00,2.5,31.0,42.5,45.0,2.5,69.0,42.5,692.0,0.0,0.0,8.81,20.0,0.0,0.0,8.81,30.0,0.0,0.0,42.5,563.0
27.02.2024,19:00,2.0,25.0,42.0,45.0,2.0,25.0,42.0,607.0,0.0,0.0,0.4,30.0,0.0,0.0,0.4,30.0,2.0,0.0,42.0,498.0
27.02.2024,20:00,2.0,25.0,34.0,35.0,2.0,25.0,34.0,507.0,0.0,0.0,0.0,0.0,0.0,0.0,0.0,0.0,2.0,0.0,34.0,408.0
27.02.2024,21:00,2.0,25.0,16.0,15.0,2.0,25.0,13.47,321.0,0.0,0.0,0.0,0.0,0.0,0.0,0.0,0.0,2.0,0.0,16.0,264.0
27.02.2024,22:00,2.0,25.0,10.0,35.0,2.0,25.0,10.0,163.0,0.0,0.0,0.0,0.0,0.0,0.0,0.0,0.0,2.0,0.0,10.0,202.0
27.02.2024,23:00,2.0,25.0,7.5,5.0,2.0,25.0,7.5,216.0,0.0,0.0,0.0,0.0,0.0,0.0,0.0,0.0,2.0,0.0,7.5,129.0
28.02.2024,00:00,2.0,31.0,2.5,0.0,2.0,19.0,2.5,140.0,0.0,0.0,0.0,0.0,0.0,0.0,0.0,0.0,2.0,0.0,2.5,210.0
28.02.2024,01:00,2.0,31.0,3.0,10.0,0.0,0.0,3.0,100.0,0.0,0.0,0.0,0.0,0.0,0.0,0.0,0.0,2.0,19.0,3.0,240.0
28.02.2024,02:00,2.0,31.0,3.0,10.0,0.0,0.0,3.0,100.0,0.0,0.0,0.0,0.0,0.0,0.0,0.0,0.0,2.0,19.0,3.0,240.0
28.02.2024,03:00,2.0,31.0,3.0,10.0,2.0,69.0,3.0,100.0,0.0,0.0,0.0,0.0,0.0,0.0,0.0,0.0,0.0,0.0,3.0,240.0
28.02.2024,04:00,2.0,31.0,3.0,10.0,2.0,69.0,3.0,100.0,0.0,0.0,0.0,0.0,0.0,0.0,0.0,0.0,0.0,0.0,3.0,240.0
28.02.2024,05:00,2.0,31.0,3.0,0.0,2.0,69.0,3.0,138.0,0.0,0.0,0.0,0.0,0.0,0.0,0.0,0.0,0.0,0.0,3.0,212.0
28.02.2024,06:00,2.0,31.0,6.0,10.0,2.0,69.0,6.0,323.0,0.0,0.0,0.0,0.0,0.0,0.0,0.0,0.0,0.0,0.0,6.0,417.0
28.02.2024,07:00,2.0,31.0,18.86,45.0,2.0,69.0,18.86,678.0,0.0,0.0,4.17,50.0,0.0,0.0,4.17,0.0,0.0,0.0,18.86,627.0
28.02.2024,08:00,4.0,31.0,18.0,44.0,4.0,107.0,18.0,801.0,0.0,0.0,4.17,50.0,0.0,0.0,4.17,0.0,2.0,12.0,18.0,655.0
28.02.2024,09:00,2.0,31.0,17.0,44.0,2.0,69.0,17.0,751.0,0.0,0.0,4.17,50.0,0.0,0.0,4.17,0.0,2.0,0.0,17.0,605.0
28.02.2024,10:00,2.0,31.0,12.0,5.0,2.0,69.0,12.0,685.0,0.0,0.0,4.17,50.0,0.0,0.0,4.17,0.0,2.0,0.0,10.5,660.0
28.02.2024,11:00,2.0,31.0,10.0,5.0,2.0,69.0,10.0,649.0,0.0,0.0,2.0,0.0,0.0,0.0,2.0,50.0,0.0,0.0,6.5,646.0
28.02.2024,12:00,2.0,31.0,9.0,5.0,2.0,69.0,9.0,549.0,0.0,0.0,4.17,50.0,0.0,0.0,4.17,0.0,0.0,0.0,6.0,546.0
28.02.2024,13:00,2.0,31.0,8.5,5.0,2.0,69.0,8.5,549.0,0.0,0.0,3.0,50.0,0.0,0.0,3.0,0.0,0.0,0.0,5.5,546.0
28.02.2024,14:00,2.0,31.0,8.0,5.0,2.0,69.0,8.0,499.0,0.0,0.0,3.0,50.0,0.0,0.0,3.0,0.0,0.0,0.0,5.5,546.0
28.02.2024,15:00,2.0,31.0,8.5,5.0,2.0,69.0,8.5,549.0,0.0,0.0,4.17,50.0,0.0,0.0,4.17,0.0,0.0,0.0,5.5,546.0
28.02.2024,16:00,4.0,31.0,13.03,15.0,4.0,119.0,13.03,692.0,0.0,0.0,3.0,50.0,0.0,0.0,3.0,0.0,4.0,0.0,13.03,543.0
28.02.2024,17:00,4.0,31.0,18.29,38.0,4.0,119.0,18.29,707.0,0.0,0.0,3.0,20.0,0.0,0.0,3.0,30.0,4.0,0.0,18.29,655.0
28.02.2024,18:00,2.0,31.0,18.8,15.0,2.0,69.0,18.8,624.0,0.0,0.0,2.0,0.0,0.0,0.0,2.0,50.0,0.0,0.0,18.0,661.0
28.02.2024,19:00,2.0,31.0,18.25,15.0,2.0,19.0,18.25,519.0,0.0,0.0,0.4,30.0,0.0,0.0,0.4,30.0,0.0,0.0,18.0,616.0
28.02.2024,20:00,2.0,31.0,11.5,5.0,2.0,19.0,11.5,443.0,0.0,0.0,0.0,0.0,0.0,0.0,0.0,0.0,2.0,0.0,11.5,502.0
28.02.2024,21:00,2.0,31.0,4.5,0.0,2.0,19.0,4.0,233.0,0.0,0.0,0.0,0.0,0.0,0.0,0.0,0.0,0.0,0.0,4.5,367.0
28.02.2024,22:00,2.0,31.0,4.15,0.0,2.0,19.0,4.15,140.0,0.0,0.0,0.0,0.0,0.0,0.0,0.0,0.0,0.0,0.0,4.15,260.0
28.02.2024,23:00,2.0,31.0,3.0,0.0,2.0,19.0,3.0,138.0,0.0,0.0,0.0,0.0,0.0,0.0,0.0,0.0,0.0,0.0,3.0,212.0
29.02.2024,00:00,3.5,0.0,3.1,20.0,3.5,50.0,3.0,188.0,0.0,0.0,0.0,0.0,0.0,0.0,0.0,0.0,3.5,0.0,3.1,142.0
29.02.2024,01:00,2.5,0.0,3.0,30.0,2.5,21.0,3.0,209.0,0.0,0.0,0.0,0.0,0.0,0.0,0.0,0.0,2.0,29.0,3.0,111.0
29.02.2024,02:00,2.5,0.0,3.0,30.0,2.5,21.0,2.9,164.0,0.0,0.0,0.0,0.0,0.0,0.0,0.0,0.0,2.0,29.0,3.0,156.0
29.02.2024,03:00,4.5,0.0,2.0,20.0,4.5,70.0,2.0,60.0,0.0,0.0,0.0,0.0,0.0,0.0,0.0,0.0,2.0,30.0,2.0,270.0
29.02.2024,04:00,3.5,0.0,2.0,20.0,3.5,70.0,2.0,60.0,0.0,0.0,0.0,0.0,0.0,0.0,0.0,0.0,2.0,30.0,2.0,270.0
29.02.2024,05:00,3.5,0.0,4.3,20.0,3.5,100.0,4.3,140.0,0.0,0.0,0.0,0.0,0.0,0.0,0.0,0.0,0.0,0.0,4.3,190.0
29.02.2024,06:00,3.5,0.0,6.0,15.0,3.5,100.0,5.0,380.0,0.0,0.0,0.0,0.0,0.0,0.0,0.0,0.0,3.5,0.0,6.0,355.0
29.02.2024,07:00,2.5,28.0,10.0,25.0,2.5,72.0,10.0,688.0,0.0,0.0,0.4,30.0,0.0,0.0,0.4,30.0,2.5,0.0,10.0,637.0
29.02.2024,08:00,3.5,31.0,11.0,25.0,3.5,119.0,11.0,798.0,0.0,0.0,0.4,30.0,0.0,0.0,0.25,30.0,3.5,0.0,10.0,677.0
29.02.2024,09:00,2.5,28.0,10.0,25.0,2.5,72.0,10.0,694.0,0.0,0.0,2.5,15.0,0.0,0.0,2.5,35.0,2.5,0.0,9.0,681.0
29.02.2024,10:00,3.0,24.0,10.0,36.0,3.0,76.0,10.0,718.0,0.0,0.0,2.5,15.0,0.0,0.0,2.5,35.0,0.0,0.0,7.0,596.0
29.02.2024,11:00,6.5,0.0,10.0,45.0,6.5,100.0,10.0,660.0,0.0,0.0,2.5,15.0,0.0,0.0,2.5,35.0,0.0,0.0,7.0,595.0
29.02.2024,12:00,6.5,0.0,8.5,45.0,6.5,100.0,8.5,554.0,0.0,0.0,2.5,15.0,0.0,0.0,2.5,35.0,0.0,0.0,5.0,501.0
29.02.2024,13:00,6.0,10.0,7.5,41.0,6.0,90.0,7.5,558.0,0.0,0.0,0.4,30.0,0.0,0.0,0.4,30.0,0.0,0.0,5.0,501.0
29.02.2024,14:00,5.0,10.0,8.0,35.0,5.0,90.0,8.0,514.0,0.0,0.0,2.5,15.0,0.0,0.0,2.5,35.0,0.0,0.0,5.0,501.0
29.02.2024,15:00,4.0,10.0,9.0,35.0,4.0,90.0,9.0,564.0,0.0,0.0,2.5,15.0,0.0,0.0,2.5,35.0,4.0,0.0,6.0,501.0
29.02.2024,16:00,6.5,31.0,10.0,25.0,6.5,119.0,10.0,593.0,0.0,0.0,2.5,15.0,0.0,0.0,2.5,35.0,6.5,0.0,10.0,632.0
29.02.2024,17:00,3.5,31.0,11.1,25.0,3.5,119.0,11.1,694.0,0.0,0.0,2.5,15.0,0.0,0.0,2.5,35.0,3.5,0.0,11.0,681.0
29.02.2024,18:00,2.5,28.0,12.0,25.0,2.5,72.0,12.0,674.0,0.0,0.0,0.4,30.0,0.0,0.0,0.4,30.0,2.5,0.0,12.0,601.0
29.02.2024,19:00,2.0,20.0,10.0,15.0,2.0,30.0,10.0,560.0,0.0,0.0,2.5,50.0,0.0,0.0,2.5,0.0,2.0,0.0,10.0,575.0
29.02.2024,20:00,2.0,20.0,8.0,15.0,2.0,30.0,8.0,442.0,0.0,0.0,0.0,0.0,0.0,0.0,0.0,0.0,2.0,0.0,8.0,493.0
29.02.2024,21:00,2.0,29.0,6.0,10.0,2.0,21.0,5.0,273.0,0.0,0.0,0.0,0.0,0.0,0.0,0.0,0.0,0.0,0.0,6.0,317.0
29.02.2024,22:00,2.0,29.0,5.0,10.0,2.0,21.0,5.0,193.0,0.0,0.0,0.0,0.0,0.0,0.0,0.0,0.0,2.0,0.0,5.0,197.0
29.02.2024,23:00,2.0,29.0,4.0,10.0,2.0,21.0,4.0,214.0,0.0,0.0,0.0,0.0,0.0,0.0,0.0,0.0,0.0,0.0,3.9,126.0
01.03.2024,00:00,3.0,31.0,5.5,20.0,3.0,19.0,4.0,205.0,0.0,0.0,0.0,0.0,0.0,0.0,0.0,0.0,0.0,0.0,5.5,125.0
01.03.2024,01:00,3.0,0.0,4.0,20.0,3.0,20.0,4.0,203.0,0.0,0.0,0.0,0.0,0.0,0.0,0.0,0.0,2.0,30.0,4.0,127.0
01.03.2024,02:00,3.0,0.0,3.5,40.0,3.0,20.0,3.5,183.0,0.0,0.0,0.0,0.0,0.0,0.0,0.0,0.0,2.0,30.0,3.5,127.0
01.03.2024,03:00,3.0,0.0,3.0,60.0,3.0,70.0,3.0,155.0,0.0,0.0,0.0,0.0,0.0,0.0,0.0,0.0,2.0,30.0,3.0,135.0
01.03.2024,04:00,3.0,0.0,3.0,60.0,3.0,70.0,3.0,159.0,0.0,0.0,0.0,0.0,0.0,0.0,0.0,0.0,2.0,30.0,3.0,131.0
01.03.2024,05:00,3.5,0.0,4.0,44.0,3.5,100.0,4.0,154.0,0.0,0.0,0.0,0.0,0.0,0.0,0.0,0.0,0.0,0.0,4.0,152.0
01.03.2024,06:00,3.5,0.0,8.0,45.0,3.5,100.0,8.0,390.0,0.0,0.0,0.0,0.0,0.0,0.0,0.0,0.0,0.0,0.0,7.0,315.0
01.03.2024,07:00,2.5,24.0,17.0,65.0,2.5,76.0,17.0,655.0,0.0,0.0,0.4,30.0,0.0,0.0,0.4,30.0,0.0,0.0,13.0,630.0
01.03.2024,08:00,3.0,24.0,25.0,65.0,3.0,126.0,25.0,805.0,0.0,0.0,0.4,30.0,0.0,0.0,0.4,30.0,0.0,0.0,14.0,630.0
01.03.2024,09:00,3.0,20.0,20.0,65.0,3.0,80.0,20.0,705.0,0.0,0.0,3.6,20.0,0.0,0.0,3.6,30.0,3.0,0.0,14.0,630.0
01.03.2024,10:00,3.0,20.0,11.5,55.0,3.0,80.0,11.5,725.0,0.0,0.0,3.6,15.0,0.0,0.0,3.6,35.0,3.0,0.0,9.5,570.0
01.03.2024,11:00,3.0,0.0,10.0,55.0,3.0,100.0,10.0,694.0,0.0,0.0,3.6,15.0,0.0,0.0,3.6,35.0,0.0,0.0,7.0,551.0
01.03.2024,12:00,3.0,0.0,8.0,55.0,3.0,100.0,8.0,579.0,0.0,0.0,3.6,15.0,0.0,0.0,3.6,35.0,0.0,0.0,5.0,466.0
01.03.2024,13:00,3.0,0.0,7.5,55.0,3.0,100.0,7.5,579.0,0.0,0.0,0.4,30.0,0.0,0.0,0.4,30.0,0.0,0.0,5.0,466.0
01.03.2024,14:00,3.0,0.0,9.0,55.0,3.0,100.0,9.0,539.0,0.0,0.0,3.6,15.0,0.0,0.0,3.6,35.0,0.0,0.0,5.0,456.0
01.03.2024,15:00,3.0,0.0,10.0,55.0,3.0,100.0,10.0,589.0,0.0,0.0,3.6,15.0,0.0,0.0,3.6,35.0,0.0,0.0,7.0,456.0
01.03.2024,16:00,3.5,24.0,10.73,45.0,3.5,126.0,10.73,649.0,0.0,0.0,3.6,15.0,0.0,0.0,3.6,35.0,0.0,0.0,9.0,556.0
01.03.2024,17:00,3.0,24.0,20.0,65.0,3.0,126.0,20.0,709.0,0.0,0.0,3.6,20.0,0.0,0.0,3.6,30.0,0.0,0.0,15.0,626.0
01.03.2024,18:00,2.5,24.0,19.0,65.0,2.5,76.0,19.0,659.0,0.0,0.0,0.4,30.0,0.0,0.0,0.4,30.0,0.0,0.0,13.0,576.0
01.03.2024,19:00,2.0,20.0,13.43,55.0,2.0,30.0,13.43,567.0,0.0,0.0,0.4,30.0,0.0,0.0,0.4,30.0,2.0,0.0,12.0,528.0
01.03.2024,20:00,2.0,20.0,9.5,45.0,2.0,30.0,9.5,408.0,0.0,0.0,0.0,0.0,0.0,0.0,0.0,0.0,2.0,0.0,9.0,497.0
01.03.2024,21:00,2.0,20.0,6.5,15.0,2.0,30.0,6.5,288.0,0.0,0.0,0.0,0.0,0.0,0.0,0.0,0.0,2.0,0.0,6.5,297.0
01.03.2024,22:00,3.0,20.0,4.0,10.0,3.0,30.0,4.0,253.0,0.0,0.0,0.0,0.0,0.0,0.0,0.0,0.0,0.0,0.0,4.0,137.0
01.03.2024,23:00,3.0,0.0,4.0,10.0,3.0,50.0,4.0,194.0,0.0,0.0,0.0,0.0,0.0,0.0,0.0,0.0,0.0,0.0,4.0,146.0
02.03.2024,00:00,4.0,20.0,6.0,50.0,4.0,30.0,3.5,178.0,0.0,0.0,0.0,0.0,0.0,0.0,0.0,0.0,0.0,0.0,6.0,72.0
02.03.2024,01:00,2.0,0.0,4.0,10.0,2.0,30.0,4.0,230.0,0.0,0.0,0.0,0.0,0.0,0.0,0.0,0.0,2.0,20.0,4.0,10.0
02.03.2024,02:00,2.0,0.0,4.0,20.0,2.0,30.0,4.0,270.0,0.0,0.0,0.0,0.0,0.0,0.0,0.0,0.0,2.0,20.0,4.0,10.0
02.03.2024,03:00,3.0,0.0,4.0,40.0,3.0,80.0,4.0,250.0,0.0,0.0,0.0,0.0,0.0,0.0,0.0,0.0,2.0,20.0,4.0,10.0
02.03.2024,04:00,3.0,0.0,4.0,40.0,3.0,80.0,4.0,250.0,0.0,0.0,0.0,0.0,0.0,0.0,0.0,0.0,2.0,20.0,4.0,10.0
02.03.2024,05:00,5.0,20.0,6.0,40.0,5.0,80.0,3.5,188.0,0.0,0.0,0.0,0.0,0.0,0.0,0.0,0.0,0.0,0.0,6.0,72.0
02.03.2024,06:00,4.0,20.0,8.0,40.0,4.0,80.0,3.5,203.0,0.0,0.0,0.0,0.0,0.0,0.0,0.0,0.0,0.0,0.0,8.0,107.0
02.03.2024,07:00,6.0,31.0,8.0,50.0,6.0,169.0,3.0,258.0,0.0,0.0,0.0,0.0,0.0,0.0,0.0,0.0,0.0,0.0,8.0,92.0
02.03.2024,08:00,6.0,31.0,11.0,60.0,6.0,189.0,9.5,556.0,0.0,0.0,0.0,0.0,0.0,0.0,0.0,0.0,2.0,30.0,11.0,284.0
02.03.2024,09:00,4.0,20.0,12.0,60.0,4.0,80.0,10.0,568.0,0.0,0.0,0.0,0.0,0.0,0.0,0.0,0.0,4.0,0.0,12.0,372.0
02.03.2024,10:00,4.0,20.0,9.5,50.0,4.0,80.0,5.5,418.0,0.0,0.0,0.0,0.0,0.0,0.0,0.0,0.0,0.0,0.0,9.5,382.0
02.03.2024,11:00,5.0,28.0,9.0,40.0,5.0,122.0,5.0,418.0,0.0,0.0,0.0,0.0,0.0,0.0,0.0,0.0,0.0,0.0,9.0,292.0
02.03.2024,12:00,5.0,28.0,9.0,40.0,5.0,122.0,5.0,418.0,0.0,0.0,0.0,0.0,0.0,0.0,0.0,0.0,0.0,0.0,9.0,242.0
02.03.2024,13:00,5.0,28.0,8.0,40.0,5.0,122.0,5.0,418.0,0.0,0.0,0.0,0.0,0.0,0.0,0.0,0.0,0.0,0.0,8.0,242.0
02.03.2024,14:00,3.0,20.0,9.0,40.0,3.0,80.0,5.0,418.0,0.0,0.0,0.0,0.0,0.0,0.0,0.0,0.0,0.0,0.0,9.0,242.0
02.03.2024,15:00,3.0,20.0,9.5,40.0,3.0,80.0,9.0,417.0,0.0,0.0,0.0,0.0,0.0,0.0,0.0,0.0,3.0,0.0,9.5,243.0
02.03.2024,16:00,7.5,28.0,15.0,50.0,7.5,172.0,12.0,568.0,0.0,0.0,0.0,0.0,0.0,0.0,0.0,0.0,0.0,0.0,15.0,482.0
02.03.2024,17:00,5.0,31.0,22.0,60.0,5.0,142.0,22.0,879.0,0.0,0.0,0.0,0.0,0.0,0.0,0.0,0.0,2.0,27.0,22.0,661.0
02.03.2024,18:00,5.0,30.0,24.0,60.0,5.0,120.0,24.0,939.0,0.0,0.0,0.0,0.0,0.0,0.0,0.0,0.0,0.0,0.0,24.0,701.0
02.03.2024,19:00,3.0,20.0,19.0,60.0,3.0,30.0,19.0,809.0,0.0,0.0,0.0,0.0,0.0,0.0,0.0,0.0,0.0,0.0,19.0,531.0
02.03.2024,20:00,3.0,20.0,15.0,50.0,3.0,30.0,11.13,600.0,0.0,0.0,0.0,0.0,0.0,0.0,0.0,0.0,0.0,0.0,15.0,400.0
02.03.2024,21:00,4.0,20.0,10.0,50.0,4.0,30.0,5.5,358.0,0.0,0.0,0.0,0.0,0.0,0.0,0.0,0.0,0.0,0.0,10.0,342.0
02.03.2024,22:00,4.0,20.0,6.5,30.0,4.0,30.0,3.5,203.0,0.0,0.0,0.0,0.0,0.0,0.0,0.0,0.0,0.0,0.0,6.5,167.0
02.03.2024,23:00,4.0,20.0,5.5,10.0,4.0,80.0,4.0,252.0,0.0,0.0,0.0,0.0,0.0,0.0,0.0,0.0,0.0,0.0,5.5,88.0
03.03.2024,00:00,2.0,10.0,3.0,10.0,2.0,40.0,3.0,73.0,0.0,0.0,0.0,0.0,0.0,0.0,0.0,0.0,2.0,0.0,3.0,217.0
03.03.2024,01:00,2.0,10.0,3.0,10.0,2.0,40.0,3.0,20.0,0.0,0.0,0.0,0.0,0.0,0.0,0.0,0.0,2.0,0.0,3.0,220.0
03.03.2024,02:00,2.0,10.0,3.0,10.0,2.0,40.0,3.0,73.0,0.0,0.0,0.0,0.0,0.0,0.0,0.0,0.0,2.0,0.0,3.0,217.0
03.03.2024,03:00,2.0,31.0,3.0,10.0,2.0,40.0,3.0,73.0,0.0,0.0,0.0,0.0,0.0,0.0,0.0,0.0,2.0,29.0,3.0,217.0
03.03.2024,04:00,2.0,31.0,3.0,10.0,2.0,40.0,3.0,43.0,0.0,0.0,0.0,0.0,0.0,0.0,0.0,0.0,2.0,29.0,3.0,247.0
03.03.2024,05:00,2.0,10.0,3.0,10.0,2.0,90.0,3.0,73.0,0.0,0.0,0.0,0.0,0.0,0.0,0.0,0.0,0.0,0.0,3.0,217.0
03.03.2024,06:00,2.0,10.0,3.0,0.0,2.0,90.0,3.0,113.0,0.0,0.0,0.0,0.0,0.0,0.0,0.0,0.0,0.0,0.0,3.0,237.0
03.03.2024,07:00,3.0,31.0,3.0,0.0,3.0,169.0,3.0,215.0,0.0,0.0,0.0,0.0,0.0,0.0,0.0,0.0,0.0,0.0,3.0,185.0
03.03.2024,08:00,37.0,51.0,5.0,0.0,3.0,187.0,5.0,543.0,0.0,0.0,0.0,0.0,0.0,0.0,0.0,0.0,2.0,12.0,5.0,357.0
03.03.2024,09:00,2.0,10.0,5.0,10.0,2.0,90.0,5.0,567.0,0.0,0.0,0.0,0.0,0.0,0.0,0.0,0.0,0.0,0.0,5.0,423.0
03.03.2024,10:00,2.0,10.0,5.0,10.0,2.0,90.0,5.0,381.0,0.0,0.0,0.0,0.0,0.0,0.0,0.0,0.0,0.0,0.0,5.0,459.0
03.03.2024,11:00,2.5,31.0,5.0,10.0,2.5,119.0,5.0,303.0,0.0,0.0,0.0,0.0,0.0,0.0,0.0,0.0,0.0,0.0,5.0,437.0
03.03.2024,12:00,2.5,31.0,5.0,10.0,2.5,119.0,5.0,294.0,0.0,0.0,0.0,0.0,0.0,0.0,0.0,0.0,0.0,0.0,4.0,396.0
03.03.2024,13:00,2.5,31.0,5.0,10.0,2.5,119.0,5.0,313.0,0.0,0.0,0.0,0.0,0.0,0.0,0.0,0.0,0.0,0.0,5.0,377.0
03.03.2024,14:00,2.0,10.0,5.0,10.0,2.0,90.0,5.0,303.0,0.0,0.0,0.0,0.0,0.0,0.0,0.0,0.0,0.0,0.0,5.0,387.0
03.03.2024,15:00,2.0,10.0,5.0,10.0,2.0,90.0,5.0,390.0,0.0,0.0,0.0,0.0,0.0,0.0,0.0,0.0,0.0,0.0,5.0,300.0
03.03.2024,16:00,2.5,31.0,8.5,10.0,2.5,139.0,8.5,442.0,0.0,0.0,0.0,0.0,0.0,0.0,0.0,0.0,2.0,30.0,8.5,648.0
03.03.2024,17:00,2.5,31.0,13.0,30.0,2.5,139.0,13.0,833.0,0.0,0.0,0.0,0.0,0.0,0.0,0.0,0.0,2.0,30.0,12.0,737.0
03.03.2024,18:00,2.5,31.0,16.5,40.0,2.5,104.0,16.5,914.0,0.0,0.0,0.0,0.0,0.0,0.0,0.0,0.0,2.0,15.0,12.5,746.0
03.03.2024,19:00,2.0,10.0,11.5,10.0,2.0,40.0,11.5,739.0,0.0,0.0,0.0,0.0,0.0,0.0,0.0,0.0,2.0,0.0,10.0,651.0
03.03.2024,20:00,2.0,10.0,10.0,22.0,2.0,40.0,10.0,442.0,0.0,0.0,0.0,0.0,0.0,0.0,0.0,0.0,2.0,0.0,8.0,586.0
03.03.2024,21:00,2.0,10.0,6.0,10.0,2.0,40.0,5.0,377.0,0.0,0.0,0.0,0.0,0.0,0.0,0.0,0.0,2.0,0.0,6.0,363.0
03.03.2024,22:00,2.0,10.0,4.0,10.0,2.0,40.0,3.5,195.0,0.0,0.0,0.0,0.0,0.0,0.0,0.0,0.0,2.0,0.0,4.0,195.0
03.03.2024,23:00,2.0,10.0,3.5,10.0,2.0,90.0,3.5,193.0,0.0,0.0,0.0,0.0,0.0,0.0,0.0,0.0,2.0,0.0,3.5,147.0
04.03.2024,00:00,1.5,0.0,4.5,10.0,1.5,51.0,4.5,132.0,0.0,0.0,0.0,0.0,0.0,0.0,0.0,0.0,1.5,0.0,4.5,208.0
04.03.2024,01:00,1.5,0.0,5.0,10.0,1.5,51.0,5.0,145.0,0.0,0.0,0.0,0.0,0.0,0.0,0.0,0.0,1.5,0.0,4.19,195.0
04.03.2024,02:00,1.5,0.0,5.0,10.0,1.5,51.0,5.0,132.0,0.0,0.0,0.0,0.0,0.0,0.0,0.0,0.0,1.5,0.0,5.0,208.0
04.03.2024,03:00,2.0,20.0,5.0,10.0,2.0,80.0,5.0,145.0,0.0,0.0,0.0,0.0,0.0,0.0,0.0,0.0,2.0,0.0,5.0,195.0
04.03.2024,04:00,2.0,20.0,5.0,10.0,2.0,80.0,5.0,145.0,0.0,0.0,0.0,0.0,0.0,0.0,0.0,0.0,2.0,0.0,5.0,195.0
04.03.2024,05:00,2.0,20.0,5.0,10.0,2.0,80.0,4.5,157.0,0.0,0.0,0.0,0.0,0.0,0.0,0.0,0.0,0.0,0.0,5.0,183.0
04.03.2024,06:00,2.0,24.0,13.0,15.0,2.0,76.0,13.0,297.0,0.0,0.0,0.0,0.0,0.0,0.0,0.0,0.0,0.0,0.0,13.0,438.0
04.03.2024,07:00,2.0,24.0,31.5,55.0,2.0,76.0,31.5,624.0,0.0,0.0,0.4,30.0,0.0,0.0,0.4,30.0,0.0,0.0,28.0,671.0
04.03.2024,08:00,2.0,0.0,37.5,25.0,2.0,129.0,37.5,794.0,0.0,0.0,3.0,25.0,0.0,0.0,3.0,30.0,2.0,21.0,30.5,681.0
04.03.2024,09:00,2.0,24.0,30.5,45.0,2.0,76.0,30.5,690.0,0.0,0.0,3.0,25.0,0.0,0.0,3.0,30.0,0.0,0.0,19.5,665.0
04.03.2024,10:00,2.0,24.0,25.0,45.0,2.0,76.0,25.0,684.0,0.0,0.0,3.0,25.0,0.0,0.0,3.0,30.0,0.0,0.0,17.0,621.0
04.03.2024,11:00,2.0,24.0,21.0,26.0,2.0,76.0,21.0,683.0,0.0,0.0,9.44,21.0,0.0,0.0,9.44,30.0,0.0,0.0,13.0,591.0
04.03.2024,12:00,2.0,24.0,15.5,15.0,2.0,76.0,15.5,594.0,0.0,0.0,0.4,30.0,0.0,0.0,0.25,30.0,0.0,0.0,10.0,491.0
04.03.2024,13:00,2.0,24.0,15.5,15.0,2.0,76.0,15.5,599.0,0.0,0.0,0.4,30.0,0.0,0.0,0.4,30.0,0.0,0.0,11.0,486.0
04.03.2024,14:00,2.0,24.0,14.0,15.0,2.0,76.0,14.0,549.0,0.0,0.0,3.0,53.0,0.0,0.0,3.0,0.0,0.0,0.0,10.5,486.0
04.03.2024,15:00,2.0,24.0,15.5,15.0,2.0,76.0,15.5,599.0,0.0,0.0,3.0,53.0,0.0,0.0,3.0,0.0,0.0,0.0,11.0,486.0
04.03.2024,16:00,2.0,31.0,22.0,35.0,2.0,119.0,22.0,598.0,0.0,0.0,3.0,53.0,0.0,0.0,3.0,0.0,0.0,0.0,16.0,617.0
04.03.2024,17:00,2.0,31.0,31.0,35.0,2.0,119.0,31.0,704.0,0.0,0.0,3.0,53.0,0.0,0.0,3.0,0.0,0.0,0.0,25.0,661.0
04.03.2024,18:00,2.0,24.0,34.0,28.0,2.0,76.0,34.0,660.0,0.0,0.0,7.36,51.0,0.0,0.0,7.36,0.0,0.0,0.0,27.5,612.0
04.03.2024,19:00,1.5,0.0,32.5,35.0,1.5,51.0,32.5,548.0,0.0,0.0,3.0,55.0,0.0,0.0,3.0,0.0,1.5,0.0,25.5,567.0
04.03.2024,20:00,1.5,0.0,18.5,15.0,1.5,51.0,18.5,406.0,0.0,0.0,0.0,0.0,0.0,0.0,0.0,0.0,1.5,0.0,18.0,529.0
04.03.2024,21:00,1.5,0.0,11.0,15.0,1.5,51.0,11.0,277.0,0.0,0.0,0.0,0.0,0.0,0.0,0.0,0.0,1.5,0.0,11.0,308.0
04.03.2024,22:00,1.5,0.0,6.5,5.0,1.5,51.0,6.5,203.0,0.0,0.0,0.0,0.0,0.0,0.0,0.0,0.0,1.5,0.0,6.5,192.0
04.03.2024,23:00,1.5,0.0,5.0,10.0,1.5,51.0,5.0,158.0,0.0,0.0,0.0,0.0,0.0,0.0,0.0,0.0,1.5,0.0,5.0,182.0
05.03.2024,00:00,1.5,0.0,3.5,0.0,1.5,50.0,3.5,140.0,0.0,0.0,0.0,0.0,0.0,0.0,0.0,0.0,0.0,0.0,3.5,210.0
05.03.2024,01:00,1.5,0.0,3.5,0.0,1.5,50.0,3.5,140.0,0.0,0.0,0.0,0.0,0.0,0.0,0.0,0.0,1.5,0.0,3.5,210.0
05.03.2024,02:00,1.5,0.0,3.5,0.0,1.5,50.0,3.5,140.0,0.0,0.0,0.0,0.0,0.0,0.0,0.0,0.0,1.5,0.0,3.5,210.0
05.03.2024,03:00,2.0,31.0,3.5,0.0,2.0,69.0,3.5,140.0,0.0,0.0,0.0,0.0,0.0,0.0,0.0,0.0,2.0,0.0,3.5,210.0
05.03.2024,04:00,2.0,31.0,3.0,0.0,2.0,69.0,3.0,188.0,0.0,0.0,0.0,0.0,0.0,0.0,0.0,0.0,2.0,0.0,3.0,162.0
05.03.2024,05:00,2.0,31.0,4.0,10.0,2.0,69.0,4.0,110.0,0.0,0.0,0.0,0.0,0.0,0.0,0.0,0.0,0.0,0.0,4.0,230.0
05.03.2024,06:00,2.0,31.0,14.0,15.0,2.0,69.0,13.5,314.0,0.0,0.0,0.0,0.0,0.0,0.0,0.0,0.0,0.0,0.0,14.0,421.0
05.03.2024,07:00,2.0,31.0,49.0,65.0,2.0,69.0,35.0,786.0,0.0,0.0,3.0,55.0,0.0,0.0,3.0,0.0,0.0,0.0,21.5,499.0
05.03.2024,08:00,2.0,31.0,52.0,65.0,2.0,107.0,39.0,890.0,0.0,0.0,3.0,55.0,0.0,0.0,3.0,0.0,2.0,12.0,25.5,545.0
05.03.2024,09:00,2.0,31.0,39.0,65.0,2.0,69.0,38.5,866.0,0.0,0.0,3.0,53.0,0.0,0.0,3.0,0.0,0.0,0.0,20.0,469.0
05.03.2024,10:00,2.0,31.0,24.0,15.0,2.0,69.0,24.0,723.0,0.0,0.0,3.0,53.0,0.0,0.0,3.0,0.0,0.0,0.0,15.5,612.0
05.03.2024,11:00,2.0,31.0,19.5,15.0,2.0,69.0,19.5,679.0,0.0,0.0,3.0,53.0,0.0,0.0,3.0,0.0,0.0,0.0,11.0,606.0
05.03.2024,12:00,2.0,31.0,12.0,15.0,2.0,69.0,12.0,584.0,0.0,0.0,5.0,50.0,0.0,0.0,5.0,0.0,0.0,0.0,8.0,501.0
05.03.2024,13:00,2.0,31.0,11.5,5.0,2.0,69.0,11.5,588.0,0.0,0.0,12.12,50.0,0.0,0.0,12.12,0.0,0.0,0.0,7.5,507.0
05.03.2024,14:00,2.0,31.0,11.43,5.0,2.0,69.0,11.43,548.0,0.0,0.0,12.12,50.0,0.0,0.0,12.12,0.0,0.0,0.0,8.0,497.0
05.03.2024,15:00,2.0,31.0,22.0,15.0,2.0,69.0,22.0,604.0,0.0,0.0,5.0,51.0,0.0,0.0,5.0,0.0,0.0,0.0,10.0,481.0
05.03.2024,16:00,2.0,31.0,28.0,36.0,2.0,119.0,28.0,603.0,0.0,0.0,3.0,47.0,0.0,0.0,0.25,30.0,0.0,0.0,16.5,611.0
05.03.2024,17:00,2.0,31.0,40.0,45.0,2.0,119.0,40.0,704.0,0.0,0.0,3.0,54.0,0.0,0.0,3.0,0.0,0.0,0.0,31.5,651.0
05.03.2024,18:00,2.0,31.0,43.0,55.0,2.0,69.0,43.0,684.0,0.0,0.0,3.0,54.0,0.0,0.0,3.0,0.0,0.0,0.0,35.5,561.0
05.03.2024,19:00,1.5,0.0,37.5,65.0,1.5,50.0,37.5,534.0,0.0,0.0,3.0,55.0,0.0,0.0,3.0,0.0,0.0,0.0,35.0,551.0
05.03.2024,20:00,1.5,0.0,23.5,15.0,1.5,50.0,23.5,384.0,0.0,0.0,0.0,0.0,0.0,0.0,0.0,0.0,0.0,0.0,23.0,551.0
05.03.2024,21:00,1.5,0.0,9.0,5.0,1.5,50.0,9.0,184.0,0.0,0.0,0.0,0.0,0.0,0.0,0.0,0.0,0.0,0.0,9.0,411.0
05.03.2024,22:00,1.5,0.0,6.0,0.0,1.5,50.0,6.0,63.0,0.0,0.0,0.0,0.0,0.0,0.0,0.0,0.0,0.0,0.0,5.0,337.0
05.03.2024,23:00,1.5,0.0,4.0,10.0,1.5,50.0,4.0,50.0,0.0,0.0,0.0,0.0,0.0,0.0,0.0,0.0,0.0,0.0,4.0,290.0
06.03.2024,00:00,2.0,31.0,2.0,10.0,2.0,19.0,2.0,163.0,0.0,0.0,0.0,0.0,0.0,0.0,0.0,0.0,0.0,0.0,2.0,177.0
06.03.2024,01:00,2.0,31.0,2.0,10.0,2.0,0.0,2.0,163.0,0.0,0.0,0.0,0.0,0.0,0.0,0.0,0.0,2.0,19.0,2.0,177.0
06.03.2024,02:00,2.0,31.0,2.0,10.0,2.0,19.0,2.0,124.0,0.0,0.0,0.0,0.0,0.0,0.0,0.0,0.0,0.0,0.0,2.0,216.0
06.03.2024,03:00,2.0,31.0,2.0,10.0,2.0,69.0,2.0,163.0,0.0,0.0,0.0,0.0,0.0,0.0,0.0,0.0,2.0,0.0,2.0,177.0
06.03.2024,04:00,2.0,31.0,2.0,10.0,2.0,39.0,2.0,163.0,0.0,0.0,0.0,0.0,0.0,0.0,0.0,0.0,2.0,30.0,2.0,177.0
06.03.2024,05:00,2.0,31.0,3.0,0.0,2.0,69.0,3.0,163.0,0.0,0.0,0.0,0.0,0.0,0.0,0.0,0.0,0.0,0.0,3.0,187.0
06.03.2024,06:00,2.0,31.0,14.0,15.0,2.0,69.0,14.0,297.0,0.0,0.0,0.0,0.0,0.0,0.0,0.0,0.0,0.0,0.0,14.0,438.0
06.03.2024,07:00,2.0,31.0,45.0,65.0,2.0,69.0,45.0,614.0,0.0,0.0,0.4,30.0,0.0,0.0,0.4,30.0,0.0,0.0,33.0,671.0
06.03.2024,08:00,2.0,31.0,47.0,65.0,2.0,119.0,47.0,764.0,0.0,0.0,3.0,18.0,0.0,0.0,3.0,35.0,0.0,0.0,32.0,671.0
06.03.2024,09:00,2.0,31.0,43.0,65.0,2.0,69.0,43.0,692.0,0.0,0.0,3.0,18.0,0.0,0.0,3.0,35.0,0.0,0.0,43.0,643.0
06.03.2024,10:00,2.0,31.0,33.0,55.0,2.0,69.0,33.0,684.0,0.0,0.0,3.0,18.0,0.0,0.0,3.0,35.0,0.0,0.0,22.0,611.0
06.03.2024,11:00,2.0,31.0,27.0,45.0,2.0,69.0,27.0,644.0,0.0,0.0,2.0,15.0,0.0,0.0,2.0,35.0,0.0,0.0,15.0,611.0
06.03.2024,12:00,2.0,31.0,18.27,25.0,2.0,69.0,18.27,570.0,0.0,0.0,0.4,30.0,0.0,0.0,0.25,30.0,0.0,0.0,10.0,505.0
06.03.2024,13:00,2.0,31.0,17.0,15.0,2.0,69.0,17.0,579.0,0.0,0.0,0.4,30.0,0.0,0.0,0.4,30.0,0.0,0.0,9.0,506.0
06.03.2024,14:00,2.0,31.0,21.0,45.0,2.0,69.0,21.0,494.0,0.0,0.0,3.0,18.0,0.0,0.0,3.0,35.0,0.0,0.0,12.0,511.0
06.03.2024,15:00,2.0,31.0,26.0,40.0,2.0,69.0,26.0,549.0,0.0,0.0,3.0,18.0,0.0,0.0,3.0,35.0,0.0,0.0,12.0,511.0
06.03.2024,16:00,2.0,31.0,37.0,45.0,2.0,119.0,37.0,594.0,0.0,0.0,3.0,18.0,0.0,0.0,3.0,35.0,0.0,0.0,21.5,611.0
06.03.2024,17:00,2.0,31.0,51.0,65.0,2.0,119.0,51.0,654.0,0.0,0.0,3.0,18.0,0.0,0.0,3.0,35.0,0.0,0.0,28.0,681.0
06.03.2024,18:00,2.0,31.0,49.0,55.0,2.0,69.0,49.0,614.0,0.0,0.0,0.4,30.0,0.0,0.0,0.4,30.0,0.0,0.0,33.0,631.0
06.03.2024,19:00,2.0,31.0,45.0,49.0,2.0,19.0,45.0,529.0,0.0,0.0,0.4,30.0,0.0,0.0,0.4,30.0,0.0,0.0,30.0,572.0
06.03.2024,20:00,2.0,31.0,26.17,15.0,2.0,19.0,26.17,374.0,0.0,0.0,0.0,0.0,0.0,0.0,0.0,0.0,0.0,0.0,22.5,561.0
06.03.2024,21:00,2.0,31.0,16.0,15.0,2.0,19.0,16.0,231.0,0.0,0.0,0.0,0.0,0.0,0.0,0.0,0.0,0.0,0.0,16.0,354.0
06.03.2024,22:00,2.0,31.0,10.0,15.0,2.0,19.0,10.0,181.0,0.0,0.0,0.0,0.0,0.0,0.0,0.0,0.0,0.0,0.0,10.0,204.0
06.03.2024,23:00,2.0,31.0,5.0,0.0,2.0,19.0,5.0,214.0,0.0,0.0,0.0,0.0,0.0,0.0,0.0,0.0,0.0,0.0,5.0,136.0
07.03.2024,00:00,2.0,31.0,7.0,70.0,2.0,19.0,7.0,110.0,0.0,0.0,0.0,0.0,0.0,0.0,0.0,0.0,2.0,0.0,7.0,170.0
07.03.2024,01:00,2.0,31.0,6.0,60.0,2.0,0.0,6.0,144.0,0.0,0.0,0.0,0.0,0.0,0.0,0.0,0.0,2.0,19.0,6.0,146.0
07.03.2024,02:00,2.0,31.0,6.0,60.0,0.0,0.0,6.0,144.0,0.0,0.0,0.0,0.0,0.0,0.0,0.0,0.0,2.0,19.0,6.0,146.0
07.03.2024,03:00,2.0,31.0,6.0,60.0,2.0,50.0,6.0,134.0,0.0,0.0,0.0,0.0,0.0,0.0,0.0,0.0,2.0,19.0,6.0,156.0
07.03.2024,04:00,2.0,31.0,6.0,60.0,2.0,50.0,6.0,144.0,0.0,0.0,0.0,0.0,0.0,0.0,0.0,0.0,2.0,19.0,6.0,146.0
07.03.2024,05:00,2.0,31.0,7.0,65.0,2.0,69.0,7.0,125.0,0.0,0.0,0.0,0.0,0.0,0.0,0.0,0.0,0.0,0.0,7.0,160.0
07.03.2024,06:00,2.0,31.0,17.0,65.0,2.0,69.0,17.0,257.0,0.0,0.0,0.0,0.0,0.0,0.0,0.0,0.0,0.0,0.0,17.0,428.0
07.03.2024,07:00,2.0,31.0,57.5,115.0,2.0,69.0,57.5,604.0,0.0,0.0,17.0,50.0,0.0,0.0,17.0,0.0,0.0,0.0,40.0,631.0
07.03.2024,08:00,2.5,31.0,45.5,115.0,2.5,119.0,45.5,754.0,0.0,0.0,3.0,53.0,0.0,0.0,3.0,0.0,0.0,0.0,26.0,631.0
07.03.2024,09:00,2.0,31.0,39.0,105.0,2.0,69.0,39.0,654.0,0.0,0.0,3.0,53.0,0.0,0.0,3.0,0.0,0.0,0.0,25.0,641.0
07.03.2024,10:00,2.0,31.0,24.5,95.0,2.0,69.0,24.5,674.0,0.0,0.0,3.0,53.0,0.0,0.0,3.0,0.0,0.0,0.0,18.5,581.0
07.03.2024,11:00,2.0,31.0,21.0,105.0,2.0,69.0,21.0,599.0,0.0,0.0,17.0,20.0,0.0,0.0,17.0,30.0,2.0,0.0,12.0,596.0
07.03.2024,12:00,2.0,31.0,14.7,95.0,2.0,69.0,14.7,500.0,0.0,0.0,3.0,55.0,0.0,0.0,3.0,0.0,0.0,0.0,9.0,505.0
07.03.2024,13:00,2.0,31.0,15.15,95.0,2.0,69.0,15.15,510.0,0.0,0.0,3.0,55.0,0.0,0.0,3.0,0.0,0.0,0.0,9.0,495.0
07.03.2024,14:00,2.0,31.0,13.5,95.0,2.0,69.0,13.5,464.0,0.0,0.0,3.0,54.0,0.0,0.0,3.0,0.0,2.0,0.0,9.0,491.0
07.03.2024,15:00,2.0,31.0,15.0,83.0,2.0,69.0,15.0,529.0,0.0,0.0,3.0,29.0,0.0,0.0,3.0,30.0,0.0,0.0,11.0,488.0
07.03.2024,16:00,14.0,41.0,18.0,95.0,2.0,96.0,18.0,569.0,0.0,0.0,3.0,29.0,0.0,0.0,3.0,30.0,2.0,13.0,14.0,586.0
07.03.2024,17:00,2.5,31.0,44.0,115.0,2.5,119.0,44.0,635.0,0.0,0.0,17.0,20.0,0.0,0.0,17.0,30.0,0.0,0.0,24.0,650.0
07.03.2024,18:00,2.0,31.0,47.5,115.0,2.0,69.0,47.5,589.0,0.0,0.0,17.0,50.0,0.0,0.0,17.0,0.0,0.0,0.0,30.0,596.0
07.03.2024,19:00,2.0,31.0,47.5,115.0,2.0,19.0,47.5,549.0,0.0,0.0,17.0,50.0,0.0,0.0,17.0,0.0,2.0,0.0,24.0,486.0
07.03.2024,20:00,2.0,31.0,21.0,78.0,2.0,19.0,21.0,337.0,0.0,0.0,0.0,0.0,0.0,0.0,0.0,0.0,2.0,0.0,17.0,535.0
07.03.2024,21:00,2.0,31.0,11.0,65.0,2.0,19.0,11.0,180.0,0.0,0.0,0.0,0.0,0.0,0.0,0.0,0.0,2.0,0.0,11.0,355.0
07.03.2024,22:00,2.0,31.0,8.0,55.0,2.0,19.0,8.0,192.0,0.0,0.0,0.0,0.0,0.0,0.0,0.0,0.0,2.0,0.0,8.0,153.0
07.03.2024,23:00,2.0,31.0,5.0,50.0,2.0,19.0,5.0,120.0,0.0,0.0,0.0,0.0,0.0,0.0,0.0,0.0,2.0,0.0,5.0,180.0
08.03.2024,00:00,1.5,0.0,3.0,60.0,1.5,50.0,3.0,117.0,0.0,0.0,0.0,0.0,0.0,0.0,0.0,0.0,0.0,0.0,3.0,173.0
08.03.2024,01:00,1.5,0.0,3.0,60.0,1.5,50.0,3.0,117.0,0.0,0.0,0.0,0.0,0.0,0.0,0.0,0.0,1.5,0.0,3.0,173.0
08.03.2024,02:00,1.5,0.0,3.0,60.0,1.5,50.0,3.0,117.0,0.0,0.0,0.0,0.0,0.0,0.0,0.0,0.0,1.5,0.0,3.0,173.0
08.03.2024,03:00,2.0,31.0,3.0,60.0,2.0,69.0,3.0,117.0,0.0,0.0,0.0,0.0,0.0,0.0,0.0,0.0,0.0,0.0,3.0,173.0
08.03.2024,04:00,2.0,31.0,3.0,50.0,2.0,69.0,3.0,117.0,0.0,0.0,0.0,0.0,0.0,0.0,0.0,0.0,0.0,0.0,3.0,183.0
08.03.2024,05:00,2.0,31.0,3.5,50.0,2.0,69.0,3.5,143.0,0.0,0.0,0.0,0.0,0.0,0.0,0.0,0.0,0.0,0.0,3.5,157.0
08.03.2024,06:00,2.0,31.0,13.42,65.0,2.0,69.0,13.42,397.0,0.0,0.0,0.0,0.0,0.0,0.0,0.0,0.0,0.0,0.0,7.08,288.0
08.03.2024,07:00,2.0,31.0,33.5,105.0,2.0,69.0,33.5,604.0,0.0,0.0,0.4,30.0,0.0,0.0,0.4,30.0,0.0,0.0,29.5,641.0
08.03.2024,08:00,2.0,31.0,29.5,105.0,2.0,119.0,29.5,759.0,0.0,0.0,0.4,30.0,0.0,0.0,0.4,30.0,0.0,0.0,24.0,636.0
08.03.2024,09:00,2.0,31.0,19.63,75.0,2.0,69.0,19.63,704.0,0.0,0.0,4.5,18.0,0.0,0.0,4.5,35.0,0.0,0.0,15.0,621.0
08.03.2024,10:00,2.0,31.0,11.76,65.0,2.0,69.0,11.76,714.0,0.0,0.0,3.0,15.0,0.0,0.0,3.0,35.0,0.0,0.0,6.0,571.0
08.03.2024,11:00,2.0,31.0,7.5,65.0,2.0,69.0,7.5,674.0,0.0,0.0,3.0,50.0,0.0,0.0,3.0,0.0,0.0,0.0,6.0,561.0
08.03.2024,12:00,2.0,31.0,5.5,60.0,2.0,69.0,5.5,576.0,0.0,0.0,3.0,50.0,0.0,0.0,3.0,0.0,0.0,0.0,4.5,464.0
08.03.2024,13:00,2.0,31.0,6.0,71.0,2.0,69.0,6.0,572.0,0.0,0.0,4.5,52.0,0.0,0.0,4.5,0.0,0.0,0.0,4.5,457.0
08.03.2024,14:00,2.0,31.0,5.5,60.0,2.0,69.0,5.5,526.0,0.0,0.0,4.5,52.0,0.0,0.0,4.5,0.0,0.0,0.0,4.5,464.0
08.03.2024,15:00,2.0,31.0,6.0,60.0,2.0,69.0,6.0,584.0,0.0,0.0,3.0,51.0,0.0,0.0,3.0,0.0,0.0,0.0,5.0,456.0
08.03.2024,16:00,2.0,31.0,7.0,65.0,2.0,119.0,7.0,584.0,0.0,0.0,3.0,15.0,0.0,0.0,3.0,35.0,0.0,0.0,6.0,601.0
08.03.2024,17:00,2.0,31.0,22.5,105.0,2.0,119.0,22.5,887.0,0.0,0.0,3.0,25.0,0.0,0.0,3.0,30.0,0.0,0.0,15.0,408.0
08.03.2024,18:00,2.0,31.0,41.0,115.0,2.0,69.0,41.0,847.0,0.0,0.0,3.0,25.0,0.0,0.0,3.0,30.0,2.0,0.0,23.0,338.0
08.03.2024,19:00,1.5,0.0,35.0,115.0,1.5,50.0,35.0,767.0,0.0,0.0,3.0,55.0,0.0,0.0,3.0,0.0,1.5,0.0,20.0,268.0
08.03.2024,20:00,1.5,0.0,16.0,85.0,1.5,50.0,15.24,517.0,0.0,0.0,0.0,0.0,0.0,0.0,0.0,0.0,0.0,0.0,9.0,348.0
08.03.2024,21:00,1.5,0.0,5.0,60.0,1.5,50.0,5.0,227.0,0.0,0.0,0.0,0.0,0.0,0.0,0.0,0.0,1.5,0.0,5.0,313.0
08.03.2024,22:00,1.5,0.0,3.5,60.0,1.5,50.0,3.5,147.0,0.0,0.0,0.0,0.0,0.0,0.0,0.0,0.0,0.0,0.0,3.5,193.0
08.03.2024,23:00,1.5,0.0,3.0,60.0,1.5,50.0,3.0,117.0,0.0,0.0,0.0,0.0,0.0,0.0,0.0,0.0,0.0,0.0,3.0,173.0
09.03.2024,00:00,2.6,0.0,2.6,80.0,2.6,50.0,2.6,55.0,0.0,0.0,0.0,0.0,0.0,0.0,0.0,0.0,0.0,0.0,2.6,165.0
09.03.2024,01:00,2.0,31.0,2.0,90.0,2.0,0.0,2.0,42.0,0.0,0.0,0.0,0.0,0.0,0.0,0.0,0.0,2.0,19.0,2.0,118.0
09.03.2024,02:00,2.0,31.0,2.0,100.0,2.0,0.0,2.0,42.0,0.0,0.0,0.0,0.0,0.0,0.0,0.0,0.0,2.0,19.0,2.0,158.0
09.03.2024,03:00,2.6,31.0,2.0,100.0,2.6,50.0,2.0,42.0,0.0,0.0,0.0,0.0,0.0,0.0,0.0,0.0,2.0,19.0,2.0,158.0
09.03.2024,04:00,2.6,31.0,2.6,90.0,2.6,50.0,2.6,45.0,0.0,0.0,0.0,0.0,0.0,0.0,0.0,0.0,2.0,19.0,2.6,165.0
09.03.2024,05:00,3.9,31.0,2.6,90.0,3.9,69.0,2.6,45.0,0.0,0.0,0.0,0.0,0.0,0.0,0.0,0.0,0.0,0.0,2.6,165.0
09.03.2024,06:00,3.9,31.0,2.6,90.0,3.9,69.0,2.6,72.0,0.0,0.0,0.0,0.0,0.0,0.0,0.0,0.0,0.0,0.0,2.6,188.0
09.03.2024,07:00,5.2,31.0,3.0,80.0,5.2,139.0,3.0,158.0,0.0,0.0,0.0,0.0,0.0,0.0,0.0,0.0,2.0,30.0,3.0,162.0
09.03.2024,08:00,5.0,31.0,4.0,100.0,5.0,189.0,3.9,459.0,0.0,0.0,0.0,0.0,0.0,0.0,0.0,0.0,2.0,30.0,4.0,341.0
09.03.2024,09:00,3.9,31.0,4.0,100.0,3.9,69.0,4.0,537.0,0.0,0.0,0.0,0.0,0.0,0.0,0.0,0.0,0.0,0.0,4.0,363.0
09.03.2024,10:00,3.9,31.0,3.9,100.0,3.9,69.0,3.9,368.0,0.0,0.0,0.0,0.0,0.0,0.0,0.0,0.0,0.0,0.0,3.9,382.0
09.03.2024,11:00,3.9,31.0,3.9,100.0,3.9,119.0,3.9,294.0,0.0,0.0,0.0,0.0,0.0,0.0,0.0,0.0,0.0,0.0,3.9,356.0
09.03.2024,12:00,3.9,31.0,3.5,100.0,3.9,119.0,3.5,268.0,0.0,0.0,0.0,0.0,0.0,0.0,0.0,0.0,0.0,0.0,3.5,332.0
09.03.2024,13:00,3.9,31.0,3.5,100.0,3.9,119.0,3.5,268.0,0.0,0.0,0.0,0.0,0.0,0.0,0.0,0.0,0.0,0.0,3.5,332.0
09.03.2024,14:00,3.9,31.0,3.5,100.0,3.9,69.0,3.5,268.0,0.0,0.0,0.0,0.0,0.0,0.0,0.0,0.0,0.0,0.0,3.5,332.0
09.03.2024,15:00,3.9,31.0,3.9,100.0,3.9,69.0,3.9,318.0,0.0,0.0,0.0,0.0,0.0,0.0,0.0,0.0,0.0,0.0,3.9,282.0
09.03.2024,16:00,5.2,31.0,5.2,100.0,5.2,169.0,5.2,537.0,0.0,0.0,0.0,0.0,0.0,0.0,0.0,0.0,0.0,0.0,5.2,463.0
09.03.2024,17:00,5.2,31.0,7.8,105.0,5.2,145.0,7.8,739.0,0.0,0.0,0.0,0.0,0.0,0.0,0.0,0.0,2.0,24.0,7.8,756.0
09.03.2024,18:00,3.9,31.0,10.4,115.0,3.9,119.0,10.4,824.0,0.0,0.0,0.0,0.0,0.0,0.0,0.0,0.0,0.0,0.0,9.1,761.0
09.03.2024,19:00,2.6,0.0,7.8,95.0,2.6,50.0,7.8,679.0,0.0,0.0,0.0,0.0,0.0,0.0,0.0,0.0,0.0,0.0,7.8,626.0
09.03.2024,20:00,2.6,0.0,5.2,80.0,2.6,50.0,5.2,521.0,0.0,0.0,0.0,0.0,0.0,0.0,0.0,0.0,0.0,0.0,5.2,449.0
09.03.2024,21:00,2.6,0.0,3.9,80.0,2.6,50.0,3.9,288.0,0.0,0.0,0.0,0.0,0.0,0.0,0.0,0.0,0.0,0.0,3.9,382.0
09.03.2024,22:00,2.6,0.0,2.6,80.0,2.6,50.0,2.6,64.0,0.0,0.0,0.0,0.0,0.0,0.0,0.0,0.0,0.0,0.0,2.6,256.0
09.03.2024,23:00,3.9,31.0,2.6,90.0,3.9,69.0,2.6,45.0,0.0,0.0,0.0,0.0,0.0,0.0,0.0,0.0,0.0,0.0,2.6,215.0
10.03.2024,00:00,5.0,31.0,2.0,100.0,5.0,19.0,2.0,20.0,0.0,0.0,0.0,0.0,0.0,0.0,0.0,0.0,0.0,0.0,2.0,180.0
10.03.2024,01:00,5.0,30.0,2.0,100.0,5.0,10.0,2.0,20.0,0.0,0.0,0.0,0.0,0.0,0.0,0.0,0.0,2.0,10.0,2.0,130.0
10.03.2024,02:00,5.0,30.0,2.0,100.0,5.0,10.0,2.0,20.0,0.0,0.0,0.0,0.0,0.0,0.0,0.0,0.0,2.0,10.0,2.0,180.0
10.03.2024,03:00,8.5,31.0,2.0,100.0,8.5,59.0,2.0,20.0,0.0,0.0,0.0,0.0,0.0,0.0,0.0,0.0,2.0,10.0,2.0,180.0
10.03.2024,04:00,8.5,31.0,2.0,100.0,8.5,59.0,2.0,20.0,0.0,0.0,0.0,0.0,0.0,0.0,0.0,0.0,2.0,10.0,2.0,180.0
10.03.2024,05:00,6.0,31.0,2.0,100.0,6.0,65.0,2.0,20.0,0.0,0.0,0.0,0.0,0.0,0.0,0.0,0.0,2.0,10.0,2.0,180.0
10.03.2024,06:00,6.0,31.0,2.0,100.0,6.0,69.0,2.0,20.0,0.0,0.0,0.0,0.0,0.0,0.0,0.0,0.0,0.0,0.0,2.0,230.0
10.03.2024,07:00,9.5,31.0,3.0,100.0,9.5,159.0,3.0,55.0,0.0,0.0,0.0,0.0,0.0,0.0,0.0,0.0,2.0,10.0,3.0,245.0
10.03.2024,08:00,11.5,31.0,5.0,130.0,11.5,209.0,5.0,375.0,0.0,0.0,0.0,0.0,0.0,0.0,0.0,0.0,2.0,10.0,5.0,395.0
10.03.2024,09:00,6.0,31.0,5.0,130.0,6.0,69.0,5.0,425.0,0.0,0.0,0.0,0.0,0.0,0.0,0.0,0.0,0.0,0.0,5.0,445.0
10.03.2024,10:00,7.0,31.0,5.0,120.0,6.0,69.0,5.0,344.0,0.0,0.0,0.0,0.0,0.0,0.0,0.0,0.0,0.0,0.0,5.0,386.0
10.03.2024,11:00,11.0,31.0,6.54,100.0,8.5,109.0,6.54,305.0,0.0,0.0,0.0,0.0,0.0,0.0,0.0,0.0,2.0,10.0,6.54,345.0
10.03.2024,12:00,11.0,31.0,4.0,100.0,8.5,109.0,4.0,285.0,0.0,0.0,0.0,0.0,0.0,0.0,0.0,0.0,2.0,10.0,4.0,315.0
10.03.2024,13:00,10.0,31.0,4.0,100.0,8.5,109.0,4.0,257.0,0.0,0.0,0.0,0.0,0.0,0.0,0.0,0.0,2.0,10.0,4.0,343.0
10.03.2024,14:00,10.0,24.0,4.0,100.0,6.0,76.0,4.0,285.0,0.0,0.0,0.0,0.0,0.0,0.0,0.0,0.0,0.0,0.0,4.0,315.0
10.03.2024,15:00,6.0,31.0,4.0,100.0,6.0,69.0,4.0,295.0,0.0,0.0,0.0,0.0,0.0,0.0,0.0,0.0,0.0,0.0,4.0,305.0
10.03.2024,16:00,9.5,31.0,7.04,110.0,9.5,159.0,7.04,505.0,0.0,0.0,0.0,0.0,0.0,0.0,0.0,0.0,2.0,10.0,7.04,485.0
10.03.2024,17:00,8.5,31.0,11.32,110.0,8.5,159.0,11.32,742.0,0.0,0.0,0.0,0.0,0.0,0.0,0.0,0.0,2.0,10.0,11.32,748.0
10.03.2024,18:00,18.0,51.0,15.0,120.0,6.0,99.0,14.0,1039.0,0.0,0.0,0.0,0.0,0.0,0.0,0.0,0.0,0.0,0.0,15.0,541.0
10.03.2024,19:00,5.0,31.0,14.0,110.0,5.0,19.0,12.0,889.0,0.0,0.0,0.0,0.0,0.0,0.0,0.0,0.0,0.0,0.0,14.0,401.0
10.03.2024,20:00,5.0,31.0,10.0,80.0,5.0,19.0,10.0,569.0,0.0,0.0,0.0,0.0,0.0,0.0,0.0,0.0,0.0,0.0,10.0,401.0
10.03.2024,21:00,5.0,31.0,8.0,80.0,5.0,19.0,6.54,336.0,0.0,0.0,0.0,0.0,0.0,0.0,0.0,0.0,0.0,0.0,8.0,334.0
10.03.2024,22:00,5.0,31.0,5.0,80.0,5.0,19.0,3.78,188.0,0.0,0.0,0.0,0.0,0.0,0.0,0.0,0.0,0.0,0.0,5.0,132.0
10.03.2024,23:00,6.0,31.0,3.5,50.0,6.0,69.0,3.5,145.0,0.0,0.0,0.0,0.0,0.0,0.0,0.0,0.0,0.0,0.0,3.5,155.0
11.03.2024,00:00,3.5,31.0,3.5,50.0,3.5,19.0,3.5,142.0,0.0,0.0,0.0,0.0,0.0,0.0,0.0,0.0,0.0,0.0,3.5,158.0
11.03.2024,01:00,3.5,31.0,3.8,50.0,3.5,19.0,3.8,123.0,0.0,0.0,0.0,0.0,0.0,0.0,0.0,0.0,3.5,0.0,3.8,177.0
11.03.2024,02:00,3.5,31.0,3.8,50.0,3.5,19.0,3.8,123.0,0.0,0.0,0.0,0.0,0.0,0.0,0.0,0.0,3.5,0.0,3.8,177.0
11.03.2024,03:00,3.5,31.0,3.8,50.0,3.5,69.0,3.8,123.0,0.0,0.0,0.0,0.0,0.0,0.0,0.0,0.0,3.5,0.0,3.8,177.0
11.03.2024,04:00,3.5,31.0,3.5,50.0,3.5,69.0,3.5,142.0,0.0,0.0,0.0,0.0,0.0,0.0,0.0,0.0,3.5,0.0,3.5,158.0
11.03.2024,05:00,3.5,31.0,3.5,50.0,3.5,69.0,3.5,112.0,0.0,0.0,0.0,0.0,0.0,0.0,0.0,0.0,3.5,0.0,3.5,188.0
11.03.2024,06:00,3.5,31.0,11.0,65.0,3.5,69.0,9.0,318.0,0.0,0.0,0.0,0.0,0.0,0.0,0.0,0.0,3.5,0.0,11.0,367.0
11.03.2024,07:00,3.5,31.0,23.0,85.0,3.5,69.0,23.0,601.0,0.0,0.0,0.4,30.0,0.0,0.0,0.4,30.0,3.5,0.0,23.0,664.0
11.03.2024,08:00,3.5,31.0,28.0,105.0,3.5,119.0,28.0,724.0,0.0,0.0,0.4,30.0,0.0,0.0,0.4,30.0,3.5,0.0,22.0,671.0
11.03.2024,09:00,3.5,31.0,25.0,105.0,3.5,69.0,25.0,608.0,0.0,0.0,3.0,53.0,0.0,0.0,3.0,0.0,3.5,0.0,20.0,687.0
11.03.2024,10:00,3.5,31.0,20.0,96.0,3.5,69.0,20.0,648.0,0.0,0.0,3.0,50.0,0.0,0.0,3.0,0.0,3.5,0.0,18.0,606.0
11.03.2024,11:00,3.5,31.0,16.37,85.0,3.5,69.0,16.37,604.0,0.0,0.0,3.0,50.0,0.0,0.0,3.0,0.0,3.5,0.0,13.0,611.0
11.03.2024,12:00,2.5,31.0,12.0,65.0,2.5,69.0,12.0,581.0,0.0,0.0,3.0,50.0,0.0,0.0,3.0,0.0,2.5,0.0,12.0,454.0
11.03.2024,13:00,2.5,31.0,12.0,65.0,2.5,69.0,12.0,591.0,0.0,0.0,4.0,50.0,0.0,0.0,4.0,0.0,2.5,0.0,12.0,444.0
11.03.2024,14:00,2.5,31.0,12.0,65.0,2.5,69.0,12.0,551.0,0.0,0.0,4.0,50.0,0.0,0.0,4.0,0.0,2.5,0.0,12.0,434.0
11.03.2024,15:00,2.5,31.0,12.5,65.0,2.5,69.0,12.5,571.0,0.0,0.0,3.0,51.0,0.0,0.0,3.0,0.0,2.5,0.0,12.5,464.0
11.03.2024,16:00,3.5,31.0,15.0,65.0,3.5,119.0,15.0,588.0,0.0,0.0,3.0,51.0,0.0,0.0,3.0,0.0,0.0,0.0,15.0,597.0
11.03.2024,17:00,3.5,31.0,23.0,75.0,3.5,119.0,23.0,648.0,0.0,0.0,3.0,25.0,0.0,0.0,0.25,30.0,0.0,0.0,23.0,677.0
11.03.2024,18:00,2.5,31.0,24.01,75.0,2.5,69.0,24.01,600.0,0.0,0.0,3.0,25.0,0.0,0.0,3.0,30.0,0.0,0.0,24.01,625.0
11.03.2024,19:00,2.5,31.0,21.0,75.0,2.5,19.0,21.0,588.0,0.0,0.0,0.4,30.0,0.0,0.0,0.4,30.0,0.0,0.0,21.0,487.0
11.03.2024,20:00,2.5,31.0,18.5,65.0,2.5,19.0,12.69,423.0,0.0,0.0,0.0,0.0,0.0,0.0,0.0,0.0,0.0,0.0,18.5,462.0
11.03.2024,21:00,2.5,31.0,13.0,65.0,2.5,19.0,7.0,187.0,0.0,0.0,0.0,0.0,0.0,0.0,0.0,0.0,0.0,0.0,13.0,348.0
11.03.2024,22:00,2.5,31.0,8.0,55.0,2.5,19.0,4.5,130.0,0.0,0.0,0.0,0.0,0.0,0.0,0.0,0.0,0.0,0.0,8.0,215.0
11.03.2024,23:00,2.5,31.0,7.0,55.0,2.5,19.0,5.0,126.0,0.0,0.0,0.0,0.0,0.0,0.0,0.0,0.0,0.0,0.0,7.0,169.0
12.03.2024,00:00,2.0,31.0,4.0,50.0,2.0,19.0,3.0,120.0,0.0,0.0,0.0,0.0,0.0,0.0,0.0,0.0,2.0,0.0,4.0,180.0
12.03.2024,01:00,2.0,31.0,3.0,50.0,2.0,0.0,3.0,142.0,0.0,0.0,0.0,0.0,0.0,0.0,0.0,0.0,2.0,19.0,3.0,158.0
12.03.2024,02:00,2.0,31.0,3.0,50.0,2.0,0.0,3.0,142.0,0.0,0.0,0.0,0.0,0.0,0.0,0.0,0.0,2.0,19.0,3.0,158.0
12.03.2024,03:00,2.0,31.0,4.0,60.0,2.0,39.0,4.0,142.0,0.0,0.0,0.0,0.0,0.0,0.0,0.0,0.0,2.0,30.0,4.0,148.0
12.03.2024,04:00,2.0,31.0,4.0,50.0,2.0,39.0,4.0,162.0,0.0,0.0,0.0,0.0,0.0,0.0,0.0,0.0,2.0,30.0,4.0,138.0
12.03.2024,05:00,2.5,31.0,5.0,50.0,2.5,69.0,3.0,103.0,0.0,0.0,0.0,0.0,0.0,0.0,0.0,0.0,0.0,0.0,5.0,197.0
12.03.2024,06:00,2.5,31.0,15.0,65.0,2.5,69.0,13.14,300.0,0.0,0.0,0.0,0.0,0.0,0.0,0.0,0.0,0.0,0.0,15.0,385.0
12.03.2024,07:00,2.0,31.0,50.0,105.0,2.0,69.0,50.0,588.0,0.0,0.0,0.4,30.0,0.0,0.0,0.4,30.0,0.0,0.0,30.0,657.0
12.03.2024,08:00,2.5,31.0,49.0,115.0,2.5,119.0,49.0,734.0,0.0,0.0,0.4,30.0,0.0,0.0,0.4,30.0,0.0,0.0,31.0,651.0
12.03.2024,09:00,2.0,31.0,36.0,105.0,2.0,69.0,36.0,612.0,0.0,0.0,3.0,25.0,0.0,0.0,3.0,30.0,0.0,0.0,24.0,683.0
12.03.2024,10:00,2.5,31.0,23.0,75.0,2.5,69.0,24.0,638.0,0.0,0.0,2.0,15.0,0.0,0.0,2.0,35.0,0.0,0.0,17.0,637.0
12.03.2024,11:00,2.5,31.0,18.32,65.0,2.5,69.0,18.32,604.0,0.0,0.0,2.0,15.0,0.0,0.0,2.0,35.0,0.0,0.0,15.0,631.0
12.03.2024,12:00,2.5,31.0,14.0,65.0,2.5,69.0,14.0,504.0,0.0,0.0,2.0,15.0,0.0,0.0,2.0,35.0,0.0,0.0,12.0,531.0
12.03.2024,13:00,2.5,31.0,14.0,65.0,2.5,69.0,14.0,504.0,0.0,0.0,0.4,30.0,0.0,0.0,0.4,30.0,0.0,0.0,11.0,531.0
12.03.2024,14:00,2.5,31.0,14.0,65.0,2.5,69.0,14.0,454.0,0.0,0.0,2.0,15.0,0.0,0.0,2.0,35.0,0.0,0.0,13.0,531.0
12.03.2024,15:00,2.5,31.0,17.0,65.0,2.5,69.0,17.0,504.0,0.0,0.0,2.0,15.0,0.0,0.0,2.0,35.0,0.0,0.0,14.0,531.0
12.03.2024,16:00,3.0,31.0,23.0,75.0,3.0,119.0,23.0,528.0,0.0,0.0,2.0,15.0,0.0,0.0,2.0,35.0,0.0,0.0,18.0,647.0
12.03.2024,17:00,3.0,31.0,36.0,95.0,3.0,119.0,36.0,594.0,0.0,0.0,2.0,15.0,0.0,0.0,2.0,35.0,0.0,0.0,28.0,711.0
12.03.2024,18:00,2.0,31.0,55.0,105.0,2.0,69.0,55.0,560.0,0.0,0.0,0.4,30.0,0.0,0.0,0.4,30.0,0.0,0.0,35.0,635.0
12.03.2024,19:00,2.0,31.0,45.0,105.0,2.0,19.0,45.0,460.0,0.0,0.0,0.4,30.0,0.0,0.0,0.4,30.0,2.0,0.0,29.0,585.0
12.03.2024,20:00,2.0,31.0,29.0,65.0,2.0,19.0,29.0,323.0,0.0,0.0,0.0,0.0,0.0,0.0,0.0,0.0,0.0,0.0,28.0,562.0
12.03.2024,21:00,2.0,31.0,18.0,65.0,2.0,19.0,17.23,255.0,0.0,0.0,0.0,0.0,0.0,0.0,0.0,0.0,0.0,0.0,18.0,280.0
12.03.2024,22:00,2.0,31.0,9.0,55.0,2.0,19.0,9.0,182.0,0.0,0.0,0.0,0.0,0.0,0.0,0.0,0.0,0.0,0.0,9.0,163.0
12.03.2024,23:00,2.0,31.0,12.0,65.0,2.0,19.0,12.0,157.0,0.0,0.0,0.0,0.0,0.0,0.0,0.0,0.0,0.0,0.0,12.0,128.0
13.03.2024,00:00,2.0,31.0,3.5,50.0,2.0,19.0,3.5,142.0,0.0,0.0,0.0,0.0,0.0,0.0,0.0,0.0,0.0,0.0,3.5,158.0
13.03.2024,01:00,2.0,31.0,3.0,50.0,2.0,0.0,3.0,141.0,0.0,0.0,0.0,0.0,0.0,0.0,0.0,0.0,2.0,19.0,2.5,159.0
13.03.2024,02:00,2.0,31.0,3.0,50.0,2.0,0.0,3.0,138.0,0.0,0.0,0.0,0.0,0.0,0.0,0.0,0.0,2.0,19.0,3.0,162.0
13.03.2024,03:00,2.0,31.0,3.0,50.0,2.0,50.0,3.0,138.0,0.0,0.0,0.0,0.0,0.0,0.0,0.0,0.0,2.0,19.0,3.0,162.0
13.03.2024,04:00,2.0,31.0,3.0,50.0,2.0,50.0,3.0,138.0,0.0,0.0,0.0,0.0,0.0,0.0,0.0,0.0,2.0,19.0,3.0,162.0
13.03.2024,05:00,2.5,31.0,5.0,50.0,2.5,69.0,5.0,113.0,0.0,0.0,0.0,0.0,0.0,0.0,0.0,0.0,0.0,0.0,5.0,187.0
13.03.2024,06:00,2.5,31.0,9.5,55.0,2.5,69.0,9.5,313.0,0.0,0.0,0.0,0.0,0.0,0.0,0.0,0.0,0.0,0.0,9.5,382.0
13.03.2024,07:00,2.5,31.0,25.0,75.0,2.5,69.0,25.0,609.0,0.0,0.0,0.4,30.0,0.0,0.0,0.4,30.0,0.0,0.0,20.0,666.0
13.03.2024,08:00,2.5,31.0,27.0,95.0,2.5,119.0,27.0,759.0,0.0,0.0,0.4,30.0,0.0,0.0,0.4,30.0,0.0,0.0,17.0,646.0
13.03.2024,09:00,2.5,31.0,21.18,75.0,2.5,69.0,21.18,681.0,0.0,0.0,3.0,18.0,0.0,0.0,3.0,35.0,0.0,0.0,14.0,644.0
13.03.2024,10:00,2.5,31.0,20.0,84.0,2.5,61.0,20.0,672.0,0.0,0.0,3.0,18.0,0.0,0.0,3.0,35.0,2.0,10.0,13.0,594.0
13.03.2024,11:00,2.5,31.0,16.1,65.0,2.5,69.0,16.1,649.0,0.0,0.0,3.5,15.0,0.0,0.0,3.5,35.0,0.0,0.0,8.5,586.0
13.03.2024,12:00,2.5,31.0,12.85,65.0,2.5,69.0,12.85,544.0,0.0,0.0,1.5,15.0,0.0,0.0,1.5,35.0,0.0,0.0,7.0,491.0
13.03.2024,13:00,2.5,31.0,11.35,65.0,2.5,69.0,11.35,531.0,0.0,0.0,0.4,30.0,0.0,0.0,0.4,30.0,0.0,0.0,7.0,504.0
13.03.2024,14:00,2.5,31.0,11.0,65.0,2.5,69.0,11.0,496.0,0.0,0.0,1.5,15.0,0.0,0.0,1.5,35.0,0.0,0.0,7.0,489.0
13.03.2024,15:00,2.5,31.0,12.35,65.0,2.5,69.0,12.35,544.0,0.0,0.0,1.5,15.0,0.0,0.0,1.5,35.0,0.0,0.0,7.0,491.0
13.03.2024,16:00,2.5,31.0,14.68,65.0,2.5,119.0,14.68,589.0,0.0,0.0,1.5,15.0,0.0,0.0,1.5,35.0,0.0,0.0,8.0,596.0
13.03.2024,17:00,2.5,31.0,20.0,25.0,2.5,119.0,20.0,704.0,0.0,0.0,1.5,15.0,0.0,0.0,1.5,35.0,0.0,0.0,14.0,671.0
13.03.2024,18:00,2.5,31.0,20.02,15.0,2.5,69.0,20.02,674.0,0.0,0.0,0.4,30.0,0.0,0.0,0.25,30.0,0.0,0.0,13.0,611.0
13.03.2024,19:00,2.0,31.0,24.0,15.0,2.0,19.0,24.0,593.0,0.0,0.0,0.4,30.0,0.0,0.0,0.4,30.0,0.0,0.0,14.0,542.0
13.03.2024,20:00,2.0,31.0,14.54,5.0,2.0,19.0,14.54,398.0,0.0,0.0,0.0,0.0,0.0,0.0,0.0,0.0,2.0,0.0,12.0,547.0
13.03.2024,21:00,2.0,31.0,8.0,5.0,2.0,19.0,8.0,270.0,0.0,0.0,0.0,0.0,0.0,0.0,0.0,0.0,2.0,0.0,8.0,325.0
13.03.2024,22:00,2.0,31.0,6.0,5.0,2.0,19.0,6.0,162.0,0.0,0.0,0.0,0.0,0.0,0.0,0.0,0.0,0.0,0.0,6.0,233.0
13.03.2024,23:00,2.0,31.0,5.0,50.0,2.0,19.0,5.0,139.0,0.0,0.0,0.0,0.0,0.0,0.0,0.0,0.0,0.0,0.0,5.0,161.0
14.03.2024,00:00,2.0,31.0,4.0,50.0,2.0,19.0,4.0,167.0,0.0,0.0,0.0,0.0,0.0,0.0,0.0,0.0,2.0,0.0,4.0,133.0
14.03.2024,01:00,2.0,31.0,3.5,50.0,2.0,0.0,3.5,197.0,0.0,0.0,0.0,0.0,0.0,0.0,0.0,0.0,2.0,19.0,3.5,103.0
14.03.2024,02:00,2.0,31.0,3.5,60.0,2.0,0.0,3.5,167.0,0.0,0.0,0.0,0.0,0.0,0.0,0.0,0.0,2.0,19.0,3.5,123.0
14.03.2024,03:00,2.0,31.0,3.5,60.0,2.0,39.0,3.5,167.0,0.0,0.0,0.0,0.0,0.0,0.0,0.0,0.0,2.0,30.0,3.5,123.0
14.03.2024,04:00,2.0,31.0,3.5,50.0,2.0,69.0,3.5,167.0,0.0,0.0,0.0,0.0,0.0,0.0,0.0,0.0,0.0,0.0,3.5,133.0
14.03.2024,05:00,2.0,31.0,4.0,0.0,2.0,69.0,4.0,167.0,0.0,0.0,0.0,0.0,0.0,0.0,0.0,0.0,2.0,0.0,4.0,183.0
14.03.2024,06:00,2.0,31.0,6.5,0.0,2.0,69.0,6.5,371.0,0.0,0.0,0.0,0.0,0.0,0.0,0.0,0.0,0.0,0.0,6.5,379.0
14.03.2024,07:00,2.0,31.0,17.0,25.0,2.0,69.0,17.0,680.0,0.0,0.0,0.4,30.0,0.0,0.0,0.4,30.0,0.0,0.0,13.5,645.0
14.03.2024,08:00,2.5,31.0,23.0,68.0,2.5,119.0,23.0,781.0,0.0,0.0,0.4,30.0,0.0,0.0,0.4,30.0,0.0,0.0,13.5,651.0
14.03.2024,09:00,2.0,31.0,21.0,99.0,2.0,69.0,21.0,635.0,0.0,0.0,3.0,26.0,0.0,0.0,3.0,30.0,0.0,0.0,13.5,666.0
14.03.2024,10:00,2.0,31.0,12.0,65.0,2.0,69.0,12.0,685.0,0.0,0.0,4.0,22.0,0.0,0.0,4.0,30.0,0.0,0.0,8.5,600.0
14.03.2024,11:00,2.0,31.0,11.0,65.0,2.0,69.0,11.0,644.0,0.0,0.0,5.12,20.0,0.0,0.0,5.12,30.0,2.0,0.0,8.0,591.0
14.03.2024,12:00,2.0,31.0,7.0,65.0,2.0,69.0,7.0,549.0,0.0,0.0,5.12,20.0,0.0,0.0,5.12,30.0,2.0,0.0,5.0,486.0
14.03.2024,13:00,2.0,31.0,7.0,65.0,2.0,69.0,7.0,549.0,0.0,0.0,0.4,30.0,0.0,0.0,0.4,30.0,2.0,0.0,5.0,486.0
14.03.2024,14:00,2.0,31.0,7.0,65.0,2.0,69.0,7.0,499.0,0.0,0.0,3.94,20.0,0.0,0.0,3.94,30.0,2.0,0.0,5.0,486.0
14.03.2024,15:00,2.0,31.0,9.0,65.0,2.0,69.0,9.0,529.0,0.0,0.0,3.94,20.0,0.0,0.0,3.94,30.0,2.0,0.0,5.0,506.0
14.03.2024,16:00,2.5,31.0,14.0,65.0,2.5,119.0,14.0,585.0,0.0,0.0,3.94,20.0,0.0,0.0,3.94,30.0,0.0,0.0,11.0,600.0
14.03.2024,17:00,2.5,31.0,15.5,75.0,2.5,119.0,15.5,659.0,0.0,0.0,5.12,20.0,0.0,0.0,5.12,30.0,0.0,0.0,13.0,666.0
14.03.2024,18:00,2.0,31.0,17.0,104.0,2.0,69.0,17.0,595.0,0.0,0.0,0.4,30.0,0.0,0.0,0.25,30.0,2.0,0.0,11.0,601.0
14.03.2024,19:00,2.0,31.0,13.27,75.0,2.0,19.0,13.27,523.0,0.0,0.0,0.4,30.0,0.0,0.0,0.4,30.0,0.0,0.0,11.0,552.0
14.03.2024,20:00,2.0,31.0,11.0,65.0,2.0,19.0,11.0,414.0,0.0,0.0,0.0,0.0,0.0,0.0,0.0,0.0,0.0,0.0,11.0,471.0
14.03.2024,21:00,2.0,31.0,5.0,50.0,2.0,19.0,5.0,233.0,0.0,0.0,0.0,0.0,0.0,0.0,0.0,0.0,0.0,0.0,5.0,317.0
14.03.2024,22:00,2.0,31.0,4.0,50.0,2.0,19.0,4.0,127.0,0.0,0.0,0.0,0.0,0.0,0.0,0.0,0.0,2.0,0.0,4.0,223.0
14.03.2024,23:00,2.0,31.0,3.5,50.0,2.0,19.0,3.5,164.0,0.0,0.0,0.0,0.0,0.0,0.0,0.0,0.0,2.0,0.0,3.5,136.0
15.03.2024,00:00,2.5,0.0,2.0,60.0,2.5,50.0,2.0,132.0,0.0,0.0,0.0,0.0,0.0,0.0,0.0,0.0,0.0,0.0,2.0,158.0
15.03.2024,01:00,2.0,31.0,2.0,60.0,2.0,0.0,2.0,162.0,0.0,0.0,0.0,0.0,0.0,0.0,0.0,0.0,2.0,19.0,2.0,128.0
15.03.2024,02:00,2.0,31.0,2.0,60.0,2.0,0.0,2.0,162.0,0.0,0.0,0.0,0.0,0.0,0.0,0.0,0.0,2.0,19.0,2.0,128.0
15.03.2024,03:00,2.5,31.0,2.0,60.0,2.5,50.0,2.0,162.0,0.0,0.0,0.0,0.0,0.0,0.0,0.0,0.0,2.0,19.0,2.0,128.0
15.03.2024,04:00,2.5,31.0,2.0,60.0,2.5,50.0,2.0,162.0,0.0,0.0,0.0,0.0,0.0,0.0,0.0,0.0,2.0,19.0,2.0,128.0
15.03.2024,05:00,3.5,31.0,2.5,60.0,3.5,69.0,2.0,132.0,0.0,0.0,0.0,0.0,0.0,0.0,0.0,0.0,0.0,0.0,2.5,158.0
15.03.2024,06:00,3.5,31.0,5.0,60.0,3.5,69.0,3.5,380.0,0.0,0.0,0.0,0.0,0.0,0.0,0.0,0.0,0.0,0.0,5.0,310.0
15.03.2024,07:00,2.5,30.0,11.29,25.0,2.5,70.0,11.29,681.0,0.0,0.0,0.4,30.0,0.0,0.0,0.4,30.0,0.0,0.0,10.0,644.0
15.03.2024,08:00,3.5,31.0,13.0,67.0,3.5,119.0,11.51,782.0,0.0,0.0,0.4,30.0,0.0,0.0,0.4,30.0,0.0,0.0,10.0,651.0
15.03.2024,09:00,3.5,31.0,10.0,75.0,3.5,69.0,10.0,681.0,0.0,0.0,7.0,19.0,0.0,0.0,7.0,33.0,3.5,0.0,9.0,644.0
15.03.2024,10:00,3.5,31.0,6.5,65.0,3.5,69.0,6.5,715.0,0.0,0.0,2.0,18.0,0.0,0.0,2.0,33.0,0.0,0.0,6.5,570.0
15.03.2024,11:00,3.5,31.0,6.0,65.0,3.5,69.0,6.0,661.0,0.0,0.0,3.5,20.0,0.0,0.0,3.5,30.0,0.0,0.0,6.0,574.0
15.03.2024,12:00,3.5,31.0,5.0,60.0,3.5,69.0,5.0,603.0,0.0,0.0,3.5,20.0,0.0,0.0,3.5,30.0,0.0,0.0,4.5,437.0
15.03.2024,13:00,3.5,31.0,5.0,60.0,3.5,69.0,5.0,603.0,0.0,0.0,0.4,30.0,0.0,0.0,0.4,30.0,3.5,0.0,4.5,437.0
15.03.2024,14:00,3.5,31.0,5.0,60.0,3.5,69.0,5.0,553.0,0.0,0.0,2.0,18.0,0.0,0.0,2.0,33.0,0.0,0.0,4.5,437.0
15.03.2024,15:00,3.5,31.0,5.0,60.0,3.5,69.0,5.0,583.0,0.0,0.0,2.0,18.0,0.0,0.0,2.0,33.0,0.0,0.0,5.0,457.0
15.03.2024,16:00,3.5,31.0,8.0,65.0,3.5,119.0,8.0,613.0,0.0,0.0,3.0,26.0,0.0,0.0,3.0,30.0,0.0,0.0,8.0,572.0
15.03.2024,17:00,3.5,31.0,11.0,105.0,3.5,119.0,11.0,639.0,0.0,0.0,3.0,26.0,0.0,0.0,3.0,30.0,0.0,0.0,9.0,656.0
15.03.2024,18:00,2.5,30.0,10.5,105.0,2.5,70.0,10.5,595.0,0.0,0.0,0.4,30.0,0.0,0.0,0.4,30.0,0.0,0.0,8.0,600.0
15.03.2024,19:00,2.0,30.0,9.0,90.0,2.0,20.0,9.0,509.0,0.0,0.0,0.4,30.0,0.0,0.0,0.4,30.0,0.0,0.0,7.5,551.0
15.03.2024,20:00,2.0,30.0,7.0,65.0,2.0,20.0,7.0,436.0,0.0,0.0,0.0,0.0,0.0,0.0,0.0,0.0,0.0,0.0,7.0,449.0
15.03.2024,21:00,2.5,0.0,5.0,60.0,2.5,50.0,3.0,241.0,0.0,0.0,0.0,0.0,0.0,0.0,0.0,0.0,0.0,0.0,5.0,299.0
15.03.2024,22:00,2.5,0.0,2.5,60.0,2.5,50.0,2.5,153.0,0.0,0.0,0.0,0.0,0.0,0.0,0.0,0.0,0.0,0.0,2.5,187.0
15.03.2024,23:00,2.5,0.0,2.5,60.0,2.5,50.0,2.5,115.0,0.0,0.0,0.0,0.0,0.0,0.0,0.0,0.0,0.0,0.0,2.5,175.0
16.03.2024,00:00,2.0,0.0,2.0,128.0,2.0,50.0,2.0,162.0,0.0,0.0,0.0,0.0,0.0,0.0,0.0,0.0,0.0,0.0,2.0,10.0
16.03.2024,01:00,2.0,0.0,2.0,138.0,2.0,30.0,2.0,112.0,0.0,0.0,0.0,0.0,0.0,0.0,0.0,0.0,2.0,20.0,2.0,0.0
16.03.2024,02:00,2.0,0.0,2.0,138.0,2.0,50.0,2.0,162.0,0.0,0.0,0.0,0.0,0.0,0.0,0.0,0.0,2.0,0.0,2.0,0.0
16.03.2024,03:00,4.0,0.0,2.0,138.0,4.0,70.0,2.0,162.0,0.0,0.0,0.0,0.0,0.0,0.0,0.0,0.0,2.0,30.0,2.0,0.0
16.03.2024,04:00,4.0,0.0,2.0,138.0,4.0,70.0,2.0,162.0,0.0,0.0,0.0,0.0,0.0,0.0,0.0,0.0,2.0,30.0,2.0,0.0
16.03.2024,05:00,3.0,0.0,2.0,138.0,3.0,100.0,2.0,162.0,0.0,0.0,0.0,0.0,0.0,0.0,0.0,0.0,0.0,0.0,2.0,0.0
16.03.2024,06:00,3.0,0.0,2.0,128.0,3.0,100.0,2.0,186.0,0.0,0.0,0.0,0.0,0.0,0.0,0.0,0.0,0.0,0.0,2.0,36.0
16.03.2024,07:00,4.0,31.0,2.0,98.0,4.0,169.0,2.0,195.0,0.0,0.0,0.0,0.0,0.0,0.0,0.0,0.0,0.0,0.0,2.0,107.0
16.03.2024,08:00,73.0,41.0,4.0,128.0,6.0,185.0,4.0,375.0,0.0,0.0,0.0,0.0,0.0,0.0,0.0,0.0,2.0,24.0,4.0,397.0
16.03.2024,09:00,3.0,0.0,4.0,138.0,3.0,100.0,4.0,425.0,0.0,0.0,0.0,0.0,0.0,0.0,0.0,0.0,0.0,0.0,4.0,437.0
16.03.2024,10:00,3.0,0.0,3.0,138.0,3.0,100.0,3.0,375.0,0.0,0.0,0.0,0.0,0.0,0.0,0.0,0.0,0.0,0.0,3.0,337.0
16.03.2024,11:00,4.0,0.0,3.0,138.0,4.0,150.0,3.0,275.0,0.0,0.0,0.0,0.0,0.0,0.0,0.0,0.0,0.0,0.0,3.0,337.0
16.03.2024,12:00,4.0,0.0,3.0,138.0,4.0,150.0,2.0,265.0,0.0,0.0,0.0,0.0,0.0,0.0,0.0,0.0,0.0,0.0,3.0,297.0
16.03.2024,13:00,4.0,0.0,3.0,138.0,4.0,150.0,3.0,275.0,0.0,0.0,0.0,0.0,0.0,0.0,0.0,0.0,0.0,0.0,3.0,287.0
16.03.2024,14:00,3.0,0.0,3.0,138.0,3.0,100.0,3.0,275.0,0.0,0.0,0.0,0.0,0.0,0.0,0.0,0.0,0.0,0.0,3.0,287.0
16.03.2024,15:00,3.0,0.0,3.0,138.0,3.0,100.0,3.0,265.0,0.0,0.0,0.0,0.0,0.0,0.0,0.0,0.0,0.0,0.0,3.0,297.0
16.03.2024,16:00,70.0,41.0,5.0,148.0,4.0,145.0,5.0,465.0,0.0,0.0,0.0,0.0,0.0,0.0,0.0,0.0,2.0,14.0,5.0,487.0
16.03.2024,17:00,17.0,41.0,10.0,138.0,4.0,129.0,10.0,736.0,0.0,0.0,0.0,0.0,0.0,0.0,0.0,0.0,2.0,30.0,6.0,726.0
16.03.2024,18:00,17.0,41.0,10.0,138.0,3.0,109.0,10.0,821.0,0.0,0.0,0.0,0.0,0.0,0.0,0.0,0.0,17.0,0.0,6.0,741.0
16.03.2024,19:00,2.0,10.0,8.0,108.0,2.0,40.0,8.0,651.0,0.0,0.0,0.0,0.0,0.0,0.0,0.0,0.0,2.0,0.0,6.0,641.0
16.03.2024,20:00,2.0,30.0,5.0,98.0,2.0,20.0,5.0,458.0,0.0,0.0,0.0,0.0,0.0,0.0,0.0,0.0,2.0,0.0,5.0,494.0
16.03.2024,21:00,2.0,30.0,3.0,98.0,2.0,20.0,3.0,343.0,0.0,0.0,0.0,0.0,0.0,0.0,0.0,0.0,2.0,0.0,3.0,309.0
16.03.2024,22:00,2.0,30.0,2.0,98.0,2.0,20.0,2.0,164.0,0.0,0.0,0.0,0.0,0.0,0.0,0.0,0.0,0.0,0.0,2.0,138.0
16.03.2024,23:00,2.0,31.0,2.0,98.0,2.0,69.0,2.0,186.0,0.0,0.0,0.0,0.0,0.0,0.0,0.0,0.0,0.0,0.0,2.0,66.0
17.03.2024,00:00,1.5,0.0,2.5,110.0,1.5,50.0,2.5,108.0,0.0,0.0,0.0,0.0,0.0,0.0,0.0,0.0,1.5,0.0,2.5,82.0
17.03.2024,01:00,1.5,0.0,2.0,120.0,1.5,50.0,2.0,92.0,0.0,0.0,0.0,0.0,0.0,0.0,0.0,0.0,1.5,0.0,2.0,38.0
17.03.2024,02:00,1.5,0.0,2.5,120.0,1.5,50.0,2.5,102.0,0.0,0.0,0.0,0.0,0.0,0.0,0.0,0.0,1.5,0.0,2.5,78.0
17.03.2024,03:00,2.0,0.0,2.5,120.0,2.0,100.0,2.5,118.0,0.0,0.0,0.0,0.0,0.0,0.0,0.0,0.0,2.0,0.0,2.5,62.0
17.03.2024,04:00,2.0,0.0,2.5,120.0,2.0,100.0,2.5,118.0,0.0,0.0,0.0,0.0,0.0,0.0,0.0,0.0,2.0,0.0,2.5,62.0
17.03.2024,05:00,2.0,0.0,2.5,120.0,2.0,100.0,2.5,118.0,0.0,0.0,0.0,0.0,0.0,0.0,0.0,0.0,0.0,0.0,2.5,62.0
17.03.2024,06:00,2.0,0.0,2.0,110.0,2.0,100.0,2.0,186.0,0.0,0.0,0.0,0.0,0.0,0.0,0.0,0.0,2.0,0.0,2.0,62.0
17.03.2024,07:00,17.0,41.0,3.0,80.0,3.0,156.0,3.0,239.0,0.0,0.0,0.0,0.0,0.0,0.0,0.0,0.0,4.0,3.0,3.0,81.0
17.03.2024,08:00,3.5,31.0,4.0,110.0,3.5,189.0,4.0,398.0,0.0,0.0,0.0,0.0,0.0,0.0,0.0,0.0,2.5,39.0,4.0,392.0
17.03.2024,09:00,2.0,0.0,4.0,120.0,2.0,100.0,4.0,428.0,0.0,0.0,0.0,0.0,0.0,0.0,0.0,0.0,0.0,0.0,4.0,452.0
17.03.2024,10:00,2.5,0.0,4.0,120.0,2.5,100.0,4.0,448.0,0.0,0.0,0.0,0.0,0.0,0.0,0.0,0.0,0.0,0.0,4.0,282.0
17.03.2024,11:00,3.0,0.0,4.0,120.0,3.0,150.0,4.0,388.0,0.0,0.0,0.0,0.0,0.0,0.0,0.0,0.0,3.0,0.0,4.0,242.0
17.03.2024,12:00,3.0,0.0,4.0,120.0,3.0,150.0,4.0,388.0,0.0,0.0,0.0,0.0,0.0,0.0,0.0,0.0,3.0,0.0,4.0,192.0
17.03.2024,13:00,3.0,0.0,4.0,120.0,3.0,150.0,4.0,388.0,0.0,0.0,0.0,0.0,0.0,0.0,0.0,0.0,3.0,0.0,4.0,192.0
17.03.2024,14:00,2.5,0.0,4.0,120.0,2.5,100.0,4.0,388.0,0.0,0.0,0.0,0.0,0.0,0.0,0.0,0.0,2.5,0.0,4.0,192.0
17.03.2024,15:00,2.5,0.0,4.0,120.0,2.5,100.0,4.0,354.0,0.0,0.0,0.0,0.0,0.0,0.0,0.0,0.0,0.0,0.0,4.0,226.0
17.03.2024,16:00,5.0,13.0,9.0,120.0,3.0,179.0,9.0,381.0,0.0,0.0,0.0,0.0,0.0,0.0,0.0,0.0,4.0,8.0,8.0,599.0
17.03.2024,17:00,3.0,31.0,17.0,140.0,3.0,169.0,17.0,704.0,0.0,0.0,0.0,0.0,0.0,0.0,0.0,0.0,3.0,0.0,10.0,756.0
17.03.2024,18:00,2.5,31.0,20.5,130.0,2.5,119.0,20.5,814.0,0.0,0.0,0.0,0.0,0.0,0.0,0.0,0.0,2.5,0.0,14.5,756.0
17.03.2024,19:00,1.5,0.0,18.0,130.0,1.5,50.0,18.0,614.0,0.0,0.0,0.0,0.0,0.0,0.0,0.0,0.0,1.5,0.0,10.5,656.0
17.03.2024,20:00,1.5,0.0,11.0,110.0,1.5,50.0,11.0,334.0,0.0,0.0,0.0,0.0,0.0,0.0,0.0,0.0,1.5,0.0,10.0,606.0
17.03.2024,21:00,1.5,0.0,5.0,80.0,1.5,50.0,5.0,246.0,0.0,0.0,0.0,0.0,0.0,0.0,0.0,0.0,1.5,0.0,5.0,424.0
17.03.2024,22:00,2.0,0.0,4.0,80.0,2.0,50.0,4.0,178.0,0.0,0.0,0.0,0.0,0.0,0.0,0.0,0.0,2.0,0.0,3.5,142.0
17.03.2024,23:00,2.0,0.0,3.0,80.0,2.0,100.0,3.0,138.0,0.0,0.0,0.0,0.0,0.0,0.0,0.0,0.0,2.0,0.0,3.0,132.0
18.03.2024,00:00,2.0,0.0,,,2.0,50.0,2.9,110.0,,,0.0,0.0,,,,,0.0,0.0,2.9,112.0
18.03.2024,01:00,2.0,0.0,,,2.0,20.0,2.9,100.0,,,0.0,0.0,,,,,2.0,30.0,2.9,112.0
18.03.2024,02:00,2.0,0.0,,,2.0,20.0,2.9,100.0,,,0.0,0.0,,,,,2.0,30.0,2.9,112.0
18.03.2024,03:00,2.0,0.0,,,2.0,80.0,2.9,100.0,,,0.0,0.0,,,,,2.0,20.0,2.9,112.0
18.03.2024,04:00,2.0,0.0,,,2.0,80.0,2.5,102.0,,,0.0,0.0,,,,,2.0,20.0,2.5,110.0
18.03.2024,05:00,2.0,0.0,,,2.0,100.0,2.0,86.0,,,0.0,0.0,,,,,0.0,0.0,2.0,126.0
18.03.2024,06:00,2.0,0.0,,,2.0,100.0,12.0,236.0,,,0.0,0.0,,,,,0.0,0.0,12.0,439.0
18.03.2024,07:00,2.0,20.0,,,2.0,80.0,45.0,594.0,,,0.4,30.0,,,,,0.0,0.0,30.0,671.0
18.03.2024,08:00,2.5,31.0,,,2.5,119.0,43.0,744.0,,,0.4,30.0,,,,,0.0,0.0,32.5,671.0
18.03.2024,09:00,2.0,0.0,,,2.0,100.0,35.0,619.0,,,3.5,20.0,,,,,2.0,0.0,25.0,696.0
18.03.2024,10:00,2.0,0.0,,,2.0,100.0,25.5,654.0,,,2.0,20.0,,,,,2.0,0.0,20.0,621.0
18.03.2024,11:00,2.0,0.0,,,2.0,100.0,20.0,619.0,,,3.5,20.0,,,,,2.0,0.0,15.0,606.0
18.03.2024,12:00,2.0,0.0,,,2.0,100.0,16.0,524.0,,,2.5,20.0,,,,,0.0,0.0,10.0,501.0
18.03.2024,13:00,2.0,0.0,,,2.0,100.0,14.5,521.0,,,0.4,30.0,,,,,0.0,0.0,8.0,504.0
18.03.2024,14:00,2.0,0.0,,,2.0,100.0,15.0,469.0,,,2.0,20.0,,,,,0.0,0.0,9.0,506.0
18.03.2024,15:00,2.0,0.0,,,2.0,100.0,20.0,514.0,,,3.0,52.0,,,,,0.0,0.0,12.5,511.0
18.03.2024,16:00,5.0,30.0,,,2.5,120.0,22.54,564.0,,,3.0,52.0,,,,,0.0,0.0,17.0,611.0
18.03.2024,17:00,2.5,31.0,,,2.5,119.0,34.0,644.0,,,3.5,20.0,,,,,0.0,0.0,25.0,671.0
18.03.2024,18:00,2.0,20.0,,,2.0,80.0,56.0,604.0,,,0.4,30.0,,,,,0.0,0.0,35.0,611.0
18.03.2024,19:00,2.0,20.0,,,2.0,30.0,52.5,504.0,,,0.4,30.0,,,,,0.0,0.0,25.0,561.0
18.03.2024,20:00,2.0,20.0,,,2.0,30.0,28.29,288.0,,,0.0,0.0,,,,,2.0,0.0,25.0,587.0
18.03.2024,21:00,2.0,20.0,,,2.0,30.0,11.5,196.0,,,0.0,0.0,,,,,0.0,0.0,11.5,261.0
18.03.2024,22:00,2.0,20.0,,,2.0,30.0,5.5,68.0,,,0.0,0.0,,,,,0.0,0.0,5.5,234.0
18.03.2024,23:00,2.0,20.0,,,2.0,30.0,3.0,86.0,,,0.0,0.0,,,,,0.0,0.0,3.0,166.0
19.03.2024,00:00,2.0,0.0,2.0,108.0,2.0,50.0,2.0,25.0,0.0,0.0,0.0,0.0,0.0,0.0,0.0,0.0,0.0,0.0,2.0,217.0
19.03.2024,01:00,2.0,0.0,2.0,108.0,2.0,50.0,2.0,25.0,0.0,0.0,0.0,0.0,0.0,0.0,0.0,0.0,2.0,0.0,2.0,217.0
19.03.2024,02:00,2.0,0.0,2.0,108.0,2.0,50.0,2.0,25.0,0.0,0.0,0.0,0.0,0.0,0.0,0.0,0.0,2.0,0.0,2.0,217.0
19.03.2024,03:00,2.0,0.0,2.0,108.0,2.0,100.0,2.0,25.0,0.0,0.0,0.0,0.0,0.0,0.0,0.0,0.0,2.0,0.0,2.0,217.0
19.03.2024,04:00,2.0,0.0,3.0,108.0,2.0,100.0,3.0,40.0,0.0,0.0,0.0,0.0,0.0,0.0,0.0,0.0,2.0,0.0,3.0,202.0
19.03.2024,05:00,2.0,0.0,5.0,128.0,2.0,100.0,5.0,105.0,0.0,0.0,0.0,0.0,0.0,0.0,0.0,0.0,0.0,0.0,5.0,117.0
19.03.2024,06:00,2.0,0.0,13.0,75.0,2.0,100.0,13.0,353.0,0.0,0.0,0.0,0.0,0.0,0.0,0.0,0.0,0.0,0.0,13.0,322.0
19.03.2024,07:00,2.0,0.0,29.26,85.0,2.0,100.0,29.26,581.0,0.0,0.0,3.0,55.0,0.0,0.0,3.0,0.0,0.0,0.0,25.0,684.0
19.03.2024,08:00,3.0,29.0,33.0,85.0,2.5,121.0,33.0,735.0,0.0,0.0,3.0,55.0,0.0,0.0,3.0,0.0,0.0,0.0,26.0,680.0
19.03.2024,09:00,2.0,0.0,22.72,85.0,2.0,100.0,22.72,636.0,0.0,0.0,3.0,53.0,0.0,0.0,3.0,0.0,0.0,0.0,19.5,679.0
19.03.2024,10:00,2.0,0.0,17.0,75.0,2.0,100.0,17.0,644.0,0.0,0.0,3.0,53.0,0.0,0.0,3.0,0.0,0.0,0.0,14.0,631.0
19.03.2024,11:00,2.0,0.0,14.0,75.0,2.0,100.0,14.0,599.0,0.0,0.0,1.5,20.0,0.0,0.0,1.5,30.0,0.0,0.0,11.5,626.0
19.03.2024,12:00,2.0,0.0,9.5,75.0,2.0,100.0,9.5,499.0,0.0,0.0,1.5,20.0,0.0,0.0,1.5,30.0,0.0,0.0,8.0,526.0
19.03.2024,13:00,2.0,0.0,11.0,75.0,2.0,100.0,11.0,499.0,0.0,0.0,0.4,30.0,0.0,0.0,0.4,30.0,0.0,0.0,9.5,526.0
19.03.2024,14:00,2.0,0.0,11.0,75.0,2.0,100.0,11.0,458.0,0.0,0.0,1.5,20.0,0.0,0.0,1.5,30.0,2.0,0.0,9.5,517.0
19.03.2024,15:00,2.0,0.0,16.0,75.0,2.0,100.0,16.0,500.0,0.0,0.0,2.5,20.0,0.0,0.0,2.5,30.0,0.0,0.0,12.5,525.0
19.03.2024,16:00,3.0,25.0,17.5,75.0,2.5,125.0,17.5,553.0,0.0,0.0,3.0,47.0,0.0,0.0,0.25,30.0,0.0,0.0,16.0,622.0
19.03.2024,17:00,3.0,31.0,33.0,85.0,2.5,119.0,33.0,605.0,0.0,0.0,3.0,54.0,0.0,0.0,3.0,0.0,0.0,0.0,27.0,710.0
19.03.2024,18:00,2.0,0.0,27.5,85.0,2.0,100.0,27.5,546.0,0.0,0.0,3.0,55.0,0.0,0.0,3.0,0.0,2.0,0.0,24.0,669.0
19.03.2024,19:00,1.5,0.0,29.5,85.0,1.5,50.0,29.5,454.0,0.0,0.0,3.0,55.0,0.0,0.0,3.0,0.0,1.5,0.0,27.5,611.0
19.03.2024,20:00,1.5,0.0,18.5,75.0,1.5,50.0,18.5,408.0,0.0,0.0,0.0,0.0,0.0,0.0,0.0,0.0,1.5,0.0,18.5,467.0
19.03.2024,21:00,2.0,0.0,10.0,143.0,2.0,50.0,10.0,206.0,0.0,0.0,0.0,0.0,0.0,0.0,0.0,0.0,0.0,0.0,10.0,251.0
19.03.2024,22:00,2.0,0.0,6.5,143.0,2.0,50.0,6.5,161.0,0.0,0.0,0.0,0.0,0.0,0.0,0.0,0.0,0.0,0.0,6.5,96.0
19.03.2024,23:00,2.0,0.0,4.0,108.0,2.0,50.0,4.0,106.0,0.0,0.0,0.0,0.0,0.0,0.0,0.0,0.0,0.0,0.0,4.0,136.0
10.05.2024,00:00,3.0,279.0,3.0,170.0,3.0,151.0,3.0,190.0,8.0,158.0,2.99,110.0,8.0,41.0,2.5,90.0,2.0,20.0,3.0,290.0
10.05.2024,01:00,5.0,279.0,2.0,155.0,5.0,251.0,2.0,47.0,8.0,159.0,2.99,110.0,8.0,41.0,2.5,90.0,2.0,20.0,2.0,98.0
10.05.2024,02:00,5.0,279.0,2.0,155.0,5.0,351.0,2.0,47.0,8.0,159.0,3.0,70.0,8.0,41.0,3.0,130.0,2.0,20.0,2.0,98.0
10.05.2024,03:00,5.0,279.0,2.0,155.0,5.0,351.0,2.0,22.0,8.0,159.0,3.0,65.0,8.0,41.0,3.0,135.0,2.0,20.0,2.0,123.0
10.05.2024,04:00,5.0,279.0,2.0,155.0,5.0,301.0,2.0,22.0,0.0,0.0,2.99,110.0,0.0,0.0,2.5,90.0,2.0,20.0,2.0,123.0
10.05.2024,05:00,5.3,279.0,6.0,175.0,5.3,251.0,6.0,304.0,0.0,0.0,5.9,160.0,0.0,0.0,2.5,90.0,2.0,20.0,3.0,321.0
10.05.2024,06:00,3.0,279.0,20.1,175.0,3.0,110.0,20.1,954.0,0.0,0.0,17.9,314.0,0.0,0.0,2.5,90.0,2.0,11.0,8.5,721.0
10.05.2024,07:00,2.0,250.0,13.5,175.0,0.0,0.0,30.43,1300.0,0.0,0.0,15.0,320.0,0.0,0.0,15.0,180.0,0.0,0.0,13.5,875.0
10.05.2024,08:00,2.0,240.0,23.53,175.0,2.0,10.0,23.53,1280.0,0.0,0.0,15.0,270.0,0.0,0.0,15.0,180.0,0.0,0.0,23.53,895.0
10.05.2024,09:00,2.0,240.0,13.0,175.0,2.0,10.0,13.0,1205.0,0.0,0.0,15.0,278.0,0.0,0.0,15.0,185.0,0.0,0.0,13.0,820.0
10.05.2024,10:00,2.0,185.0,9.5,175.0,2.0,65.0,9.5,1095.0,0.0,0.0,19.9,278.0,0.0,0.0,3.5,185.0,0.0,0.0,9.5,680.0
10.05.2024,11:00,6.0,213.0,8.0,175.0,6.0,137.0,8.0,871.0,0.0,0.0,19.9,280.0,0.0,0.0,19.9,170.0,0.0,0.0,8.0,604.0
10.05.2024,12:00,16.99,264.0,5.0,155.0,16.99,386.0,5.0,745.0,0.0,0.0,19.9,260.0,0.0,0.0,4.5,190.0,0.0,0.0,8.0,600.0
10.05.2024,13:00,49.0,279.0,5.0,155.0,33.0,532.0,5.0,484.0,0.0,0.0,19.9,262.0,0.0,0.0,19.9,188.0,49.0,189.0,5.0,461.0
10.05.2024,14:00,41.0,279.0,5.0,155.0,41.0,602.0,5.0,355.0,0.0,0.0,19.9,278.0,0.0,0.0,3.5,180.0,43.0,219.0,5.0,440.0
10.05.2024,15:00,18.5,279.0,4.5,155.0,18.5,371.0,4.5,318.0,0.0,0.0,19.9,265.0,0.0,0.0,19.9,185.0,3.0,100.0,4.5,377.0
10.05.2024,16:00,2.0,250.0,5.0,170.0,2.0,0.0,5.0,503.0,0.0,0.0,19.9,278.0,0.0,0.0,3.5,185.0,0.0,0.0,5.0,377.0
10.05.2024,17:00,2.0,190.0,8.0,175.0,2.0,10.0,8.0,626.0,0.0,0.0,19.9,284.0,0.0,0.0,19.9,166.0,0.0,0.0,8.0,599.0
10.05.2024,18:00,2.0,190.0,16.5,175.0,2.0,10.0,16.5,1068.0,0.0,0.0,17.9,276.0,0.0,0.0,17.9,224.0,0.0,0.0,16.5,757.0
10.05.2024,19:00,4.0,279.0,19.38,175.0,4.0,21.0,19.38,1279.0,0.0,0.0,20.73,270.0,0.0,0.0,20.73,230.0,0.0,0.0,19.38,796.0
10.05.2024,20:00,4.0,279.0,19.38,175.0,4.0,21.0,19.38,1279.0,6.0,50.0,20.73,264.0,0.0,0.0,20.73,236.0,0.0,0.0,19.38,746.0
10.05.2024,21:00,4.0,279.0,18.0,175.0,4.0,21.0,18.0,1279.0,4.0,110.0,15.0,261.0,4.0,41.0,15.0,239.0,0.0,0.0,18.0,746.0
10.05.2024,22:00,4.0,279.0,13.06,175.0,4.0,21.0,13.06,1179.0,5.0,209.0,15.03,246.0,5.0,41.0,6.0,204.0,0.0,0.0,13.06,696.0
10.05.2024,23:00,4.0,279.0,11.0,170.0,4.0,71.0,11.0,779.0,6.5,317.0,15.03,141.0,6.5,41.0,6.0,209.0,0.0,0.0,11.0,451.0
11.05.2024,00:00,5.5,337.0,2.0,155.0,5.5,263.0,2.0,47.0,2.5,10.0,2.99,70.0,2.5,40.0,2.99,30.0,0.0,0.0,2.0,48.0
11.05.2024,01:00,9.5,337.0,2.0,155.0,9.5,393.0,2.0,25.0,2.5,10.0,0.0,0.0,2.5,40.0,0.0,0.0,2.0,20.0,2.0,70.0
11.05.2024,02:00,14.5,337.0,2.0,155.0,14.5,593.0,2.0,25.0,2.5,10.0,0.0,0.0,2.5,40.0,0.0,0.0,2.0,70.0,2.0,70.0
11.05.2024,03:00,14.5,337.0,2.0,155.0,14.5,593.0,2.0,25.0,3.74,60.0,0.0,0.0,3.74,40.0,0.0,0.0,2.99,120.0,2.0,70.0
11.05.2024,04:00,11.5,337.0,2.0,155.0,11.5,493.0,2.0,25.0,3.0,50.0,0.0,0.0,3.0,0.0,0.0,0.0,2.99,120.0,2.0,70.0
11.05.2024,05:00,13.0,337.0,2.0,155.0,13.0,513.0,2.0,0.0,0.0,0.0,2.0,20.0,0.0,0.0,2.0,30.0,2.5,100.0,2.0,95.0
11.05.2024,06:00,13.0,337.0,2.0,155.0,13.0,513.0,2.0,20.0,0.0,0.0,3.0,90.0,0.0,0.0,3.0,60.0,2.0,50.0,2.0,175.0
11.05.2024,07:00,7.5,337.0,2.0,155.0,7.5,313.0,2.0,22.0,0.0,0.0,3.0,140.0,0.0,0.0,3.0,60.0,2.0,50.0,2.0,173.0
11.05.2024,08:00,5.0,337.0,2.0,155.0,5.0,313.0,2.0,42.0,0.0,0.0,3.0,140.0,0.0,0.0,2.0,60.0,2.0,50.0,2.0,153.0
11.05.2024,09:00,5.0,337.0,2.0,148.0,5.0,313.0,2.0,42.0,0.0,0.0,3.0,140.0,0.0,0.0,2.0,60.0,3.5,200.0,2.0,10.0
11.05.2024,10:00,6.5,337.0,2.0,103.0,6.5,378.0,2.0,22.0,4.5,100.0,8.0,140.0,4.5,0.0,2.0,60.0,6.5,185.0,2.0,25.0
11.05.2024,11:00,26.0,337.0,2.0,150.0,26.0,528.0,2.0,0.0,7.0,150.0,3.0,90.0,7.0,0.0,3.0,60.0,26.0,235.0,2.0,0.0
11.05.2024,12:00,46.0,337.0,2.0,150.0,35.27,620.0,2.0,0.0,15.0,260.0,3.0,80.0,15.0,40.0,3.0,70.0,46.0,243.0,2.0,0.0
11.05.2024,13:00,58.5,337.0,2.0,150.0,58.5,686.0,2.0,0.0,22.5,312.0,9.0,35.0,22.5,40.0,3.0,115.0,58.5,277.0,2.0,0.0
11.05.2024,14:00,59.0,337.0,2.0,155.0,59.0,678.0,2.0,0.0,24.0,362.0,9.0,75.0,24.0,40.0,3.0,75.0,59.0,285.0,2.0,45.0
11.05.2024,15:00,35.0,337.0,2.0,155.0,34.95,578.0,2.0,0.0,14.0,260.0,8.0,120.0,14.0,40.0,8.0,30.0,35.0,235.0,2.0,45.0
11.05.2024,16:00,7.5,337.0,2.0,155.0,7.5,317.0,0.0,0.0,7.0,210.0,3.48,90.0,7.0,40.0,3.48,60.0,7.5,146.0,2.0,95.0
11.05.2024,17:00,5.0,337.0,2.0,155.0,5.0,193.0,2.0,22.0,0.0,0.0,4.0,210.0,0.0,0.0,4.0,90.0,5.0,120.0,2.0,73.0
11.05.2024,18:00,2.0,286.0,2.0,155.0,2.0,14.0,2.0,42.0,0.0,0.0,5.5,249.0,0.0,0.0,5.5,151.0,2.0,0.0,2.0,203.0
11.05.2024,19:00,2.0,236.0,5.0,155.0,2.0,14.0,5.0,405.0,0.0,0.0,3.98,238.0,0.0,0.0,3.5,212.0,2.0,0.0,5.0,440.0
11.05.2024,20:00,2.0,236.0,7.0,155.0,2.0,14.0,7.0,654.0,0.0,0.0,3.99,226.0,0.0,0.0,3.5,224.0,2.0,0.0,5.0,491.0
11.05.2024,21:00,2.0,286.0,5.0,155.0,2.0,14.0,7.0,679.0,0.0,0.0,4.0,261.0,0.0,0.0,4.0,139.0,2.0,0.0,5.0,516.0
11.05.2024,22:00,2.0,336.0,4.0,155.0,2.0,14.0,5.5,568.0,2.5,50.0,4.0,248.0,2.5,0.0,5.5,152.0,2.0,0.0,4.0,477.0
11.05.2024,23:00,2.0,336.0,2.0,155.0,2.0,14.0,5.0,386.0,7.0,260.0,4.0,160.0,7.0,40.0,4.0,90.0,2.0,0.0,2.0,209.0
